[{"id":42413,"action":{"type":"block"},"condition":{"urlFilter":"-baneris-"},"priority":1},{"id":42433,"action":{"type":"block"},"condition":{"urlFilter":".altero-banner-2_top"},"priority":1},{"id":42464,"action":{"type":"block"},"condition":{"urlFilter":"/baneriai^","excludedInitiatorDomains":["pigubeakcijos.lt"]},"priority":2},{"id":42522,"action":{"type":"block"},"condition":{"urlFilter":"/baneris."},"priority":1},{"id":42542,"action":{"type":"block"},"condition":{"urlFilter":"/baneris_"},"priority":1},{"id":42562,"action":{"type":"block"},"condition":{"urlFilter":"/baneriukai/*"},"priority":1},{"id":42586,"action":{"type":"block"},"condition":{"urlFilter":"/baneriukas/*"},"priority":1},{"id":42610,"action":{"type":"block"},"condition":{"urlFilter":"/PopBox.js"},"priority":1},{"id":42631,"action":{"type":"block"},"condition":{"urlFilter":"/skydeliai/*"},"priority":1},{"id":42654,"action":{"type":"block"},"condition":{"urlFilter":".lt/images/banners^","excludedInitiatorDomains":["procolor.lt","rde.lt"]},"priority":2},{"id":42724,"action":{"type":"block"},"condition":{"urlFilter":".lt/reklamos^"},"priority":1},{"id":42748,"action":{"type":"block"},"condition":{"urlFilter":".lt/banners^","excludedInitiatorDomains":["barbora.lt"]},"priority":2},{"id":42802,"action":{"type":"block"},"condition":{"urlFilter":".lt/uploads/banners^"},"priority":1},{"id":42833,"action":{"type":"block"},"condition":{"urlFilter":".lt/banner^"},"priority":1},{"id":42855,"action":{"type":"block"},"condition":{"urlFilter":".lt/resources/_banners^"},"priority":1},{"id":42889,"action":{"type":"block"},"condition":{"urlFilter":"||adart.hostin.lt^","domainType":"thirdParty"},"priority":2},{"id":42933,"action":{"type":"block"},"condition":{"urlFilter":"||adbox.lt^","domainType":"thirdParty"},"priority":2},{"id":42970,"action":{"type":"block"},"condition":{"urlFilter":"||adclick.lt^","domainType":"thirdParty"},"priority":2},{"id":43009,"action":{"type":"block"},"condition":{"urlFilter":"||adsplius.lt^","domainType":"thirdParty"},"priority":2},{"id":43049,"action":{"type":"block"},"condition":{"urlFilter":"||adverum.lt^","domainType":"thirdParty"},"priority":2},{"id":43088,"action":{"type":"block"},"condition":{"urlFilter":"||aleja.lt^","domainType":"thirdParty"},"priority":2},{"id":43125,"action":{"type":"block"},"condition":{"urlFilter":"||banners.igloro.info^"},"priority":1},{"id":43158,"action":{"type":"block"},"condition":{"urlFilter":"||bms.creativepartner.lt^"},"priority":1},{"id":43194,"action":{"type":"block"},"condition":{"urlFilter":"||peacto.com^","initiatorDomains":["filmux.to"]},"priority":201},{"id":43247,"action":{"type":"block"},"condition":{"urlFilter":"*","initiatorDomains":["filmux.to"],"resourceTypes":["main_frame"]},"priority":201},{"id":43297,"action":{"type":"block"},"condition":{"urlFilter":"||prod.one.lt^"},"priority":1},{"id":43322,"action":{"type":"block"},"condition":{"urlFilter":"||trackers.adtarget.me^"},"priority":1},{"id":43356,"action":{"type":"block"},"condition":{"urlFilter":"||darnipora.lt^","domainType":"thirdParty"},"priority":2},{"id":43397,"action":{"type":"block"},"condition":{"urlFilter":"||keliones.lt^","domainType":"thirdParty"},"priority":2},{"id":43437,"action":{"type":"block"},"condition":{"urlFilter":"||top100.lt^","domainType":"thirdParty"},"priority":2},{"id":43475,"action":{"type":"block"},"condition":{"urlFilter":"||on-line.lt^","domainType":"thirdParty"},"priority":2},{"id":43514,"action":{"type":"block"},"condition":{"urlFilter":"||plius.lt^","domainType":"thirdParty","excludedInitiatorDomains":["domoplius.lt"]},"priority":3},{"id":43578,"action":{"type":"block"},"condition":{"urlFilter":"||rkl.draugas.lt^"},"priority":1},{"id":43606,"action":{"type":"block"},"condition":{"urlFilter":"||komi.lt^","domainType":"thirdParty"},"priority":2},{"id":43642,"action":{"type":"block"},"condition":{"urlFilter":"://ad.admitad.com^","domainType":"thirdParty"},"priority":2},{"id":43686,"action":{"type":"block"},"condition":{"urlFilter":"||ads.vmedija.lt^","domainType":"thirdParty"},"priority":2},{"id":43729,"action":{"type":"block"},"condition":{"urlFilter":"||ads.one.lt^","domainType":"thirdParty"},"priority":2},{"id":43893,"action":{"type":"block"},"condition":{"urlFilter":"||r-scale-fb.static.go3.tv^"},"priority":1},{"id":43931,"action":{"type":"block"},"condition":{"urlFilter":"||freewheel-mtgx-tv.akamaized.net^","initiatorDomains":["tv3.lt"]},"priority":201},{"id":44002,"action":{"type":"block"},"condition":{"urlFilter":"/script/suv4.js"},"priority":1},{"id":44062,"action":{"type":"block"},"condition":{"urlFilter":"||skpiramide.lt^"},"priority":1},{"id":44089,"action":{"type":"block"},"condition":{"urlFilter":"||revive.imones.lt^","domainType":"thirdParty"},"priority":2},{"id":44134,"action":{"type":"block"},"condition":{"urlFilter":"||banners.adnetmedia.lt^","domainType":"thirdParty"},"priority":2},{"id":44184,"action":{"type":"block"},"condition":{"urlFilter":"||static.grupinis.lt^","domainType":"thirdParty"},"priority":2},{"id":44231,"action":{"type":"block"},"condition":{"urlFilter":"||topsport.lt^","domainType":"thirdParty","resourceTypes":["main_frame"]},"priority":2},{"id":44280,"action":{"type":"block"},"condition":{"urlFilter":"||skaitliukas.eu^","domainType":"thirdParty"},"priority":2},{"id":44323,"action":{"type":"block"},"condition":{"urlFilter":"/reklamjuostes^","resourceTypes":["image"]},"priority":101},{"id":44364,"action":{"type":"block"},"condition":{"urlFilter":"||core.dimatter.ai^"},"priority":1},{"id":45719,"action":{"type":"redirect","redirect":{"extensionPath":"/web-accessible-resources/redirects/noopmp3.mp3"}},"condition":{"urlFilter":"||161.97.106.129/info.mp4","domainType":"firstParty","resourceTypes":["media"]},"priority":1102},{"id":46170,"action":{"type":"block"},"condition":{"urlFilter":"/images/banners/*","initiatorDomains":["dumblas.com","onlyoffice.com","viskasvestuvems.eu"]},"priority":135},{"id":46263,"action":{"type":"block"},"condition":{"urlFilter":"/lt/davise/*","initiatorDomains":["torrent.ai","torrent.lt"]},"priority":151},{"id":46327,"action":{"type":"block"},"condition":{"urlFilter":"/out_data/banners/*","initiatorDomains":["ekstremalas.lt","samata.lt"]},"priority":151},{"id":46401,"action":{"type":"block"},"condition":{"urlFilter":".lt/infoblocks","initiatorDomains":["autoplius.lt","cvmarket.lt"]},"priority":151},{"id":46470,"action":{"type":"block"},"condition":{"urlFilter":".lt/static/images/banner"},"priority":1},{"id":46505,"action":{"type":"block"},"condition":{"urlFilter":".lt/uploads/img/banners/","initiatorDomains":["medguru.lt","sveikas.lt"]},"priority":151},{"id":46581,"action":{"type":"block"},"condition":{"urlFilter":"/ads.php","initiatorDomains":["bigbolz.com","iwant.lt"]},"priority":151},{"id":46640,"action":{"type":"block"},"condition":{"urlFilter":"/banner-job-ads^","initiatorDomains":["www.15min.lt"]},"priority":201},{"id":46699,"action":{"type":"block"},"condition":{"urlFilter":"/EMP_sugedo_210x105.gif^","initiatorDomains":["emp.lt","viko.lt"]},"priority":151},{"id":46768,"action":{"type":"block"},"condition":{"urlFilter":"/images/texts/*","initiatorDomains":["miskobirza.lt"],"resourceTypes":["image"]},"priority":301},{"id":46836,"action":{"type":"block"},"condition":{"urlFilter":"/newsfeed/?p=","initiatorDomains":["tavovaikas.lt","delfi.lt"]},"priority":151},{"id":46902,"action":{"type":"block"},"condition":{"urlFilter":"/newsfeed_v2/?p=","initiatorDomains":["manonamai.lt","perpasauli.lt"]},"priority":151},{"id":46975,"action":{"type":"block"},"condition":{"urlFilter":"/oc-content/themes^","initiatorDomains":["suvalkai.lt"]},"priority":201},{"id":47036,"action":{"type":"block"},"condition":{"urlFilter":"images/banners/","initiatorDomains":["marijosradijas.lt"],"resourceTypes":["image"]},"priority":301},{"id":47108,"action":{"type":"block"},"condition":{"urlFilter":"pakalne.lt/wp-content/uploads/","domainType":"firstParty","resourceTypes":["image"]},"priority":102},{"id":47173,"action":{"type":"block"},"condition":{"urlFilter":"pav/","initiatorDomains":["orai.biz"],"resourceTypes":["image"]},"priority":301},{"id":47225,"action":{"type":"block"},"condition":{"urlFilter":"uploads/images/","initiatorDomains":["gyvenimoguru.lt"],"resourceTypes":["image"]},"priority":301},{"id":47295,"action":{"type":"block"},"condition":{"urlFilter":"||1551.lt/images/banner"},"priority":1},{"id":47329,"action":{"type":"block"},"condition":{"urlFilter":"||15min.lt/*_300x400-","resourceTypes":["image"]},"priority":101},{"id":47376,"action":{"type":"block"},"condition":{"urlFilter":"||15min.lt/*_300x400px-*.jpg^","resourceTypes":["image"]},"priority":101},{"id":47431,"action":{"type":"block"},"condition":{"urlFilter":"||15min.lt/*_baneriai_*.jpg^","resourceTypes":["image"]},"priority":101},{"id":47485,"action":{"type":"block"},"condition":{"urlFilter":"||15min.lt/static/*/200x300_*.jpg^","resourceTypes":["image"]},"priority":101},{"id":47545,"action":{"type":"block"},"condition":{"urlFilter":"||15min.lt/static/*/300x400-*.jpg^","resourceTypes":["image"]},"priority":101},{"id":47605,"action":{"type":"block"},"condition":{"urlFilter":"||15min.lt/static/cache/*-adblock-banner-*.jpg^","resourceTypes":["image"]},"priority":101},{"id":47678,"action":{"type":"block"},"condition":{"urlFilter":"||15minlt.adocean.pl/files/x/*.mp4"},"priority":1},{"id":47723,"action":{"type":"block"},"condition":{"urlFilter":"||alio.lt/infoblock1200x250a.html"},"priority":1},{"id":47767,"action":{"type":"block"},"condition":{"urlFilter":"||alio.lt/positionPages"},"priority":1},{"id":47801,"action":{"type":"block"},"condition":{"urlFilter":"||alio.lt/posPages.html?position=Titulinis_Carusele_"},"priority":1},{"id":47864,"action":{"type":"block"},"condition":{"urlFilter":"||alytausgidas.lt/media/_banners/"},"priority":1},{"id":47908,"action":{"type":"block"},"condition":{"urlFilter":"||aktualu.com/pop.js","domainType":"firstParty","resourceTypes":["script"]},"priority":102},{"id":47963,"action":{"type":"block"},"condition":{"urlFilter":"||apievestuves.lt/m/ads"},"priority":1},{"id":47997,"action":{"type":"block"},"condition":{"urlFilter":"||audifanai.com/images/bap.jpg"},"priority":1},{"id":48038,"action":{"type":"block"},"condition":{"urlFilter":"||audifanai.com/images/draugai/"},"priority":1},{"id":48080,"action":{"type":"block"},"condition":{"urlFilter":"||aukse.ucoz.com/8ea7f19510a7.gif"},"priority":1},{"id":48124,"action":{"type":"block"},"condition":{"urlFilter":"||aukse.ucoz.com/aurelialogo.jpg"},"priority":1},{"id":48167,"action":{"type":"block"},"condition":{"urlFilter":"||aukse.ucoz.com/editalogo.jpg"},"priority":1},{"id":48208,"action":{"type":"block"},"condition":{"urlFilter":"||aukse.ucoz.com/lilijos_logo.jpg"},"priority":1},{"id":48252,"action":{"type":"block"},"condition":{"urlFilter":"||aukse.ucoz.com/sokiu_bunkeris.png"},"priority":1},{"id":48298,"action":{"type":"block"},"condition":{"urlFilter":"||auto-loads.lt/media/uploads/banners/"},"priority":1},{"id":48347,"action":{"type":"block"},"condition":{"urlFilter":"||autobilis.lt/assets/images/lizingas.jpg"},"priority":1},{"id":48399,"action":{"type":"block"},"condition":{"urlFilter":"||autoplius-static.dgn.lt/static/images/desktop/placement/Luminor/luminor_ap_2048.jpg"},"priority":1},{"id":48495,"action":{"type":"block"},"condition":{"urlFilter":"||b.inbox.lt/b/"},"priority":1},{"id":48521,"action":{"type":"block"},"condition":{"urlFilter":"||basketnews.lt/config/basketnews.lt/files/3/2323.gif"},"priority":1},{"id":48585,"action":{"type":"block"},"condition":{"urlFilter":"||basketnews.lt/config/basketnews.lt/themes/ads_"},"priority":1},{"id":48644,"action":{"type":"block"},"condition":{"urlFilter":"||basketnews.lt/config/basketnews.lt/themes/banners/olybet_"},"priority":1},{"id":48714,"action":{"type":"block"},"condition":{"urlFilter":"||basketzone.lt/images/stories/wfotkes/musu_statymai.jpg"},"priority":1},{"id":48781,"action":{"type":"block"},"condition":{"urlFilter":"||basketzone.lt/images/stories/wfotkes/statymai_blue_500x60.gif"},"priority":1},{"id":48855,"action":{"type":"block"},"condition":{"urlFilter":"||basset-hound.lt/uploads/basset_banner.gif"},"priority":1},{"id":48909,"action":{"type":"block"},"condition":{"urlFilter":"||beligu.lt/images/longavit.jpg"},"priority":1},{"id":48951,"action":{"type":"block"},"condition":{"urlFilter":"||bigbenas.lt/wp-content/uploads/2017/03/banner-1.jpg"},"priority":1},{"id":49015,"action":{"type":"block"},"condition":{"urlFilter":"||bigbenas.lt/wp-content/uploads/2017/10/study-in-london-1024x189-px.gif"},"priority":1},{"id":49098,"action":{"type":"block"},"condition":{"urlFilter":"||ccg.lv/ads/"},"priority":1},{"id":49122,"action":{"type":"block"},"condition":{"urlFilter":"||ccic.lt/get.php?i."},"priority":1},{"id":49153,"action":{"type":"block"},"condition":{"urlFilter":"||cdn.gsmarena.com/vv/assets8/js/"},"priority":1},{"id":49197,"action":{"type":"block"},"condition":{"urlFilter":"||church.lt/t/files/u5/kiekvienamstudentui.gif"},"priority":1},{"id":49254,"action":{"type":"block"},"condition":{"urlFilter":"||church.lt/t/files/u5/rlc_banner1.gif"},"priority":1},{"id":49303,"action":{"type":"block"},"condition":{"urlFilter":"||credit24.lt/paskolos.html?transid="},"priority":1},{"id":49350,"action":{"type":"block"},"condition":{"urlFilter":"||cvzona.lt/dienaLT_adv.php"},"priority":1},{"id":49388,"action":{"type":"block"},"condition":{"urlFilter":"||dazasvydis.lt/images/laz_ban.gif"},"priority":1},{"id":49433,"action":{"type":"block"},"condition":{"urlFilter":"||dazasvydis.lt/images/lazertag_ban-ani.gif"},"priority":1},{"id":49487,"action":{"type":"block"},"condition":{"urlFilter":"||delfi.lt/apps/banners"},"priority":1},{"id":49521,"action":{"type":"block"},"condition":{"urlFilter":"||delfi.lt/b?region="},"priority":1},{"id":49552,"action":{"type":"block"},"condition":{"urlFilter":"||delfi.lt/c/ib/"},"priority":1},{"id":49579,"action":{"type":"block"},"condition":{"urlFilter":"||delfi.lt/files/*.mp4"},"priority":1},{"id":49612,"action":{"type":"block"},"condition":{"urlFilter":"||delfi.lt/misc/ebooks.php"},"priority":1},{"id":49649,"action":{"type":"block"},"condition":{"urlFilter":"||delfi.lt/misc/export/aovp.php"},"priority":1},{"id":49691,"action":{"type":"block"},"condition":{"urlFilter":"||delfi.lt/video/sporto-tv/widgets/250px/"},"priority":1},{"id":49743,"action":{"type":"block"},"condition":{"urlFilter":"||delfi.lt/video/sporto-tv/widgets/728px/images/hermis.jpg"},"priority":1},{"id":49812,"action":{"type":"block"},"condition":{"urlFilter":"||dcdn.lt/images/hntis/","initiatorDomains":["delfi.lt"]},"priority":201},{"id":49874,"action":{"type":"block"},"condition":{"urlFilter":"||depiliacija.eu/wp-content/uploads/2011/12/fotoepiliacija-namuose.png"},"priority":1},{"id":49955,"action":{"type":"block"},"condition":{"urlFilter":"||depiliacija.eu/wp-content/uploads/2012/06/fotoepiliatorius-silkn-flashngo.png"},"priority":1},{"id":50045,"action":{"type":"block"},"condition":{"urlFilter":"||depiliacija.eu/wp-content/uploads/2013/09/HF-depiliacija-baneris180x500.jpg"},"priority":1},{"id":50133,"action":{"type":"block"},"condition":{"urlFilter":"||dgn.lt/static/5/paskolos-v2.html"},"priority":1},{"id":50178,"action":{"type":"block"},"condition":{"urlFilter":"||dgn.lt/static/nqs/5/banner"},"priority":1},{"id":50217,"action":{"type":"block"},"condition":{"urlFilter":"||dgn.lt^","initiatorDomains":["15min.lt"]},"priority":201},{"id":50265,"action":{"type":"block"},"condition":{"urlFilter":"||diena.lt/sites/default/files/forma/cikaga.gif"},"priority":1},{"id":50323,"action":{"type":"block"},"condition":{"urlFilter":"||diena.lt/sites/default/files/forma/izel-3.gif"},"priority":1},{"id":50381,"action":{"type":"block"},"condition":{"urlFilter":"||diena.lt/sites/default/files/Vilniausdiena/Vartotoju%20zona/diena_admin/giberta_darbo_0.jpg"},"priority":1},{"id":50485,"action":{"type":"block"},"condition":{"urlFilter":"||diena.lt/sites/default/files/Vilniausdiena/Vartotoju%20zona/diena_admin/giberta_darbo_1.jpg"},"priority":1},{"id":50589,"action":{"type":"block"},"condition":{"urlFilter":"||dienosakcijos.lt/static/banners/"},"priority":1},{"id":50634,"action":{"type":"block"},"condition":{"urlFilter":"||donoryste.eu/pictures/banner_"},"priority":1},{"id":50676,"action":{"type":"block"},"condition":{"urlFilter":"||dratas.lt/wp-content/uploads/house-fb2.jpg"},"priority":1},{"id":50731,"action":{"type":"block"},"condition":{"urlFilter":"||drauge.org/pilnas/pv140x180.jpg"},"priority":1},{"id":50775,"action":{"type":"block"},"condition":{"urlFilter":"||drauge.org/pilnas/pv200x150.jpg"},"priority":1},{"id":50819,"action":{"type":"block"},"condition":{"urlFilter":"||drauge.org/pilnas/pvgen_promo.jpg"},"priority":1},{"id":50865,"action":{"type":"block"},"condition":{"urlFilter":"||dykai.eu/fun/content/2014/01/08/video-chatas-juodame.jpg"},"priority":1},{"id":50934,"action":{"type":"block"},"condition":{"urlFilter":"||ecoland.lt/modules/sotewsadds/files/Right"},"priority":1},{"id":50988,"action":{"type":"block"},"condition":{"urlFilter":"||elektromarkt.lt/out/pictures/promo/"},"priority":1},{"id":51036,"action":{"type":"block"},"condition":{"urlFilter":"||elektromarkt.lt/assets/img/marketing/940x450/","domainType":"firstParty","resourceTypes":["image"]},"priority":102},{"id":51118,"action":{"type":"block"},"condition":{"urlFilter":"||empire.dykai.eu/logo_empire.jpg"},"priority":1},{"id":51162,"action":{"type":"block"},"condition":{"urlFilter":"||eurobasket.lt/images/statymai3.jpg"},"priority":1},{"id":51209,"action":{"type":"block"},"condition":{"urlFilter":"||eurobasket.lt/images/toshow/1000x200.jpg"},"priority":1},{"id":51262,"action":{"type":"block"},"condition":{"urlFilter":"||europoszemelapis.lt/dedikuoti-nuolaida150.jpg"},"priority":1},{"id":51320,"action":{"type":"block"},"condition":{"urlFilter":"||europoszemelapis.lt/serveriai-nuolaida150.jpg"},"priority":1},{"id":51378,"action":{"type":"block"},"condition":{"urlFilter":"||fanpagelistbuilder.net/pagetab/app_coupon/scriptindex.php?pageid="},"priority":1},{"id":51456,"action":{"type":"block"},"condition":{"urlFilter":"||farm4.static.flickr.com/3512/3178137982_2d1f1d4ff1_o.gif"},"priority":1},{"id":51525,"action":{"type":"block"},"condition":{"urlFilter":"||filosofija.info/wp-content/uploads/2013/11/praktine-filosofija.gif"},"priority":1},{"id":51604,"action":{"type":"block"},"condition":{"urlFilter":"||fm99.lt/wp-content/banners/"},"priority":1},{"id":51644,"action":{"type":"block"},"condition":{"urlFilter":"||fm99.lt/wp-content/uploads/2014/03/slider_blues_konkurs_dlugi_logo_ang.jpg"},"priority":1},{"id":51731,"action":{"type":"block"},"condition":{"urlFilter":"||fotofaze.lt/img/dezavu.jpg"},"priority":1},{"id":51770,"action":{"type":"block"},"condition":{"urlFilter":"||fotofaze.lt/img/fotonaras.png"},"priority":1},{"id":51812,"action":{"type":"block"},"condition":{"urlFilter":"||fotofaze.lt/img/musu-vestuves.jpg"},"priority":1},{"id":51858,"action":{"type":"block"},"condition":{"urlFilter":"||fotofaze.lt/img/procentras.png"},"priority":1},{"id":51901,"action":{"type":"block"},"condition":{"urlFilter":"||fotofaze.lt/img/vestuveskitaip.jpg"},"priority":1},{"id":51948,"action":{"type":"block"},"condition":{"urlFilter":"||fotofaze.lt/img/zzet.jpg"},"priority":1},{"id":51985,"action":{"type":"block"},"condition":{"urlFilter":"||games.lt/i/banners/"},"priority":1},{"id":52017,"action":{"type":"block"},"condition":{"urlFilter":"||games4you.lt/img/game1.gif"},"priority":1},{"id":52056,"action":{"type":"block"},"condition":{"urlFilter":"||games4you.lt/img/game2.gif"},"priority":1},{"id":52095,"action":{"type":"block"},"condition":{"urlFilter":"||geliukrautuvele.lt/images/vestuviu_atributika.png"},"priority":1},{"id":52157,"action":{"type":"block"},"condition":{"urlFilter":"||geopolitika.lt/img/ban/"},"priority":1},{"id":52193,"action":{"type":"block"},"condition":{"urlFilter":"||geopolitika.lt/img/banner_"},"priority":1},{"id":52232,"action":{"type":"block"},"condition":{"urlFilter":"||geopolitika.lt/img/book_ppceu_en.jpg"},"priority":1},{"id":52281,"action":{"type":"block"},"condition":{"urlFilter":"||geopolitika.lt/img/logo_srtrf.png"},"priority":1},{"id":52327,"action":{"type":"block"},"condition":{"urlFilter":"||geopolitika.lt/img/newtimeslogo.jpg"},"priority":1},{"id":52375,"action":{"type":"block"},"condition":{"urlFilter":"||grafika.iv.lt/hostingas/small_logo.png"},"priority":1},{"id":52426,"action":{"type":"block"},"condition":{"urlFilter":"||grafika.iv.lt/serveriai/hosted.gif"},"priority":1},{"id":52473,"action":{"type":"block"},"condition":{"urlFilter":"||greitukas.lt/images/kupi.jpg"},"priority":1},{"id":52514,"action":{"type":"block"},"condition":{"urlFilter":"||greitukas.lt/images/papuosaliukas.JPG"},"priority":1},{"id":52564,"action":{"type":"block"},"condition":{"urlFilter":"||greitukas.lt/images/vestuves_baneris.jpg"},"priority":1},{"id":52617,"action":{"type":"block"},"condition":{"urlFilter":"||groziodovanos.lt/groupon/affiliateFrame"},"priority":1},{"id":52669,"action":{"type":"block"},"condition":{"urlFilter":"||grupinis.lt/www.grupinis.lt"},"priority":1},{"id":52709,"action":{"type":"block"},"condition":{"urlFilter":"||gsmarena.lt/images/13173439603.jpeg"},"priority":1},{"id":52757,"action":{"type":"block"},"condition":{"urlFilter":"||gyvenimas.eu/G_DS/skelb_arkl.jpg"},"priority":1},{"id":52802,"action":{"type":"block"},"condition":{"urlFilter":"||hardas.lt/http://www.hardas.lt/wp-content/uploads/icons//2014/04/brother-mazasis.png"},"priority":1},{"id":52899,"action":{"type":"block"},"condition":{"urlFilter":"||herba.lt/media/dynamic/banners/"},"priority":1},{"id":52943,"action":{"type":"block"},"condition":{"urlFilter":"||hostex.lt/images/header/logo.gif"},"priority":1},{"id":52988,"action":{"type":"block"},"condition":{"urlFilter":"||i422.photobucket.com/albums/pp305/savaites/banerisold_160x192.jpg"},"priority":1},{"id":53066,"action":{"type":"block"},"condition":{"urlFilter":"||i461.photobucket.com/albums/qq339/martynukas/AntBangos.gif"},"priority":1},{"id":53137,"action":{"type":"block"},"condition":{"urlFilter":"||i941.photobucket.com/albums/ad255/skoniublogas/baneris-1.png"},"priority":1},{"id":53210,"action":{"type":"block"},"condition":{"urlFilter":"||ic.pics.livejournal.com/sig_tyr/13029589/1319/1319_900.jpg"},"priority":1},{"id":53281,"action":{"type":"block"},"condition":{"urlFilter":"||ic.pics.livejournal.com/sig_tyr/13029589/1652/1652_900.gif"},"priority":1},{"id":53352,"action":{"type":"block"},"condition":{"urlFilter":"||ic.pics.livejournal.com/sig_tyr/13029589/2153/2153_900.jpg"},"priority":1},{"id":53423,"action":{"type":"block"},"condition":{"urlFilter":"||igs.lt/images/saugumas/"},"priority":1},{"id":53459,"action":{"type":"block"},"condition":{"urlFilter":"||images.neobux.com/imagens/banner9/?uh=536B79425454&u3=15892148"},"priority":1},{"id":53534,"action":{"type":"block"},"condition":{"urlFilter":"||img2.diena.lt/sites/default/files/Vilniausdiena/Vartotoju%20zona/diena_admin/urmas-kaledos-940x100-px-2.jpg"},"priority":1},{"id":53654,"action":{"type":"block"},"condition":{"urlFilter":"||imgur.com/rGcWN.jpg"},"priority":1},{"id":53686,"action":{"type":"block"},"condition":{"urlFilter":"||imones.lt/searchblocks/","domainType":"thirdParty"},"priority":2},{"id":53737,"action":{"type":"block"},"condition":{"urlFilter":"||imones.lt/companies/banners/*.gif","domainType":"firstParty","resourceTypes":["image"]},"priority":102},{"id":53807,"action":{"type":"block"},"condition":{"urlFilter":"||imones.lt/companies/sponsors/*.gif","domainType":"firstParty","resourceTypes":["image"]},"priority":102},{"id":53878,"action":{"type":"block"},"condition":{"urlFilter":"||infoadmin.lt/img/alertpay120x60.gif"},"priority":1},{"id":53926,"action":{"type":"block"},"condition":{"urlFilter":"||infoadmin.lt/uploads/images/Banner120x60.gif"},"priority":1},{"id":53983,"action":{"type":"block"},"condition":{"urlFilter":"||infoadmin.lt/uploads/images/infoadmin120x60.jpg"},"priority":1},{"id":54043,"action":{"type":"block"},"condition":{"urlFilter":"||infodiena.com/wp-content/uploads/2018/03/1200.gif"},"priority":1},{"id":54105,"action":{"type":"block"},"condition":{"urlFilter":"||infodiena.com/wp-content/uploads/2018/03/1200x225.gif"},"priority":1},{"id":54171,"action":{"type":"block"},"condition":{"urlFilter":"||infodiena.com/wp-content/uploads/2018/04/1280x225.gif"},"priority":1},{"id":54237,"action":{"type":"block"},"condition":{"urlFilter":"||infoma.lt/images/ruba-reklama.gif"},"priority":1},{"id":54283,"action":{"type":"block"},"condition":{"urlFilter":"||infoplius.lt/cimg/brandpage/"},"priority":1},{"id":54324,"action":{"type":"block"},"condition":{"urlFilter":"||infoplius.lt/lt/searchblocks"},"priority":1},{"id":54365,"action":{"type":"block"},"condition":{"urlFilter":"||interjeras.lt/tl_files/catalogs/banners/"},"priority":1},{"id":54418,"action":{"type":"block"},"condition":{"urlFilter":"||invega.lt/site/banners/"},"priority":1},{"id":54454,"action":{"type":"block"},"condition":{"urlFilter":"||itneta.lt/failai/CENTAS.jpg"},"priority":1},{"id":54494,"action":{"type":"block"},"condition":{"urlFilter":"||itiketini-faktai.online/reklamos/","domainType":"firstParty","resourceTypes":["image"]},"priority":102},{"id":54564,"action":{"type":"block"},"condition":{"urlFilter":"||jurbarkiskis.lt/images/stories/lanmeta.gif"},"priority":1},{"id":54619,"action":{"type":"block"},"condition":{"urlFilter":"||jurbarkosviesa.lt/var/ezwebin_site/storage/images/media/skydeliu-kategorijos/"},"priority":1},{"id":54709,"action":{"type":"block"},"condition":{"urlFilter":"||kaimai.lt/images/default/source/perku_vaikui.jpg"},"priority":1},{"id":54770,"action":{"type":"block"},"condition":{"urlFilter":"||kaina24.lt/images/kaina24_180_green.gif"},"priority":1},{"id":54822,"action":{"type":"block"},"condition":{"urlFilter":"||kainos.lt/img/logox160.png"},"priority":1},{"id":54861,"action":{"type":"block"},"condition":{"urlFilter":"||kainos.lt/kainos-banner.html"},"priority":1},{"id":54902,"action":{"type":"block"},"condition":{"urlFilter":"||kaisiadoriuzinios.lt/wp-content/uploads/2014/03/EXTRAFM-AD-300x150.png"},"priority":1},{"id":54985,"action":{"type":"block"},"condition":{"urlFilter":"||karjerairsveikata.lt/wp-content/uploads/2013/09/profertil-720_200_1.png"},"priority":1},{"id":55069,"action":{"type":"block"},"condition":{"urlFilter":"||kasvyksta.lt/isejimas-mob.php"},"priority":1},{"id":55111,"action":{"type":"block"},"condition":{"urlFilter":"||kasvyksta.lt/wp-content/themes/kasvyksta/images/ads"},"priority":1},{"id":55175,"action":{"type":"block"},"condition":{"urlFilter":"||kasvyksta.lt/wp-content/themes/kasvyksta/images/exit/"},"priority":1},{"id":55241,"action":{"type":"block"},"condition":{"urlFilter":"||kasvyksta.lt/wp-content/uploads/2015/06/bagazinesvilijampole.jpg"},"priority":1},{"id":55318,"action":{"type":"block"},"condition":{"urlFilter":"||kasvyksta.lt/wp-content/uploads/2017/*300x250.jpg"},"priority":1},{"id":55380,"action":{"type":"block"},"condition":{"urlFilter":"||dcdn.lt/images/*/300x600.jpg|"},"priority":1},{"id":55422,"action":{"type":"block"},"condition":{"urlFilter":"||dcdn.lt/images/*/1200x250.jpg|"},"priority":1},{"id":55465,"action":{"type":"block"},"condition":{"urlFilter":"||kaunozurnalistai.lt/templates/zurnalistai/images/random/kamane.jpg"},"priority":1},{"id":55544,"action":{"type":"block"},"condition":{"urlFilter":"||kedes.lt/showimage.php?f=4786_banner_lauko_baldai_6520s.jpg&w=215"},"priority":1},{"id":55622,"action":{"type":"block"},"condition":{"urlFilter":"||kedes.lt/showimage.php?f=banner_rumsiskes_200x200_6447s.jpg&w=215"},"priority":1},{"id":55700,"action":{"type":"block"},"condition":{"urlFilter":"||kinopavasaris.lt/bnr/2014/"},"priority":1},{"id":55739,"action":{"type":"block"},"condition":{"urlFilter":"||kkml.lt/public/var/banners/"},"priority":1},{"id":55779,"action":{"type":"block"},"condition":{"urlFilter":"||komentaras.lt/wp-content/themes/kk/img/P1_baneris.jpg"},"priority":1},{"id":55845,"action":{"type":"block"},"condition":{"urlFilter":"||komiksai.com/img_rek/"},"priority":1},{"id":55879,"action":{"type":"block"},"condition":{"urlFilter":"||kompextra.lt/image/data/182x258_kompextra.jpg"},"priority":1},{"id":55937,"action":{"type":"block"},"condition":{"urlFilter":"||kompextra.lt/image/data/Reklama%20sonine/cia%20galioja%20DC%20nuolaida.jpg"},"priority":1},{"id":56024,"action":{"type":"block"},"condition":{"urlFilter":"||kosmetikos.lt/images/zenklai/"},"priority":1},{"id":56066,"action":{"type":"block"},"condition":{"urlFilter":"||krastietis.lt/wp-content/uploads/ekolaome.png"},"priority":1},{"id":56124,"action":{"type":"block"},"condition":{"urlFilter":"||krastietis.lt/wp-content/uploads/tic-big.png"},"priority":1},{"id":56181,"action":{"type":"block"},"condition":{"urlFilter":"||krepsininkas.net/pav/e-parduotuve.gif"},"priority":1},{"id":56231,"action":{"type":"block"},"condition":{"urlFilter":"||kronika.lt/images/balandis2014/Zaizdos_1.gif"},"priority":1},{"id":56288,"action":{"type":"block"},"condition":{"urlFilter":"||kronika.lt/images/BEGIMAS.jpg"},"priority":1},{"id":56330,"action":{"type":"block"},"condition":{"urlFilter":"||kronika.lt/images/Untitled.jpg"},"priority":1},{"id":56373,"action":{"type":"block"},"condition":{"urlFilter":"||kursenuparapija.lt/wp-content/uploads/logo/logo_m-studija.gif"},"priority":1},{"id":56447,"action":{"type":"block"},"condition":{"urlFilter":"||kursenuparapija.lt/wp-content/uploads/logo/logo_marijos-r.gif"},"priority":1},{"id":56521,"action":{"type":"block"},"condition":{"urlFilter":"||kursenuparapija.lt/wp-content/uploads/logo/logo_pakuta.gif"},"priority":1},{"id":56592,"action":{"type":"block"},"condition":{"urlFilter":"||kursenuparapija.lt/wp-content/uploads/logo/logo_vatikano-r.gif"},"priority":1},{"id":56667,"action":{"type":"block"},"condition":{"urlFilter":"||kvitrina.lt/kv/updir/*-150x150.jpg^"},"priority":1},{"id":56715,"action":{"type":"block"},"condition":{"urlFilter":"||kvitrina.lt/kv/updir/*-536x*-536x*.jpeg^"},"priority":1},{"id":56768,"action":{"type":"block"},"condition":{"urlFilter":"||kvitrina.lt/kv/updir/*-reklama-*.jpg^"},"priority":1},{"id":56818,"action":{"type":"block"},"condition":{"urlFilter":"||kvitrina.lt/kv/updir/*/150x150.jpg^"},"priority":1},{"id":56866,"action":{"type":"block"},"condition":{"urlFilter":"||kvitrina.lt/kv/updir/*/A00*.jpeg^"},"priority":1},{"id":56912,"action":{"type":"block"},"condition":{"urlFilter":"||kvitrina.lt/kv/updir/*/btn-*.jpeg^"},"priority":1},{"id":56959,"action":{"type":"block"},"condition":{"urlFilter":"||kvitrina.lt/kv/updir/2015/07/mineral_spa_logo-*.jpg^"},"priority":1},{"id":57024,"action":{"type":"block"},"condition":{"urlFilter":"||kvitrina.lt/kv/updir/201*/*-536x*.jpg^"},"priority":1},{"id":57075,"action":{"type":"block"},"condition":{"urlFilter":"||kvitrina.lt/kv/updir/2020/07/*stovykla*.jpg"},"priority":1},{"id":57131,"action":{"type":"block"},"condition":{"urlFilter":"||kvitrina.lt/kv/updir/2020/08/*_2019_*.jpg^"},"priority":1},{"id":57186,"action":{"type":"block"},"condition":{"urlFilter":"||l2j.lt/ads/"},"priority":1},{"id":57210,"action":{"type":"block"},"condition":{"urlFilter":"||l2r.xz.lt/l2rbanners/"},"priority":1},{"id":57244,"action":{"type":"block"},"condition":{"urlFilter":"||l2servers.com/promo"},"priority":1},{"id":57276,"action":{"type":"block"},"condition":{"urlFilter":"||laisvaslaikrastis.lt/images/reklaminiai/"},"priority":1},{"id":57329,"action":{"type":"block"},"condition":{"urlFilter":"||lavinantys.lt/shop/out/oxbaseshop/html/2/images"},"priority":1},{"id":57389,"action":{"type":"block"},"condition":{"urlFilter":"||legacy.flirtas.lt/alfa/users_block/"},"priority":1},{"id":57437,"action":{"type":"block"},"condition":{"urlFilter":"||lilijairsaulius.ucoz.de/Ikonos/Unbenannt.png"},"priority":1},{"id":57494,"action":{"type":"block"},"condition":{"urlFilter":"||lineager.lt/images/kyc1.gif"},"priority":1},{"id":57534,"action":{"type":"block"},"condition":{"urlFilter":"||lineager.lt/images/kyc2.jpg"},"priority":1},{"id":57574,"action":{"type":"block"},"condition":{"urlFilter":"||lkl.lt/wp-content/themes/lkl/js/fancybox/jquery.fancybox.pack.js"},"priority":1},{"id":57651,"action":{"type":"block"},"condition":{"urlFilter":"||lkl.lt/banners_new/","domainType":"firstParty","resourceTypes":["image"]},"priority":102},{"id":57707,"action":{"type":"block"},"condition":{"urlFilter":"||lmg.lt/kiti/img/vip_reklama2.png"},"priority":1},{"id":57752,"action":{"type":"block"},"condition":{"urlFilter":"||lombas.lt/image/gmx/"},"priority":1},{"id":57785,"action":{"type":"block"},"condition":{"urlFilter":"||lova.lt/files/uploads/images/sitefriends/"},"priority":1},{"id":57839,"action":{"type":"block"},"condition":{"urlFilter":"||lova.lt/uno/bigbank_"},"priority":1},{"id":57872,"action":{"type":"block"},"condition":{"urlFilter":"||lt.tonybet.com/tonybetpoker?trc="},"priority":1},{"id":57917,"action":{"type":"block"},"condition":{"urlFilter":"||lyderis.eu/wp-content/uploads/2010/11/LL_logo2_300_50.png"},"priority":1},{"id":57987,"action":{"type":"block"},"condition":{"urlFilter":"||lyderis.eu/wp-content/uploads/2010/11/logo-1.jpg"},"priority":1},{"id":58048,"action":{"type":"block"},"condition":{"urlFilter":"||lyderis.eu/wp-content/uploads/2011/10/agito300x300.gif"},"priority":1},{"id":58115,"action":{"type":"block"},"condition":{"urlFilter":"||lzinios.lt/lzinios/failai/video/"},"priority":1},{"id":58160,"action":{"type":"block"},"condition":{"urlFilter":"||macpartija.lt/images/stories/ishop.png"},"priority":1},{"id":58211,"action":{"type":"block"},"condition":{"urlFilter":"||macpartija.lt/images/stories/telefix_175x80.png"},"priority":1},{"id":58271,"action":{"type":"block"},"condition":{"urlFilter":"||maistobankas.lt/uploads/user/image/maisto-svaistymas-naujas.gif"},"priority":1},{"id":58347,"action":{"type":"block"},"condition":{"urlFilter":"||maldeikiene.lt/wp-content/uploads/2015/10/PensijosFondas.lt_.png"},"priority":1},{"id":58424,"action":{"type":"block"},"condition":{"urlFilter":"||mama.lt/Uploads/UGallery/photos/ad/bb/8a/2f/adbb8a2f2310e49a3958169037e7d057.jpg"},"priority":1},{"id":58517,"action":{"type":"block"},"condition":{"urlFilter":"||mamairvaikas.lt/tvs/failai/2012/08/moteris-info2-e1345913451356.jpg"},"priority":1},{"id":58597,"action":{"type":"block"},"condition":{"urlFilter":"||mamosgidas.lt/uploads/images/modifast.jpg"},"priority":1},{"id":58651,"action":{"type":"block"},"condition":{"urlFilter":"||mamosgidas.lt/uploads/images/ngc2.gif"},"priority":1},{"id":58701,"action":{"type":"block"},"condition":{"urlFilter":"||mamoszurnalas.lt/multisites/mamoszurnalas/images/stories/logotipai/ikimpokyklinis.jpg"},"priority":1},{"id":58799,"action":{"type":"block"},"condition":{"urlFilter":"||manonamai.lt/newsfeed/"},"priority":1},{"id":58834,"action":{"type":"block"},"condition":{"urlFilter":"||masazonamai.lt/imunitetas.gif"},"priority":1},{"id":58876,"action":{"type":"block"},"condition":{"urlFilter":"||masazonamai.lt/kleopatra%2060x120.jpg"},"priority":1},{"id":58926,"action":{"type":"block"},"condition":{"urlFilter":"||medicina.lt/r/"},"priority":1},{"id":58953,"action":{"type":"block"},"condition":{"urlFilter":"||meileslegendos.lt/wp-content/uploads/2014/02/fotografas.png"},"priority":1},{"id":59025,"action":{"type":"block"},"condition":{"urlFilter":"||meileslegendos.lt/wp-content/uploads/2014/02/mergvakario-baneris_legendos.jpg"},"priority":1},{"id":59115,"action":{"type":"block"},"condition":{"urlFilter":"||meileslegendos.lt/wp-content/uploads/2014/03/vestuviu-fotografai.jpg"},"priority":1},{"id":59196,"action":{"type":"block"},"condition":{"urlFilter":"||meileslegendos.lt/wp-content/uploads/2014/04/Ivory.png"},"priority":1},{"id":59263,"action":{"type":"block"},"condition":{"urlFilter":"||meniu.lt/uploads/user_images/Ozonas_virselis_Maistas_250pix.jpg"},"priority":1},{"id":59339,"action":{"type":"block"},"condition":{"urlFilter":"||meniu.lt/uploads/user_images/RV41_cover.jpg"},"priority":1},{"id":59395,"action":{"type":"block"},"condition":{"urlFilter":"||meteoprog.lt/lt/informerget/?type=4&city[]=Gargzdai&color=E45700&txtcolor=FFFF00&day=tommorow"},"priority":1},{"id":59501,"action":{"type":"block"},"condition":{"urlFilter":"||miestugatves.lt/nuolaida-"},"priority":1},{"id":59539,"action":{"type":"block"},"condition":{"urlFilter":"||minfo.lt/img/dovana-dukrai.jpg"},"priority":1},{"id":59582,"action":{"type":"block"},"condition":{"urlFilter":"||minfo.lt/img/horizontal_main.jpg"},"priority":1},{"id":59627,"action":{"type":"block"},"condition":{"urlFilter":"||minfo.lt/img/laiminga.png"},"priority":1},{"id":59665,"action":{"type":"block"},"condition":{"urlFilter":"||minfo.lt/img/muscle.gif"},"priority":1},{"id":59701,"action":{"type":"block"},"condition":{"urlFilter":"||minfo.lt/img/vertical_"},"priority":1},{"id":59736,"action":{"type":"block"},"condition":{"urlFilter":"||minfo.lt/img/zaidimas.jpg"},"priority":1},{"id":59774,"action":{"type":"block"},"condition":{"urlFilter":"||miskobirza.lt/images/news/Baneris1_120x60[1].JPG"},"priority":1},{"id":59835,"action":{"type":"block"},"condition":{"urlFilter":"||miskobirza.lt/images/texts/ad"},"priority":1},{"id":59877,"action":{"type":"block"},"condition":{"urlFilter":"||miskobirza.lt/images/texts/miskui_lt_90x55_1[1].jpg"},"priority":1},{"id":59941,"action":{"type":"block"},"condition":{"urlFilter":"||miskobirza.lt/images/texts/sanit.jpg"},"priority":1},{"id":59990,"action":{"type":"block"},"condition":{"urlFilter":"||miskobirza.lt/images/users_ads/"},"priority":1},{"id":60034,"action":{"type":"block"},"condition":{"urlFilter":"||miskui.lt/images/news/sip-1.jpg"},"priority":1},{"id":60078,"action":{"type":"block"},"condition":{"urlFilter":"||monetupiramide.lt/skydelis-150.png"},"priority":1},{"id":60125,"action":{"type":"block"},"condition":{"urlFilter":"||mokilizingas.lt^","initiatorDomains":["kilobaitas.lt","trajektorija.lt","baitukas.lt","primtech.lt","technoringas.lt","valmanta.lt","rigveda.lt"],"resourceTypes":["sub_frame"]},"priority":216},{"id":60275,"action":{"type":"block"},"condition":{"urlFilter":"||mususavaite.lt/wp-content/uploads/2014/05/aeroklubas.png"},"priority":1},{"id":60344,"action":{"type":"block"},"condition":{"urlFilter":"||mususavaite.lt/wp-content/uploads/2014/05/miesto_dienos.png"},"priority":1},{"id":60416,"action":{"type":"block"},"condition":{"urlFilter":"||nailbar.lt/images/stories/nuolaidos/"},"priority":1},{"id":60465,"action":{"type":"block"},"condition":{"urlFilter":"||nesijuok.lt/images/buliausgalia.gif"},"priority":1},{"id":60513,"action":{"type":"block"},"condition":{"urlFilter":"||niekonaujo.lt/wp-content/uploads/2010/12/serveriai_logo.png"},"priority":1},{"id":60585,"action":{"type":"block"},"condition":{"urlFilter":"||nuotykiu-lenktynes.pramoguslenis.lt/failai/iliustracijos/2013/Generalinis_KAS.gif"},"priority":1},{"id":60679,"action":{"type":"block"},"condition":{"urlFilter":"||nuotykiu-lenktynes.pramoguslenis.lt/failai/iliustracijos/2014/Pagr_remejai_AIC-Imenza_S-Sportas.gif"},"priority":1},{"id":60791,"action":{"type":"block"},"condition":{"urlFilter":"||nuotykiu-lenktynes.pramoguslenis.lt/failai/iliustracijos/2014/s_sportas_LOGOTIPAS_horizontalus_small.jpg"},"priority":1},{"id":60908,"action":{"type":"block"},"condition":{"urlFilter":"||nuotykiu-lenktynes.pramoguslenis.lt/failai/iliustracijos/2014/SmaPro.JPG"},"priority":1},{"id":60993,"action":{"type":"block"},"condition":{"urlFilter":"||nuotykiu-lenktynes.pramoguslenis.lt/failai/iliustracijos/AiC%20logo%20copy_2.JPG"},"priority":1},{"id":61086,"action":{"type":"block"},"condition":{"urlFilter":"||nyksciai.lt/images/*_200x200*.gif"},"priority":1},{"id":61132,"action":{"type":"block"},"condition":{"urlFilter":"||nyksciai.lt/images/1551.jpg"},"priority":1},{"id":61172,"action":{"type":"block"},"condition":{"urlFilter":"||nyksciai.lt/images/a_k_banner1.jpg"},"priority":1},{"id":61219,"action":{"type":"block"},"condition":{"urlFilter":"||nyksciai.lt/images/anyksciu_vandenys_160.jpg"},"priority":1},{"id":61276,"action":{"type":"block"},"condition":{"urlFilter":"||nyksciai.lt/images/anyksciu_vynas_2014_1.gif"},"priority":1},{"id":61333,"action":{"type":"block"},"condition":{"urlFilter":"||nyksciai.lt/images/baidariu_nuoma.gif"},"priority":1},{"id":61383,"action":{"type":"block"},"condition":{"urlFilter":"||nyksciai.lt/images/edox_200x91.gif"},"priority":1},{"id":61430,"action":{"type":"block"},"condition":{"urlFilter":"||nyksciai.lt/images/futbolo_sporto_klubas.jpg"},"priority":1},{"id":61487,"action":{"type":"block"},"condition":{"urlFilter":"||nyksciai.lt/images/jaros_prekyba_140403_1.gif"},"priority":1},{"id":61545,"action":{"type":"block"},"condition":{"urlFilter":"||nyksciai.lt/images/kompeksa_200x150"},"priority":1},{"id":61593,"action":{"type":"block"},"condition":{"urlFilter":"||nyksciai.lt/images/nominacijos.gif"},"priority":1},{"id":61640,"action":{"type":"block"},"condition":{"urlFilter":"||nyksciai.lt/images/nyksciai_168x91.gif"},"priority":1},{"id":61691,"action":{"type":"block"},"condition":{"urlFilter":"||nyksciai.lt/images/res_banner.jpg"},"priority":1},{"id":61737,"action":{"type":"block"},"condition":{"urlFilter":"||nyksciai.lt/images/sportas_1.jpg"},"priority":1},{"id":61782,"action":{"type":"block"},"condition":{"urlFilter":"||nyksciai.lt/images/sveikatos_oaze_982x110new1"},"priority":1},{"id":61840,"action":{"type":"block"},"condition":{"urlFilter":"||offers.webitas.lt/o-images"},"priority":1},{"id":61879,"action":{"type":"block"},"condition":{"urlFilter":"||opti-myst.lt/wp-content/uploads/2014/05/linava_2.jpg"},"priority":1},{"id":61944,"action":{"type":"block"},"condition":{"urlFilter":"||pasidarykpats.eu/wp-content/uploads/2012/09/pasidaryk120.png"},"priority":1},{"id":62017,"action":{"type":"block"},"condition":{"urlFilter":"||pasidarykpats.eu/wp-content/uploads/2012/09/pasidaryk468.png"},"priority":1},{"id":62090,"action":{"type":"block"},"condition":{"urlFilter":"||perku.lt/uploads/taupiems_tapetas.gif"},"priority":1},{"id":62140,"action":{"type":"block"},"condition":{"urlFilter":"||15min.lt/static/cache/*adblock*.jpg|"},"priority":1},{"id":62189,"action":{"type":"block"},"condition":{"urlFilter":"||perkuvaikui.lt/media/upload/image/Beautyline%20ban%20180x180.jpg"},"priority":1},{"id":62266,"action":{"type":"block"},"condition":{"urlFilter":"||perkuvaikui.lt/media/upload/image/kaimai_lt(2).jpg"},"priority":1},{"id":62329,"action":{"type":"block"},"condition":{"urlFilter":"||perkuvaikui.lt/media/upload/image/mamu%20unija-1.png"},"priority":1},{"id":62394,"action":{"type":"block"},"condition":{"urlFilter":"||perkuvaikui.lt/media/upload/image/mokinukas(1).gif"},"priority":1},{"id":62457,"action":{"type":"block"},"condition":{"urlFilter":"||perkuvaikui.lt/media/upload/image/perku%20vaikui1.jpg"},"priority":1},{"id":62523,"action":{"type":"block"},"condition":{"urlFilter":"||perkuvaikui.lt/media/upload/image/Zappy%20baneris%20180x120_frame_2.jpg"},"priority":1},{"id":62607,"action":{"type":"block"},"condition":{"urlFilter":"||perkuvaikui.lt/media/wysiwyg/ARTmanija%20DOVANOS-04.jpg"},"priority":1},{"id":62675,"action":{"type":"block"},"condition":{"urlFilter":"||pho.lt/wp-content/uploads/2009/10/logo.jpg"},"priority":1},{"id":62730,"action":{"type":"block"},"condition":{"urlFilter":"||pho.lt/wp-content/uploads/2009/10/musu_paveldas_150x300.gif"},"priority":1},{"id":62802,"action":{"type":"block"},"condition":{"urlFilter":"||pho.lt/wp-content/uploads/2010/11/300_250px_fotonuoma.gif"},"priority":1},{"id":62872,"action":{"type":"block"},"condition":{"urlFilter":"||pho.lt/wp-content/uploads/2012/06/idomiausios-knygos.jpg"},"priority":1},{"id":62941,"action":{"type":"block"},"condition":{"urlFilter":"||pics.livejournal.com/yourprivatehell/pic/00050ypw"},"priority":1},{"id":63003,"action":{"type":"block"},"condition":{"urlFilter":"||pirkanglijoje.lt/wp-content/themes/pirkebay/images/regi.png"},"priority":1},{"id":63075,"action":{"type":"block"},"condition":{"urlFilter":"||pirkpigiau.lt/shop/images/shop/banners-"},"priority":1},{"id":63127,"action":{"type":"block"},"condition":{"urlFilter":"||pixolain.lt/images/stories/peliuko.jpg"},"priority":1},{"id":63178,"action":{"type":"block"},"condition":{"urlFilter":"||pokalbis.narod.ru/ismok.gif"},"priority":1},{"id":63218,"action":{"type":"block"},"condition":{"urlFilter":"||pokalbis.narod.ru/lietuva_laisva.gif"},"priority":1},{"id":63267,"action":{"type":"block"},"condition":{"urlFilter":"||pramogu.lt/pramogult.png"},"priority":1},{"id":63304,"action":{"type":"block"},"condition":{"urlFilter":"||prekes.suaugusiems.lt/Shop/affiliateFrame.html"},"priority":1},{"id":63363,"action":{"type":"block"},"condition":{"urlFilter":"||priejuros.lt/admin/uploads/baneriai_right"},"priority":1},{"id":63417,"action":{"type":"block"},"condition":{"urlFilter":"||priejuros.lt/imgs/issinuomosiu.gif"},"priority":1},{"id":63464,"action":{"type":"block"},"condition":{"urlFilter":"||prokuraturos.lt/Portals/0/Skins/lrgp/images/banner1.gif"},"priority":1},{"id":63532,"action":{"type":"block"},"condition":{"urlFilter":"||prokuraturos.lt/Portals/0/Skins/lrgp/images/Patarimai.gif"},"priority":1},{"id":63602,"action":{"type":"block"},"condition":{"urlFilter":"||psichika.eu/wp-content/uploads/1/Terapija.jpg"},"priority":1},{"id":63660,"action":{"type":"block"},"condition":{"urlFilter":"||psichika.eu/wp-content/uploads/2014/07/VALGYMO-sutrikimai.jpg"},"priority":1},{"id":63734,"action":{"type":"block"},"condition":{"urlFilter":"||pzemaitis.lt/wp-content/uploads/2013/06/VMI/"},"priority":1},{"id":63791,"action":{"type":"block"},"condition":{"urlFilter":"||r.diena.lt/i/co-sites/"},"priority":1},{"id":63826,"action":{"type":"block"},"condition":{"urlFilter":"||r1.lt/paveiksliukai/*.png"},"priority":1},{"id":63864,"action":{"type":"block"},"condition":{"urlFilter":"||r1.lt/wp-content/uploads/2013/04/fontanas-v-195x168.jpg"},"priority":1},{"id":63932,"action":{"type":"block"},"condition":{"urlFilter":"||rcdrift.lt/2010-07-29/Plakatas%20(1).jpg"},"priority":1},{"id":63985,"action":{"type":"block"},"condition":{"urlFilter":"||rcdrift.lt/putinukas.png"},"priority":1},{"id":64022,"action":{"type":"block"},"condition":{"urlFilter":"||rcmodelis.lt/styles/hestia/theme/images/propeleris.png"},"priority":1},{"id":64089,"action":{"type":"block"},"condition":{"urlFilter":"||receptumedis.lt/wordpress/wp-content/uploads/2012/04/untitled.jpg"},"priority":1},{"id":64167,"action":{"type":"block"},"condition":{"urlFilter":"||receptumedis.lt/wordpress/wp-content/uploads/2013/03/Numeris7Pavasaris2013virselis.jpg"},"priority":1},{"id":64266,"action":{"type":"block"},"condition":{"urlFilter":"||redo.lt/galery/_redo/page/klaipedos_info20110506.png"},"priority":1},{"id":64331,"action":{"type":"block"},"condition":{"urlFilter":"||reitingai.eu/draugai/"},"priority":1},{"id":64365,"action":{"type":"block"},"condition":{"urlFilter":"||rimi.lt/assets/upload/userfiles/images/background/Frette%20fonas%201600x970-3.jpg"},"priority":1},{"id":64459,"action":{"type":"block"},"condition":{"urlFilter":"||rkdragunas.lt/ip_themes/dragunas/rk_pav/"},"priority":1},{"id":64512,"action":{"type":"block"},"condition":{"urlFilter":"||rkl.lt/15min/index.php"},"priority":1},{"id":64547,"action":{"type":"block"},"condition":{"urlFilter":"||russianamerica.com/top/logo/index.php?id=5983"},"priority":1},{"id":64605,"action":{"type":"block"},"condition":{"urlFilter":"||s1.15cdn.lt/img/banners/knorr/knorr_oru_ikonele.png"},"priority":1},{"id":64669,"action":{"type":"block"},"condition":{"urlFilter":"||s1.postimage.org/xh5bk9p2n/siuntos_200x200.jpg"},"priority":1},{"id":64728,"action":{"type":"block"},"condition":{"urlFilter":"||s2.15cdn.lt/images/infoblocks/vaiva-cili-535f717dc89e7.jpg"},"priority":1},{"id":64799,"action":{"type":"block"},"condition":{"urlFilter":"||s2.15cdn.lt/images/infoblocks/versli-lietuva-5371f4a560b08.jpg"},"priority":1},{"id":64874,"action":{"type":"block"},"condition":{"urlFilter":"||sblizingas.lt/skaiciuokle/","initiatorDomains":["skytech.lt","bigbox.lt","avitela.lt","kilobaitas.lt","itsupply.lt","technorama.lt","iwow.lt","fortakas.lt","primtech.lt","topocentras.lt","ermitazas.lt"],"resourceTypes":["sub_frame"]},"priority":211},{"id":65074,"action":{"type":"block"},"condition":{"urlFilter":"||savaite.lt/uploads/bnr/"},"priority":1},{"id":65110,"action":{"type":"block"},"condition":{"urlFilter":"||seksas.us/REK/*.jpg"},"priority":1},{"id":65142,"action":{"type":"block"},"condition":{"urlFilter":"||selonija.lt/selonija_draugai/"},"priority":1},{"id":65184,"action":{"type":"block"},"condition":{"urlFilter":"||sgg.lt/uploads/images/sgg120x60.jpg"},"priority":1},{"id":65232,"action":{"type":"block"},"condition":{"urlFilter":"||silaine.lt/Kase/Silokarcema2.gif"},"priority":1},{"id":65277,"action":{"type":"block"},"condition":{"urlFilter":"||silaine.lt/m/wp-content/uploads/2013/11/MLA-2.gif"},"priority":1},{"id":65339,"action":{"type":"block"},"condition":{"urlFilter":"||siloaidas.lt/wp-content/uploads/2012/12/Logotipas1.jpg"},"priority":1},{"id":65406,"action":{"type":"block"},"condition":{"urlFilter":"||skaiciuokle.gf.lt/calculators/display"},"priority":1},{"id":65456,"action":{"type":"block"},"condition":{"urlFilter":"||skelbiu-files.dgn.lt/blplc_0_"},"priority":1},{"id":65498,"action":{"type":"block"},"condition":{"urlFilter":"||skrastas.lt/galery/_skrastas/banners/"},"priority":1},{"id":65548,"action":{"type":"block"},"condition":{"urlFilter":"||smartseo.lt/*.png"},"priority":1},{"id":65578,"action":{"type":"block"},"condition":{"urlFilter":"||solisun.lt/?_nm_shot=files.1.2-329&_nm_nosession=1"},"priority":1},{"id":65641,"action":{"type":"block"},"condition":{"urlFilter":"||spainetosdraudimas.lt/uploads/images/banner"},"priority":1},{"id":65697,"action":{"type":"block"},"condition":{"urlFilter":"||spainetosdraudimas.lt/uploads/images/sadomaksa_ct_cs.gif"},"priority":1},{"id":65766,"action":{"type":"block"},"condition":{"urlFilter":"||spainetosdraudimas.lt/uploads/images/Vart-ban-220x100(1)b.jpg"},"priority":1},{"id":65840,"action":{"type":"block"},"condition":{"urlFilter":"||spargalka.lt/images/filmai.gif"},"priority":1},{"id":65883,"action":{"type":"block"},"condition":{"urlFilter":"||spausdink-ilgiau.lt/image/cache/data/img/mokilizingas-182x182-182x182.png"},"priority":1},{"id":65969,"action":{"type":"block"},"condition":{"urlFilter":"||sport24.lt/uploads/NET4.png"},"priority":1},{"id":66009,"action":{"type":"block"},"condition":{"urlFilter":"||sportas.lt/Uploads/image/03_klasika_2200x1024.jpg"},"priority":1},{"id":66071,"action":{"type":"block"},"condition":{"urlFilter":"||sportas.lt/Uploads/image/Naujasis%20tapetas%20be%20vir%C5%A1aus.jpg"},"priority":1},{"id":66151,"action":{"type":"block"},"condition":{"urlFilter":"||static.autoplius.lt/static/images/desktop/landing_page/featured_promotion/ap_loan_promotion_08.png","domainType":"firstParty","resourceTypes":["image"]},"priority":102},{"id":66286,"action":{"type":"block"},"condition":{"urlFilter":"||suaugusiems.lt/Uploads/Affiliates/"},"priority":1},{"id":66333,"action":{"type":"block"},"condition":{"urlFilter":"||suru.lt/srwrd/wp-content/themes/scarlett/images/sponsors/LELO_PLEASURE_OBJECTS.png"},"priority":1},{"id":66428,"action":{"type":"block"},"condition":{"urlFilter":"||suru.lt/srwrd/wp-content/uploads/mBanner/banners/"},"priority":1},{"id":66490,"action":{"type":"block"},"condition":{"urlFilter":"||suvalkai.lt/wp-content/uploads/2014/bigbus.gif^"},"priority":1},{"id":66550,"action":{"type":"block"},"condition":{"urlFilter":"||sveikatosabc.lt/templates/main/images/skradio.jpg"},"priority":1},{"id":66612,"action":{"type":"block"},"condition":{"urlFilter":"||tavovaikams.lt//cshowimage/augantys_rasomieji_stalai_vaikams_akcija6264s.jpg/165/170"},"priority":1},{"id":66709,"action":{"type":"block"},"condition":{"urlFilter":"||tavovaikams.lt//cshowimage/mamairvaik._180_5207s.jpg/165/170"},"priority":1},{"id":66782,"action":{"type":"block"},"condition":{"urlFilter":"||technologijos.lt/archyvas/skydeliai_mainams/"},"priority":1},{"id":66839,"action":{"type":"block"},"condition":{"urlFilter":"||technologijos.lt/infoBlockEN"},"priority":1},{"id":66880,"action":{"type":"block"},"condition":{"urlFilter":"||technologijos.lt/n/iframe_baneris"},"priority":1},{"id":66926,"action":{"type":"block"},"condition":{"urlFilter":"||technologijos.lt/n/url/straipsnio_viduje/iframe_baneris"},"priority":1},{"id":66994,"action":{"type":"block"},"condition":{"urlFilter":"||technologijos.lt/upload/image/n/iliustracijos/skelbimu_logotipai/ban/"},"priority":1},{"id":67076,"action":{"type":"block"},"condition":{"urlFilter":"||technologijos.lt/upload/image/*/980x200.jpg","domainType":"firstParty","resourceTypes":["image"]},"priority":102},{"id":67156,"action":{"type":"block"},"condition":{"urlFilter":"||technologijos.lt/upload/image/iliustracijos/ivairus^"},"priority":1},{"id":67221,"action":{"type":"block"},"condition":{"urlFilter":"||www.technologijos.lt/upload/image/iliustracijos/11/980-LT.gif","resourceTypes":["image"]},"priority":101},{"id":67310,"action":{"type":"block"},"condition":{"urlFilter":"||tekstai.lt/images/stories/draugai/"},"priority":1},{"id":67357,"action":{"type":"block"},"condition":{"urlFilter":"||teo.lt/akcijoms/uzsakymoformos/kontaktai3.php?no_close"},"priority":1},{"id":67424,"action":{"type":"block"},"condition":{"urlFilter":"||tevu-darzelis.lt/img/hot-stuff/happeak-ispardavimas.jpg"},"priority":1},{"id":67492,"action":{"type":"block"},"condition":{"urlFilter":"||skaiciuokles.inbank.lt^","initiatorDomains":["www.topocentras.lt","itwork.lt","kmobiles.lt","gitana.lt","ermitazas.lt"]},"priority":121},{"id":67611,"action":{"type":"block"},"condition":{"urlFilter":"||themusic.lt/images/geramada12x120.gif"},"priority":1},{"id":67661,"action":{"type":"block"},"condition":{"urlFilter":"||themusic.lt/images/imknuolaida2.png"},"priority":1},{"id":67709,"action":{"type":"block"},"condition":{"urlFilter":"||themusic.lt/images/thesport.png"},"priority":1},{"id":67753,"action":{"type":"block"},"condition":{"urlFilter":"||themusic.lt/images/vienisi.png"},"priority":1},{"id":67796,"action":{"type":"block"},"condition":{"urlFilter":"||tiketa.lt/files/2014.04/id_18980.jpg"},"priority":1},{"id":67845,"action":{"type":"block"},"condition":{"urlFilter":"||tinypic.com/2yos7f7.png"},"priority":1},{"id":67881,"action":{"type":"block"},"condition":{"urlFilter":"||tinypic.com/k4vxvm.gif"},"priority":1},{"id":67916,"action":{"type":"block"},"condition":{"urlFilter":"||torentai.lt/pic/ldiena.png"},"priority":1},{"id":67955,"action":{"type":"block"},"condition":{"urlFilter":"||torentai.lt/pic/logo_mazas.png"},"priority":1},{"id":67998,"action":{"type":"block"},"condition":{"urlFilter":"||torrent.ai/*/advise/"},"priority":1},{"id":68031,"action":{"type":"block"},"condition":{"urlFilter":"||torrent.lt/*/advise/"},"priority":1},{"id":68064,"action":{"type":"block"},"condition":{"urlFilter":"||toxnet.nlm.nih.gov/help/widget/lactmed_widget_large.html"},"priority":1},{"id":68133,"action":{"type":"block"},"condition":{"urlFilter":"||transplantacija.lt/images/15min.png"},"priority":1},{"id":68181,"action":{"type":"block"},"condition":{"urlFilter":"||transplantacija.lt/images/novartis.png"},"priority":1},{"id":68232,"action":{"type":"block"},"condition":{"urlFilter":"||travianas.lt/images/2007/zaidimai-01.gif"},"priority":1},{"id":68285,"action":{"type":"block"},"condition":{"urlFilter":"||travianas.lt/images/2008/travian-lt-03.jpg"},"priority":1},{"id":68340,"action":{"type":"block"},"condition":{"urlFilter":"||triada.lt/image/data/image001.png"},"priority":1},{"id":68386,"action":{"type":"block"},"condition":{"urlFilter":"||triada.lt/image/data/Lazer-250x250-1.jpg"},"priority":1},{"id":68439,"action":{"type":"block"},"condition":{"urlFilter":"||trl.lt/di-JQOX06.jpg"},"priority":1},{"id":68472,"action":{"type":"block"},"condition":{"urlFilter":"||tv3.lt/Uploads/2454399.jpg"},"priority":1},{"id":68511,"action":{"type":"block"},"condition":{"urlFilter":"||tv3.lt/Uploads/banner_300x250(1).png"},"priority":1},{"id":68560,"action":{"type":"block"},"condition":{"urlFilter":"||tv3.lt/Uploads/image/000/indeliaiLT_baneris__300x200.jpg"},"priority":1},{"id":68629,"action":{"type":"block"},"condition":{"urlFilter":"||tv3.lt/Uploads/image/pwr.jpg"},"priority":1},{"id":68670,"action":{"type":"block"},"condition":{"urlFilter":"||tv3.lt/Uploads/kalediniai_DM_tapetas.jpg"},"priority":1},{"id":68723,"action":{"type":"block"},"condition":{"urlFilter":"||tv3.lt/Uploads/wp_danai.jpg"},"priority":1},{"id":68763,"action":{"type":"block"},"condition":{"urlFilter":"||twickerz.com/banner/125x125.gif"},"priority":1},{"id":68807,"action":{"type":"block"},"condition":{"urlFilter":"||ubl.lt/skaiciuokle/calculator.php"},"priority":1},{"id":68853,"action":{"type":"block"},"condition":{"urlFilter":"||urmas.net/upload/rk/"},"priority":1},{"id":68886,"action":{"type":"block"},"condition":{"urlFilter":"||vairuokime.lt/img/lyoness.png"},"priority":1},{"id":68928,"action":{"type":"block"},"condition":{"urlFilter":"||valstietis.lt/bn/"},"priority":1},{"id":68958,"action":{"type":"block"},"condition":{"urlFilter":"||veberis.com/banner/"},"priority":1},{"id":68990,"action":{"type":"block"},"condition":{"urlFilter":"||veberis.com/foto/balionucentras/balionai.jpg"},"priority":1},{"id":69047,"action":{"type":"block"},"condition":{"urlFilter":"||veberis.com/images/virselis_26.jpg"},"priority":1},{"id":69094,"action":{"type":"block"},"condition":{"urlFilter":"||vela.lt/images/additional/footmate3.jpg","domainType":"firstParty","resourceTypes":["image"]},"priority":102},{"id":69170,"action":{"type":"block"},"condition":{"urlFilter":"||vendors.lt/pics/dumblascom.gif"},"priority":1},{"id":69213,"action":{"type":"block"},"condition":{"urlFilter":"||vendors.lt/pics/hero.png"},"priority":1},{"id":69250,"action":{"type":"block"},"condition":{"urlFilter":"||vendors.lt/pics/linkuva.gif"},"priority":1},{"id":69290,"action":{"type":"block"},"condition":{"urlFilter":"||versijos.lt/wp-content/uploads/2015/07/Parama-tinklapiui.jpg"},"priority":1},{"id":69363,"action":{"type":"block"},"condition":{"urlFilter":"||verslovirusas.lt/wp-content/uploads/2013/10/logovisi.png"},"priority":1},{"id":69432,"action":{"type":"block"},"condition":{"urlFilter":"||vienaturis.lt/detales2.gif"},"priority":1},{"id":69471,"action":{"type":"block"},"condition":{"urlFilter":"||viktorijosvestuves.lt/blog/wp-content/uploads/2011/10/fotoperlas.jpg"},"priority":1},{"id":69552,"action":{"type":"block"},"condition":{"urlFilter":"||viktorijosvestuves.lt/blog/wp-content/uploads/2013/07/idw.png"},"priority":1},{"id":69626,"action":{"type":"block"},"condition":{"urlFilter":"||vilniaus-turtas.lt/images/isikelk.gif"},"priority":1},{"id":69676,"action":{"type":"block"},"condition":{"urlFilter":"||vilniausgidas.lt/wp-content/uploads/2013/05/vorutos-logo.jpg"},"priority":1},{"id":69749,"action":{"type":"block"},"condition":{"urlFilter":"||vilniausgidas.lt/wp-content/uploads/2013/06/G.clips_.png"},"priority":1},{"id":69818,"action":{"type":"block"},"condition":{"urlFilter":"||visalietuva.lt/companies/banners/"},"priority":1},{"id":69864,"action":{"type":"block"},"condition":{"urlFilter":"||viskasvestuvems.eu/images/Paslaugos/patalpos/alauso/alausoslenis.gif"},"priority":1},{"id":69945,"action":{"type":"block"},"condition":{"urlFilter":"||vz.lt/images/publicationimages/c8e2a76c-d6ea-461b-8fa8-215a54ed4c4a.jpg"},"priority":1},{"id":70029,"action":{"type":"block"},"condition":{"urlFilter":"||vz.lt/img/logos/cv.png"},"priority":1},{"id":70064,"action":{"type":"block"},"condition":{"urlFilter":"||wad.ojooo.com/bs_b_en.php?u=226712"},"priority":1},{"id":70111,"action":{"type":"block"},"condition":{"urlFilter":"||wildcat.lt/Images/Wildcat_180.gif"},"priority":1},{"id":70157,"action":{"type":"block"},"condition":{"urlFilter":"||wp.com/www.myliusoda.lt/wp-content/uploads/2018/03/ali-sale.png"},"priority":1},{"id":70233,"action":{"type":"block"},"condition":{"urlFilter":"||xn--kl-9ma74a8c.lt/images/angleris.jpg"},"priority":1},{"id":70284,"action":{"type":"block"},"condition":{"urlFilter":"||xtgem.com/images/banners/32x32.gif"},"priority":1},{"id":70331,"action":{"type":"block"},"condition":{"urlFilter":"||zigzag.lt/Laiskai/img/zigzag_stovyklos_280x169.jpg"},"priority":1},{"id":70394,"action":{"type":"block"},"condition":{"urlFilter":"||zindyk.lt/wp-content/themes/purple-pastels/images/MamaIrTetisLOGO.png"},"priority":1},{"id":70476,"action":{"type":"block"},"condition":{"urlFilter":"||zindyk.lt/wp-content/themes/purple-pastels/images/nesiokles.png"},"priority":1},{"id":70552,"action":{"type":"block"},"condition":{"urlFilter":"||zindymas.lt/sites/zindymas.lt/files/la_leche_banner_0.jpg"},"priority":1},{"id":70622,"action":{"type":"block"},"condition":{"urlFilter":"||zindymas.lt/sites/zindymas.lt/files/MilkSENSE.jpg"},"priority":1},{"id":70684,"action":{"type":"block"},"condition":{"urlFilter":"||zindymas.lt/sites/zindymas.lt/files/ptc-logo2.png"},"priority":1},{"id":70746,"action":{"type":"block"},"condition":{"urlFilter":"||elektronika.lt/*150x32_*","resourceTypes":["image"]},"priority":101},{"id":70798,"action":{"type":"block"},"condition":{"urlFilter":"||elektronika.lt/*150x32.*","resourceTypes":["image"]},"priority":101},{"id":70850,"action":{"type":"block"},"condition":{"urlFilter":"||world^","initiatorDomains":["filmux.to"],"resourceTypes":["xmlhttprequest"]},"priority":301},{"id":70907,"action":{"type":"block"},"condition":{"urlFilter":"||info^","initiatorDomains":["filmux.to"],"resourceTypes":["xmlhttprequest"]},"priority":301},{"id":70963,"action":{"type":"block"},"condition":{"urlFilter":"||1588.lt/web/companies/banners^"},"priority":1},{"id":71006,"action":{"type":"block"},"condition":{"urlFilter":"||chatas.lt^","domainType":"firstParty","resourceTypes":["xmlhttprequest"]},"priority":102},{"id":71053,"action":{"type":"block"},"condition":{"urlFilter":"||plus.lrytas.lt/staticbanners/*1200x250_300x370.jpg","domainType":"firstParty","initiatorDomains":["lrytas.lt"],"resourceTypes":["image"]},"priority":302},{"id":71350,"action":{"type":"block"},"condition":{"urlFilter":"||zarasuose.lt/reklama_","resourceTypes":["image"]},"priority":101},{"id":71399,"action":{"type":"block"},"condition":{"urlFilter":"||vilniausskelbimai.lt/adv^"},"priority":1},{"id":71437,"action":{"type":"allow"},"condition":{"urlFilter":".png#","initiatorDomains":["siustis.net"]},"priority":100201},{"id":71484,"action":{"type":"allow"},"condition":{"urlFilter":"15minlt.adocean.pl/files/js/ado.js"},"priority":100001},{"id":71529,"action":{"type":"allow"},"condition":{"urlFilter":"imasdk.googleapis.com^","initiatorDomains":["lrytas.lt"]},"priority":100201},{"id":71591,"action":{"type":"allow"},"condition":{"urlFilter":"|http://skelbimai.one.lt/uploads/modules/ads/"},"priority":100001},{"id":71647,"action":{"type":"allow"},"condition":{"urlFilter":"||9menesiai.lt/image/cache/data/Baneriai/"},"priority":100001},{"id":71699,"action":{"type":"allow"},"condition":{"urlFilter":"||adworks.lt^"},"priority":100001},{"id":71723,"action":{"type":"allow"},"condition":{"urlFilter":"||apatinukai.lt/image/cache/data/baneriai/"},"priority":100001},{"id":71776,"action":{"type":"allow"},"condition":{"urlFilter":"||banners.adnet.lt/i/euro_game_1.js"},"priority":100001},{"id":71822,"action":{"type":"allow"},"condition":{"urlFilter":"||entitlements.jwplayer.com/*.json"},"priority":100001},{"id":71867,"action":{"type":"allow"},"condition":{"urlFilter":"||eurovaistine.lt/uploads/banners/"},"priority":100001},{"id":71912,"action":{"type":"allow"},"condition":{"urlFilter":"||googleapis.com/js/sdkloader/ima3.js","initiatorDomains":["lrytas.lt"]},"priority":100201},{"id":71989,"action":{"type":"allow"},"condition":{"urlFilter":"||grozionamai.lt/images/sobipro/adv/"},"priority":100001},{"id":72036,"action":{"type":"allow"},"condition":{"urlFilter":"||hit.gemius.pl^","domainType":"thirdParty","initiatorDomains":["alfa.lt","lnkgo.lt"]},"priority":100152},{"id":72108,"action":{"type":"allow"},"condition":{"urlFilter":"||kaunieciams.lt/miestas/"},"priority":100001},{"id":72144,"action":{"type":"allow"},"condition":{"urlFilter":"||kvt.lt/ebilet.cup.static/img/header/"},"priority":100001},{"id":72193,"action":{"type":"allow"},"condition":{"urlFilter":"||manodienynas.lt^"},"priority":100001},{"id":72222,"action":{"type":"allow"},"condition":{"urlFilter":"||mega.lt/uploads/img/banners/"},"priority":100001},{"id":72263,"action":{"type":"allow"},"condition":{"urlFilter":"||mssl.fwmrm.net/p/MTG_Brightcove_HTML5/AdManager.js","initiatorDomains":["play.tv3.lt"]},"priority":100201},{"id":72357,"action":{"type":"allow"},"condition":{"urlFilter":"||perlas.lt/baneriai/"},"priority":100001},{"id":72389,"action":{"type":"allow"},"condition":{"urlFilter":"||perlas.lt/files/banners/"},"priority":100001},{"id":72426,"action":{"type":"allow"},"condition":{"urlFilter":"||pildyk.lt/uploads/files/BANERIS_pildyk.jpg"},"priority":100001},{"id":72481,"action":{"type":"allow"},"condition":{"urlFilter":"||play.tv3.lt/ad/banner/_ad","resourceTypes":["xmlhttprequest"]},"priority":100101},{"id":72534,"action":{"type":"allow"},"condition":{"urlFilter":"||play.tv3.lt/ad/banner/_adsense_/_adserver/"},"priority":100001},{"id":72589,"action":{"type":"allow"},"condition":{"urlFilter":"||post.lt/bin/banners/"},"priority":100001},{"id":72622,"action":{"type":"allow"},"condition":{"urlFilter":"||post.lt/files/resized/*x*/banners/"},"priority":100001},{"id":72669,"action":{"type":"allow"},"condition":{"urlFilter":"||prod.one.lt/api/framesize.js"},"priority":100001},{"id":72710,"action":{"type":"allow"},"condition":{"urlFilter":"||sascdn.com^","domainType":"thirdParty","initiatorDomains":["vz.lt"]},"priority":100202},{"id":72768,"action":{"type":"allow"},"condition":{"urlFilter":"||smailas.net/baneriai/"},"priority":100001},{"id":72802,"action":{"type":"allow"},"condition":{"urlFilter":"||tamo.lt^"},"priority":100001},{"id":72823,"action":{"type":"allow"},"condition":{"urlFilter":"||tavovaikams.lt//images/goods/","excludedInitiatorDomains":["tavovaikams.lt"]},"priority":100002},{"id":72900,"action":{"type":"allow"},"condition":{"urlFilter":"||teatras.lt/uploads/img/banners/"},"priority":100001},{"id":72944,"action":{"type":"allow"},"condition":{"urlFilter":"||technologijos.lt/iframe_komentarai"},"priority":100001},{"id":72991,"action":{"type":"allow"},"condition":{"urlFilter":"||telikas.biz/wp-content/uploads/2014/10/logo1.png"},"priority":100001},{"id":73052,"action":{"type":"allow"},"condition":{"urlFilter":"||telikas.biz/wp-content/uploads/2015/04/test4.png"},"priority":100001},{"id":73113,"action":{"type":"allow"},"condition":{"urlFilter":"||vaikutis.lt/image/cache/data/baneriai/"},"priority":100001},{"id":73164,"action":{"type":"allow"},"condition":{"urlFilter":"||vaikutis.lt/image/data/baneriai/"},"priority":100001},{"id":73209,"action":{"type":"allow"},"condition":{"urlFilter":"||vjs.zencdn.net/4.12.5/video.js"},"priority":100001},{"id":73252,"action":{"type":"allow"},"condition":{"urlFilter":"||b.adbox.lv^","initiatorDomains":["inbox.lt"],"resourceTypes":["image"]},"priority":100301},{"id":73313,"action":{"type":"allow"},"condition":{"urlFilter":"://b.adbox.lv/bxlib/js/loader.js^","initiatorDomains":["inbox.lt"]},"priority":100201},{"id":73385,"action":{"type":"allow"},"condition":{"urlFilter":"||play.tv3.lt/static/scripts/ima3.js"},"priority":100001},{"id":73432,"action":{"type":"allow"},"condition":{"urlFilter":"||lt.adocean.pl^","initiatorDomains":["lnk.lt"],"resourceTypes":["script"]},"priority":100301},{"id":73494,"action":{"type":"allow"},"condition":{"urlFilter":"||prod.one.lt^","initiatorDomains":["www.tv3.lt"],"resourceTypes":["media"]},"priority":100301},{"id":73558,"action":{"type":"allow"},"condition":{"urlFilter":"/events.gif?","initiatorDomains":["play.tv3.lt"]},"priority":100201},{"id":73612,"action":{"type":"allow"},"condition":{"urlFilter":"||td.setupad.com^","initiatorDomains":["aina.lt"]},"priority":100201},{"id":73667,"action":{"type":"allow"},"condition":{"urlFilter":"||td.setupad.com^","domainType":"firstParty"},"priority":100002},{"id":73710,"action":{"type":"allow"},"condition":{"urlFilter":"||play.tv3.lt/static/scripts/adroot^"},"priority":100001},{"id":73757,"action":{"type":"allow"},"condition":{"urlFilter":"||secure.livechatinc.com^","initiatorDomains":["telia.lt"],"resourceTypes":["sub_frame"]},"priority":100301},{"id":73883,"action":{"type":"redirect","redirect":{"extensionPath":"/web-accessible-resources/redirects/1x1-transparent.gif"}},"condition":{"urlFilter":"||15min.lt/cached/tgif","domainType":"firstParty"},"priority":1002},{"id":73945,"action":{"type":"allow"},"condition":{"urlFilter":"||adform.net/banners/scripts/adx.js|","initiatorDomains":["delfi.lt"],"resourceTypes":["script"]},"priority":100301},{"id":74029,"action":{"type":"allow"},"condition":{"urlFilter":"||content-thumbnail.cxpublic.com/content/dominantthumbnail/","domainType":"thirdParty","initiatorDomains":["www.delfi.lt"],"resourceTypes":["image"]},"priority":100302},{"id":71163,"action":{"type":"block"},"condition":{"regexFilter":"\\.dcdn\\.lt\\/images\\/[a-z]{4}\\/","initiatorDomains":["delfi.lt"],"resourceTypes":["image"]},"priority":301},{"id":71243,"action":{"type":"block"},"condition":{"regexFilter":"muge\\.eu\\/wp-content\\/uploads\\/20\\d{2}\\/\\d{2}\\/thumbnail.*","initiatorDomains":["muge.eu"],"resourceTypes":["image"]},"priority":301}]