[{"id":5,"action":{"type":"block"},"condition":{"urlFilter":".com/bannery/"},"priority":1},{"id":29,"action":{"type":"block"},"condition":{"urlFilter":".cz/ads/"},"priority":1},{"id":48,"action":{"type":"block"},"condition":{"urlFilter":".cz/BAN/"},"priority":1},{"id":67,"action":{"type":"block"},"condition":{"urlFilter":".cz/banners/"},"priority":1},{"id":90,"action":{"type":"block"},"condition":{"urlFilter":".cz/bannery_"},"priority":1},{"id":113,"action":{"type":"block"},"condition":{"urlFilter":".cz/img/banner"},"priority":1},{"id":138,"action":{"type":"block"},"condition":{"urlFilter":".etargetnet."},"priority":1},{"id":161,"action":{"type":"block"},"condition":{"urlFilter":".sk/img/banner"},"priority":1},{"id":186,"action":{"type":"block"},"condition":{"urlFilter":"/amalker/pos/mag_ads.js"},"priority":1},{"id":220,"action":{"type":"block"},"condition":{"urlFilter":"/cron.php?rand="},"priority":1},{"id":246,"action":{"type":"block"},"condition":{"urlFilter":"/emonitor."},"priority":1},{"id":267,"action":{"type":"block"},"condition":{"urlFilter":"/komercni-sdeleni/*"},"priority":1},{"id":297,"action":{"type":"block"},"condition":{"urlFilter":"/push-ads."},"priority":1},{"id":318,"action":{"type":"block"},"condition":{"urlFilter":"/reklama_"},"priority":1},{"id":338,"action":{"type":"block"},"condition":{"urlFilter":"/reklamne-"},"priority":1},{"id":359,"action":{"type":"block"},"condition":{"urlFilter":"*.war-forum.net/images/sh/"},"priority":1},{"id":398,"action":{"type":"block"},"condition":{"urlFilter":"||1gr.cz/js/uni/oldback/logo.png","initiatorDomains":["idnes.cz"],"resourceTypes":["script"]},"priority":301},{"id":478,"action":{"type":"block"},"condition":{"urlFilter":"||1.im.cz/ad/","resourceTypes":["image"]},"priority":101},{"id":517,"action":{"type":"block"},"condition":{"urlFilter":"||1.im.cz/ad/gemius.js"},"priority":1},{"id":550,"action":{"type":"block"},"condition":{"urlFilter":"||a.blesk.cz^"},"priority":1},{"id":574,"action":{"type":"block"},"condition":{"urlFilter":"||a.centrum.cz^"},"priority":1},{"id":600,"action":{"type":"block"},"condition":{"urlFilter":"||a.csfd.cz^"},"priority":1},{"id":623,"action":{"type":"block"},"condition":{"urlFilter":"||a.denik.cz^"},"priority":1},{"id":647,"action":{"type":"block"},"condition":{"urlFilter":"||alkoholik.cz/zavislost/images/banners/"},"priority":1},{"id":698,"action":{"type":"block"},"condition":{"urlFilter":"||api-exponea.o2.cz^"},"priority":1},{"id":729,"action":{"type":"block"},"condition":{"urlFilter":"||bannery.ccb.cz^"},"priority":1},{"id":757,"action":{"type":"block"},"condition":{"urlFilter":"||bannery.navratdoreality.cz^"},"priority":1},{"id":797,"action":{"type":"block"},"condition":{"urlFilter":"||bcastgw.livebox.cz/TA3_VOD_COM/"},"priority":1},{"id":841,"action":{"type":"block"},"condition":{"urlFilter":"||c.seznam.cz^"},"priority":1},{"id":866,"action":{"type":"block"},"condition":{"urlFilter":"||cdr.cz/sites/default/files/_cdr_branding/branding.jpg"},"priority":1},{"id":932,"action":{"type":"block"},"condition":{"urlFilter":"||cdn.cpex.cz^"},"priority":1},{"id":957,"action":{"type":"block"},"condition":{"urlFilter":"||cdn.dopc.cz/adb","resourceTypes":["xmlhttprequest"]},"priority":101},{"id":1000,"action":{"type":"block"},"condition":{"urlFilter":"||cviceni-doma.cz/images/*banner"},"priority":1},{"id":1043,"action":{"type":"block"},"condition":{"urlFilter":"||diit.cz/sites/default/files/_cdr_branding/branding.jpg"},"priority":1},{"id":1110,"action":{"type":"block"},"condition":{"urlFilter":"||digitalnitelevize.cz/obrazky/reklamni_odkazy/"},"priority":1},{"id":1168,"action":{"type":"block"},"condition":{"urlFilter":"||drbna.cz/templates/drbna-2019/modal/modal.js","resourceTypes":["script"]},"priority":101},{"id":1240,"action":{"type":"block"},"condition":{"urlFilter":"||espoluprace.cz/affiliate/"},"priority":1},{"id":1278,"action":{"type":"block"},"condition":{"urlFilter":"||fdb.cz/ad/"},"priority":1},{"id":1301,"action":{"type":"block"},"condition":{"urlFilter":"||filmporno.cz/media/banners/"},"priority":1},{"id":1341,"action":{"type":"block"},"condition":{"urlFilter":"||central.mall.tv^"},"priority":1},{"id":1370,"action":{"type":"block"},"condition":{"urlFilter":"||central-beta.mall.tv^"},"priority":1},{"id":1404,"action":{"type":"block"},"condition":{"urlFilter":"||hcdukla.cz/adds/"},"priority":1},{"id":1433,"action":{"type":"block"},"condition":{"urlFilter":"||hcmotor.cz/adds/"},"priority":1},{"id":1462,"action":{"type":"block"},"condition":{"urlFilter":"||hcorli.cz/img/hokejcz/banner_hokejcz.png"},"priority":1},{"id":1515,"action":{"type":"block"},"condition":{"urlFilter":"||hd-forum.cz/images/banner/"},"priority":1},{"id":1554,"action":{"type":"block"},"condition":{"urlFilter":"||hd-forum.cz/images/sberbank.jpg"},"priority":1},{"id":1598,"action":{"type":"block"},"condition":{"urlFilter":"||heureka.cz/direct/bannery/"},"priority":1},{"id":1637,"action":{"type":"block"},"condition":{"urlFilter":"||im9.cz/*aukro"},"priority":1},{"id":1663,"action":{"type":"block"},"condition":{"urlFilter":"||img.cdnprg.webtea.cz/web/pozadi_webu_mc.jpg"},"priority":1},{"id":1719,"action":{"type":"block"},"condition":{"urlFilter":"||jiskra-benesov.cz/images/branding/"},"priority":1},{"id":1766,"action":{"type":"block"},"condition":{"urlFilter":"||jiskra-benesov.cz/webloader/jsloader-*.js"},"priority":1},{"id":1820,"action":{"type":"block"},"condition":{"urlFilter":"||js.tipcars.com/js/*/_view/amalker/amalker.js"},"priority":1},{"id":1877,"action":{"type":"block"},"condition":{"urlFilter":"||krimi-plzen.cz/media/partners/"},"priority":1},{"id":1920,"action":{"type":"block"},"condition":{"urlFilter":"||kurzy.cz/e/adv?"},"priority":1},{"id":1948,"action":{"type":"block"},"condition":{"urlFilter":"||img.kurzy.cz/og"},"priority":1},{"id":1976,"action":{"type":"block"},"condition":{"urlFilter":"||kurzy.cz/l/s_back.js"},"priority":1},{"id":2009,"action":{"type":"block"},"condition":{"urlFilter":"||img.kurzy.cz/block/"},"priority":1},{"id":2208,"action":{"type":"allow"},"condition":{"urlFilter":"img.kurzy.cz/ban/ad_ads_advert_advertisement_adform_pub_300x250.png"},"priority":100001},{"id":2286,"action":{"type":"block"},"condition":{"urlFilter":"||lamer.cz/images/bg*.jpg"},"priority":1},{"id":2322,"action":{"type":"block"},"condition":{"urlFilter":"||letemsvetemapplem.eu/*/alzafeed_cached_js.php"},"priority":1},{"id":2380,"action":{"type":"block"},"condition":{"urlFilter":"||libise.eu/r/"},"priority":1},{"id":2405,"action":{"type":"block"},"condition":{"urlFilter":"||liveagent.mobilbonus.cz^"},"priority":1},{"id":2442,"action":{"type":"block"},"condition":{"urlFilter":"||lphard.cz/images/banners/"},"priority":1},{"id":2480,"action":{"type":"block"},"condition":{"urlFilter":"||mamincinyrecepty.cz/images/banner"},"priority":1},{"id":2526,"action":{"type":"block"},"condition":{"urlFilter":"||mediatn.cms.nova.cz/robots.txt","resourceTypes":["xmlhttprequest"]},"priority":101},{"id":2584,"action":{"type":"block"},"condition":{"urlFilter":"||motorkari.cz^","resourceTypes":["sub_frame"]},"priority":101},{"id":2625,"action":{"type":"block"},"condition":{"urlFilter":"||mrk.cz/images/inz/"},"priority":1},{"id":2656,"action":{"type":"block"},"condition":{"urlFilter":"||parabola.cz/img_menu/*_01.","resourceTypes":["image"]},"priority":101},{"id":2710,"action":{"type":"block"},"condition":{"urlFilter":"||pornuj.cz/files/ntva.php"},"priority":1},{"id":2747,"action":{"type":"block"},"condition":{"urlFilter":"||presentation.lmc.cz/aliance/"},"priority":1},{"id":2788,"action":{"type":"block"},"condition":{"urlFilter":"||prvnizpravy.cz/repository/banner"},"priority":1},{"id":2833,"action":{"type":"block"},"condition":{"urlFilter":"||reklama.warforum.cz^"},"priority":1},{"id":2866,"action":{"type":"block"},"condition":{"urlFilter":"||report.seznamzpravy.cz^"},"priority":1},{"id":2902,"action":{"type":"block"},"condition":{"urlFilter":"||report.sport.cz^"},"priority":1},{"id":2931,"action":{"type":"block"},"condition":{"urlFilter":"||rfapi.digicon.cz/img/listovacky-cross/enigmaplus.cz.js","resourceTypes":["script"]},"priority":101},{"id":3013,"action":{"type":"block"},"condition":{"urlFilter":"||romea.cz/images/servis/banner"},"priority":1},{"id":3055,"action":{"type":"block"},"condition":{"urlFilter":"||ronnie.cz/cache/bannery/"},"priority":1},{"id":3092,"action":{"type":"block"},"condition":{"urlFilter":"||sauto.cz/*/v1/xhr"},"priority":1},{"id":3122,"action":{"type":"block"},"condition":{"urlFilter":"||sbazar.cz/*/v1/xhr"},"priority":1},{"id":3153,"action":{"type":"block"},"condition":{"urlFilter":"||sktorrent.eu/torrent/interstitial.js"},"priority":1},{"id":3202,"action":{"type":"block"},"condition":{"urlFilter":"||ssp.seznam.cz^"},"priority":1},{"id":3229,"action":{"type":"block"},"condition":{"urlFilter":"||stat.novinky.cz^"},"priority":1},{"id":3258,"action":{"type":"block"},"condition":{"urlFilter":"||stat.super.cz^"},"priority":1},{"id":3285,"action":{"type":"block"},"condition":{"urlFilter":"||stobklub.cz/images/banners/maintop.jpg"},"priority":1},{"id":3336,"action":{"type":"block"},"condition":{"urlFilter":"||tracker.cncenter.cz^"},"priority":1},{"id":3369,"action":{"type":"block"},"condition":{"urlFilter":"||uschovna.cz/branding"},"priority":1},{"id":3402,"action":{"type":"block"},"condition":{"urlFilter":"||vascak.cz/data/img/adblock.png","resourceTypes":["image"]},"priority":101},{"id":3460,"action":{"type":"block"},"condition":{"urlFilter":"||videoad.cz^"},"priority":1},{"id":3484,"action":{"type":"block"},"condition":{"urlFilter":"||warforum.cz/ads/","resourceTypes":["image"]},"priority":101},{"id":3528,"action":{"type":"block"},"condition":{"urlFilter":"||wesa.cz/banner/"},"priority":1},{"id":3556,"action":{"type":"block"},"condition":{"urlFilter":"*/wp-content/plugins/wp-content-copy-protection/assets/js/script.min.js","initiatorDomains":["rozbor-dila.cz","rozbor-dila.eu","rozborknihy.cz","studijni-svet.cz","ekonomie-ucetnictvi.cz","biologie-chemie.cz","anglictina-maturita.cz"]},"priority":116},{"id":3786,"action":{"type":"block"},"condition":{"urlFilter":"*/wp-content/plugins/wp-content-copy-protection/assets/css/style.min.css","initiatorDomains":["rozbor-dila.cz","rozbor-dila.eu","rozborknihy.cz","studijni-svet.cz","ekonomie-ucetnictvi.cz","biologie-chemie.cz","anglictina-maturita.cz"]},"priority":116},{"id":4017,"action":{"type":"block"},"condition":{"urlFilter":"||zkouknito.cz/js/js.htmlad.js"},"priority":1},{"id":4058,"action":{"type":"block"},"condition":{"urlFilter":"||zvukarina.cz/forum/images/ostatni/"},"priority":1},{"id":4105,"action":{"type":"block"},"condition":{"urlFilter":"||0af2a962b0102942d9a7df351b20be55.com^"},"priority":1},{"id":4155,"action":{"type":"block"},"condition":{"urlFilter":"||adb.azet.sk^"},"priority":1},{"id":4180,"action":{"type":"block"},"condition":{"urlFilter":"||api-exponea.o2.sk^"},"priority":1},{"id":4211,"action":{"type":"block"},"condition":{"urlFilter":"||autobazar.eu/__branding/"},"priority":1},{"id":4248,"action":{"type":"block"},"condition":{"urlFilter":"||bannersector.sector.sk^"},"priority":1},{"id":4284,"action":{"type":"block"},"condition":{"urlFilter":"||bmwklub.sk/images/banners/"},"priority":1},{"id":4323,"action":{"type":"block"},"condition":{"urlFilter":"||eduself.sk/public/js/prebid-ads.js","resourceTypes":["script"]},"priority":1000101},{"id":4394,"action":{"type":"block"},"condition":{"urlFilter":"||flirtkontakt.sk/previews/banner*.jpg"},"priority":1},{"id":4443,"action":{"type":"block"},"condition":{"urlFilter":"||fony.sk/content/banners/"},"priority":1},{"id":4480,"action":{"type":"block"},"condition":{"urlFilter":"||fundingchoicesmessages.google.com","initiatorDomains":["hnonline.sk"]},"priority":201},{"id":4557,"action":{"type":"block"},"condition":{"urlFilter":"||funnyburger.sk/js/anti-theft-system.js","resourceTypes":["script"]},"priority":101},{"id":4623,"action":{"type":"block"},"condition":{"urlFilter":"||hojko.com/images/banner*.gif"},"priority":1},{"id":4664,"action":{"type":"block"},"condition":{"urlFilter":"||image.sector.sk^"},"priority":1},{"id":4693,"action":{"type":"block"},"condition":{"urlFilter":"||img.zoznam.sk/adimages/"},"priority":1},{"id":4729,"action":{"type":"block"},"condition":{"urlFilter":"||media.hnonline.sk/api/v1/hn-player/stripe"},"priority":1},{"id":4783,"action":{"type":"block"},"condition":{"urlFilter":"||mhdba.eu/banerova-reklama-animacia.gif"},"priority":1},{"id":4834,"action":{"type":"block"},"condition":{"urlFilter":"||michalovskespravy.sk/files/a57xq6rhr5uuzzyf.gif"},"priority":1},{"id":4894,"action":{"type":"block"},"condition":{"urlFilter":"||mojanitra.sk/banery/"},"priority":1},{"id":4927,"action":{"type":"block"},"condition":{"urlFilter":"||mojanitra.sk//images/banery/"},"priority":1},{"id":4968,"action":{"type":"block"},"condition":{"urlFilter":"||ourphorum.com/images/banner"},"priority":1},{"id":5008,"action":{"type":"block"},"condition":{"urlFilter":"||pricemania.sk/pictures/banners/"},"priority":1},{"id":5052,"action":{"type":"block"},"condition":{"urlFilter":"||pricemania.sk/pictures/campaigns/"},"priority":1},{"id":5098,"action":{"type":"block"},"condition":{"urlFilter":"||radia.sk/_uputavky/","resourceTypes":["sub_frame"]},"priority":101},{"id":5145,"action":{"type":"block"},"condition":{"urlFilter":"||radia.sk/scripts/ads.js"},"priority":1},{"id":5181,"action":{"type":"block"},"condition":{"urlFilter":"||recycle.zoznam.sk/get.fcgi"},"priority":1},{"id":5220,"action":{"type":"block"},"condition":{"urlFilter":"||recycle-static.zoznam.sk/*.mp4"},"priority":1},{"id":5263,"action":{"type":"block"},"condition":{"urlFilter":"||rtvs.sk/bs/xml/vast.xml"},"priority":1},{"id":5299,"action":{"type":"block"},"condition":{"urlFilter":"||rtvs.sk/bs/xml/vmap.xml"},"priority":1},{"id":5335,"action":{"type":"block"},"condition":{"urlFilter":"||sector.sk/a/"},"priority":1},{"id":5360,"action":{"type":"block"},"condition":{"urlFilter":"||serialy.io/theme/json/episode.ad.etarget.php"},"priority":1},{"id":5417,"action":{"type":"block"},"condition":{"urlFilter":"||ta3.com/api/v1/livebox/video/"},"priority":1},{"id":5459,"action":{"type":"block"},"condition":{"urlFilter":"||waaw.*/js/script_33.10.js?16","resourceTypes":["script"]},"priority":101},{"id":5515,"action":{"type":"block"},"condition":{"urlFilter":"||zn.sk/galeria/"},"priority":1},{"id":5542,"action":{"type":"block"},"condition":{"urlFilter":"*.livebox.cz/TA3_VOD_COM","domainType":"thirdParty"},"priority":2},{"id":5594,"action":{"type":"block"},"condition":{"urlFilter":"||001shop.cz^","domainType":"thirdParty"},"priority":2},{"id":5633,"action":{"type":"block"},"condition":{"urlFilter":"||10.im.cz^","domainType":"thirdParty"},"priority":2},{"id":5670,"action":{"type":"block"},"condition":{"urlFilter":"||ad.autobazar.cz^","domainType":"thirdParty"},"priority":2},{"id":5714,"action":{"type":"block"},"condition":{"urlFilter":"||ad.citynet.cz^","domainType":"thirdParty"},"priority":2},{"id":5756,"action":{"type":"block"},"condition":{"urlFilter":"||ad.czechia.com^","domainType":"thirdParty"},"priority":2},{"id":5799,"action":{"type":"block"},"condition":{"urlFilter":"||ad.eva.cz^","domainType":"thirdParty"},"priority":2},{"id":5837,"action":{"type":"block"},"condition":{"urlFilter":"||ad.seznam.cz^","domainType":"thirdParty"},"priority":2},{"id":5878,"action":{"type":"block"},"condition":{"urlFilter":"||ad.surtep.cz^","domainType":"thirdParty"},"priority":2},{"id":5919,"action":{"type":"block"},"condition":{"urlFilter":"||ad1.kde.cz^","domainType":"thirdParty"},"priority":2},{"id":5958,"action":{"type":"block"},"condition":{"urlFilter":"||adexpert.cz^","domainType":"thirdParty"},"priority":2},{"id":5998,"action":{"type":"block"},"condition":{"urlFilter":"||adform.net^","domainType":"thirdParty"},"priority":2},{"id":6037,"action":{"type":"block"},"condition":{"urlFilter":"||ads.cars.cz^","domainType":"thirdParty"},"priority":2},{"id":6077,"action":{"type":"block"},"condition":{"urlFilter":"||ads.esports.cz^","domainType":"thirdParty"},"priority":2},{"id":6120,"action":{"type":"block"},"condition":{"urlFilter":"||adverts.cz^","domainType":"thirdParty"},"priority":2},{"id":6159,"action":{"type":"block"},"condition":{"urlFilter":"||automodul.cz^","domainType":"thirdParty"},"priority":2},{"id":6200,"action":{"type":"block"},"condition":{"urlFilter":"||banan.cz^","domainType":"thirdParty"},"priority":2},{"id":6237,"action":{"type":"block"},"condition":{"urlFilter":"||banner.ifortuna.cz^","domainType":"thirdParty"},"priority":2},{"id":6284,"action":{"type":"block"},"condition":{"urlFilter":"||banners.onebit.cz^","domainType":"thirdParty"},"priority":2},{"id":6330,"action":{"type":"block"},"condition":{"urlFilter":"||chrek.stdout.cz^","domainType":"thirdParty"},"priority":2},{"id":6374,"action":{"type":"block"},"condition":{"urlFilter":"||d.vvbox.cz^","domainType":"thirdParty"},"priority":2},{"id":6413,"action":{"type":"block"},"condition":{"urlFilter":"||d.wedosas.net^","domainType":"thirdParty"},"priority":2},{"id":6455,"action":{"type":"block"},"condition":{"urlFilter":"||data.itiscali.cz^","domainType":"thirdParty"},"priority":2},{"id":6500,"action":{"type":"block"},"condition":{"urlFilter":"||decp.cmscore.cz^","domainType":"thirdParty"},"priority":2},{"id":6544,"action":{"type":"block"},"condition":{"urlFilter":"||dev.youcan.cz^","domainType":"thirdParty"},"priority":2},{"id":6586,"action":{"type":"block"},"condition":{"urlFilter":"||dot.idot.cz^","domainType":"thirdParty"},"priority":2},{"id":6626,"action":{"type":"block"},"condition":{"urlFilter":"||ecigareta.eu^","domainType":"thirdParty"},"priority":2},{"id":6667,"action":{"type":"block"},"condition":{"urlFilter":"||ehub.cz^","domainType":"thirdParty"},"priority":2},{"id":6703,"action":{"type":"block"},"condition":{"urlFilter":"||fastshare.cz^","domainType":"thirdParty"},"priority":2},{"id":6744,"action":{"type":"block"},"condition":{"urlFilter":"||graphics.stdout.cz/b:commercial","domainType":"thirdParty"},"priority":2},{"id":6803,"action":{"type":"block"},"condition":{"urlFilter":"||heureka.cz^","domainType":"thirdParty"},"priority":2},{"id":6842,"action":{"type":"block"},"condition":{"urlFilter":"||ibillboard.com^","domainType":"thirdParty"},"priority":2},{"id":6885,"action":{"type":"block"},"condition":{"urlFilter":"||idvert.cz^","domainType":"thirdParty"},"priority":2},{"id":6923,"action":{"type":"block"},"condition":{"urlFilter":"||im9.cz/*/vyrobce/*background","domainType":"thirdParty"},"priority":2},{"id":6979,"action":{"type":"block"},"condition":{"urlFilter":"||imedia.cz^","domainType":"thirdParty"},"priority":2},{"id":7017,"action":{"type":"block"},"condition":{"urlFilter":"||intext.billboard.cz^","domainType":"thirdParty"},"priority":2},{"id":7065,"action":{"type":"block"},"condition":{"urlFilter":"||intext.lookit.cz^","domainType":"thirdParty"},"priority":2},{"id":7110,"action":{"type":"block"},"condition":{"urlFilter":"||intext.wdt.cz^","domainType":"thirdParty"},"priority":2},{"id":7152,"action":{"type":"block"},"condition":{"urlFilter":"||megadarky.cz^","domainType":"thirdParty"},"priority":2},{"id":7193,"action":{"type":"block"},"condition":{"urlFilter":"||mer.stdout.cz^","domainType":"thirdParty"},"priority":2},{"id":7235,"action":{"type":"block"},"condition":{"urlFilter":"||n.hyperinzerce.cz^","domainType":"thirdParty"},"priority":2},{"id":7281,"action":{"type":"block"},"condition":{"urlFilter":"||netadvert.cz^","domainType":"thirdParty"},"priority":2},{"id":7322,"action":{"type":"block"},"condition":{"urlFilter":"||out-ng.sklik.cz^","domainType":"thirdParty"},"priority":2},{"id":7366,"action":{"type":"block"},"condition":{"urlFilter":"||out.sklik.cz^","domainType":"thirdParty"},"priority":2},{"id":7407,"action":{"type":"block"},"condition":{"urlFilter":"||performax.cz^","domainType":"thirdParty"},"priority":2},{"id":7448,"action":{"type":"block"},"condition":{"urlFilter":"||pizzamodena.cz^","domainType":"thirdParty"},"priority":2},{"id":7491,"action":{"type":"block"},"condition":{"urlFilter":"||productads.cz^","domainType":"thirdParty"},"priority":2},{"id":7533,"action":{"type":"block"},"condition":{"urlFilter":"||r.i0.cz^","domainType":"thirdParty"},"priority":2},{"id":7569,"action":{"type":"block"},"condition":{"urlFilter":"||r2b2.cz^","domainType":"thirdParty"},"priority":2},{"id":7605,"action":{"type":"block"},"condition":{"urlFilter":"||reklamy.s3.amazonaws.com^","domainType":"thirdParty"},"priority":2},{"id":7658,"action":{"type":"block"},"condition":{"urlFilter":"||rival.cz^","domainType":"thirdParty"},"priority":2},{"id":7695,"action":{"type":"block"},"condition":{"urlFilter":"||screechingstove.com^","domainType":"thirdParty"},"priority":2},{"id":7743,"action":{"type":"block"},"condition":{"urlFilter":"||sda.online-systemy.cz^","domainType":"thirdParty"},"priority":2},{"id":7793,"action":{"type":"block"},"condition":{"urlFilter":"||sda.un-42.com^","domainType":"thirdParty"},"priority":2},{"id":7835,"action":{"type":"block"},"condition":{"urlFilter":"||storage.googleapis.com/adela-hb-platform.appspot.com/","domainType":"thirdParty"},"priority":2},{"id":7916,"action":{"type":"block"},"condition":{"urlFilter":"||trackad.cz^","domainType":"thirdParty"},"priority":2},{"id":7955,"action":{"type":"block"},"condition":{"urlFilter":"||viadata.store^","domainType":"thirdParty"},"priority":2},{"id":7997,"action":{"type":"block"},"condition":{"urlFilter":"||xzone.cz^","domainType":"thirdParty"},"priority":2},{"id":8034,"action":{"type":"block"},"condition":{"urlFilter":"||zombiezone.cz^","domainType":"thirdParty"},"priority":2},{"id":8076,"action":{"type":"block"},"condition":{"urlFilter":"||zumail.cz^","domainType":"thirdParty"},"priority":2},{"id":8114,"action":{"type":"block"},"condition":{"urlFilter":"||ban.tipsport.sk^","domainType":"thirdParty"},"priority":2},{"id":8158,"action":{"type":"block"},"condition":{"urlFilter":"||firebasestorage.googleapis.com/v0/b/tivio-dev.appspot.com/*vast*.xml","domainType":"thirdParty","initiatorDomains":["garaz.tv"]},"priority":202},{"id":8276,"action":{"type":"block"},"condition":{"urlFilter":"||heureka.sk^","domainType":"thirdParty"},"priority":2},{"id":8315,"action":{"type":"block"},"condition":{"urlFilter":"||imr.sk^","domainType":"thirdParty"},"priority":2},{"id":8350,"action":{"type":"block"},"condition":{"urlFilter":"||inclick.sk^","domainType":"thirdParty"},"priority":2},{"id":8389,"action":{"type":"block"},"condition":{"urlFilter":"||inres.uspech.sk^","domainType":"thirdParty"},"priority":2},{"id":8433,"action":{"type":"block"},"condition":{"urlFilter":"||kariera.zoznam.sk/?page=banner","domainType":"thirdParty"},"priority":2},{"id":8491,"action":{"type":"block"},"condition":{"urlFilter":"||login.dognet.sk/accounts/default1","domainType":"thirdParty"},"priority":2},{"id":8552,"action":{"type":"block"},"condition":{"urlFilter":"||netsuccess.sk^","domainType":"thirdParty"},"priority":2},{"id":8594,"action":{"type":"block"},"condition":{"urlFilter":"||partner.mrtns.eu^","domainType":"thirdParty"},"priority":2},{"id":8639,"action":{"type":"block"},"condition":{"urlFilter":"||pohodo.sk^","domainType":"thirdParty"},"priority":2},{"id":8677,"action":{"type":"block"},"condition":{"urlFilter":"||predpredaj.zoznam.sk^","domainType":"thirdParty","initiatorDomains":["cas.sk"]},"priority":202},{"id":8746,"action":{"type":"block"},"condition":{"urlFilter":"||productads.sk^","domainType":"thirdParty"},"priority":2},{"id":8788,"action":{"type":"block"},"condition":{"urlFilter":"||recycle-static.zoznam.sk^","domainType":"thirdParty"},"priority":2},{"id":8841,"action":{"type":"block"},"condition":{"urlFilter":"||robene.sk^","domainType":"thirdParty"},"priority":2},{"id":8879,"action":{"type":"block"},"condition":{"urlFilter":"||storage.googleapis.com/tivio-production.appspot.com/ads/","domainType":"thirdParty"},"priority":2},{"id":8963,"action":{"type":"block"},"condition":{"urlFilter":"||ticketportal.sk/carousels^","domainType":"thirdParty"},"priority":2},{"id":9017,"action":{"type":"block"},"condition":{"urlFilter":"||turbo.web2media.sk","domainType":"thirdParty"},"priority":2},{"id":9063,"action":{"type":"block"},"condition":{"urlFilter":"||zachej.sk^","domainType":"thirdParty"},"priority":2},{"id":9101,"action":{"type":"allow"},"condition":{"urlFilter":"*-reklama.cz"},"priority":100001},{"id":9166,"action":{"type":"allow"},"condition":{"urlFilter":"||decko.ceskatelevize.cz/cms/layouts/js/analytics.js","initiatorDomains":["decko.ceskatelevize.cz"],"resourceTypes":["script"]},"priority":100301},{"id":9280,"action":{"type":"allow"},"condition":{"urlFilter":"||heureka.*/crossdomain.xml"},"priority":100001},{"id":9318,"action":{"type":"allow"},"condition":{"urlFilter":"||heureka.*/direct/vyvoj-cen/"},"priority":100001},{"id":9358,"action":{"type":"allow"},"condition":{"urlFilter":"||heureka.*/ocm/sdk.js"},"priority":100001},{"id":9391,"action":{"type":"allow"},"condition":{"urlFilter":"||iboys.cz/advert-list.php"},"priority":100001},{"id":9428,"action":{"type":"allow"},"condition":{"urlFilter":"||netusers.cz/js/","initiatorDomains":["titulky.com"],"resourceTypes":["script"]},"priority":100301},{"id":9496,"action":{"type":"allow"},"condition":{"urlFilter":"||opti.cz/wp-content/uploads/*/reklama_*.jpg","resourceTypes":["image"]},"priority":100101},{"id":9566,"action":{"type":"allow"},"condition":{"urlFilter":"||optika-opti.cz/wp-content/uploads/*/reklama_*.jpg","resourceTypes":["image"]},"priority":100101},{"id":9758,"action":{"type":"allow"},"condition":{"urlFilter":"||static.cz.prg.cmestatic.com/static/cz/shared/js/advert.js","initiatorDomains":["nova.cz"]},"priority":100201},{"id":9855,"action":{"type":"allow"},"condition":{"urlFilter":"||www.top-reklama.sk^","domainType":"firstParty"},"priority":100002},{"id":9902,"action":{"type":"allow"},"condition":{"urlFilter":"||warforum.cz/ads.js"},"priority":100001},{"id":9933,"action":{"type":"allow"},"condition":{"urlFilter":"||api.youradio.cz/v2/ads/preroll","resourceTypes":["xmlhttprequest"]},"priority":100101},{"id":10031,"action":{"type":"allow"},"condition":{"urlFilter":"||titulky.com/ads/titulky-ads-bottom.js"},"priority":100001},{"id":10516,"action":{"type":"allow"},"condition":{"urlFilter":"||admedia.joj.sk/outstream/embed?iframe","initiatorDomains":["sport.aktuality.sk"],"resourceTypes":["sub_frame"]},"priority":100301},{"id":10613,"action":{"type":"allow"},"condition":{"urlFilter":"||ads.eduself.sk/_prebid.js"},"priority":100001},{"id":10693,"action":{"type":"allow"},"condition":{"urlFilter":"||sledujserialy.to/theme/js/ads.js"},"priority":100001},{"id":30574,"action":{"type":"block"},"condition":{"urlFilter":"||a.cele.cz^","domainType":"thirdParty"},"priority":2},{"id":31982,"action":{"type":"block"},"condition":{"urlFilter":"||indian-tv.cz/uploads/","resourceTypes":["main_frame"]},"priority":101},{"id":33374,"action":{"type":"block"},"condition":{"urlFilter":"||mrezadosa.com^","domainType":"thirdParty"},"priority":2},{"id":34164,"action":{"type":"redirect","redirect":{"extensionPath":"/web-accessible-resources/redirects/1x1-transparent.gif"}},"condition":{"urlFilter":"||r.i0.cz^","domainType":"thirdParty","resourceTypes":["image"]},"priority":1102},{"id":35247,"action":{"type":"block"},"condition":{"urlFilter":"||titulky.com/banalter/"},"priority":1},{"id":35450,"action":{"type":"redirect","redirect":{"extensionPath":"/web-accessible-resources/redirects/noopjs.js"}},"condition":{"urlFilter":"||trackad.cz/adtrack.php","initiatorDomains":["nova.cz"],"resourceTypes":["script"]},"priority":1301},{"id":35969,"action":{"type":"redirect","redirect":{"extensionPath":"/web-accessible-resources/redirects/noopmp3.mp3"}},"condition":{"urlFilter":"||media.actve.net/sads/","initiatorDomains":["youradio.cz"],"resourceTypes":["media"]},"priority":1301},{"id":36057,"action":{"type":"redirect","redirect":{"extensionPath":"/web-accessible-resources/redirects/noopmp4.mp4"}},"condition":{"urlFilter":"||redirector.gvt1.com/videoplayback/id/","initiatorDomains":["youradio.cz"],"resourceTypes":["media"]},"priority":1301},{"id":36665,"action":{"type":"allow"},"condition":{"urlFilter":".png","initiatorDomains":["seznamzpravy.cz","sport.cz","seznam.cz","sbazar.cz","firmy.cz","super.cz","garaz.cz","stream.cz","novinky.cz"],"resourceTypes":["xmlhttprequest"]},"priority":100213},{"id":31147,"action":{"type":"modifyHeaders","responseHeaders":[{"operation":"append","header":"Content-Security-Policy","value":"child-src *"}]},"condition":{"urlFilter":"||echo24.cz^","resourceTypes":["main_frame","sub_frame","stylesheet","script","image","font","object","xmlhttprequest","ping","media","websocket","other"]},"priority":1},{"id":31842,"action":{"type":"modifyHeaders","responseHeaders":[{"operation":"append","header":"Content-Security-Policy","value":"child-src *"}]},"condition":{"urlFilter":"||idos.idnes.cz^","resourceTypes":["main_frame","sub_frame","stylesheet","script","image","font","object","xmlhttprequest","ping","media","websocket","other"]},"priority":1},{"id":33745,"action":{"type":"modifyHeaders","responseHeaders":[{"operation":"append","header":"Content-Security-Policy","value":"child-src *"}]},"condition":{"urlFilter":"||playzone.cz^","resourceTypes":["main_frame","sub_frame","stylesheet","script","image","font","object","xmlhttprequest","ping","media","websocket","other"]},"priority":1}]