[{"id":7386,"action":{"type":"block"},"condition":{"urlFilter":"||share-count.donreach.com^","domainType":"thirdParty"},"priority":2},{"id":7439,"action":{"type":"block"},"condition":{"urlFilter":"||button-follow.zalo.me^","domainType":"thirdParty"},"priority":2},{"id":7489,"action":{"type":"block"},"condition":{"urlFilter":"||button-share.zalo.me^","domainType":"thirdParty"},"priority":2},{"id":7538,"action":{"type":"block"},"condition":{"urlFilter":"||xn--r1a.website^","domainType":"thirdParty"},"priority":2},{"id":7582,"action":{"type":"block"},"condition":{"urlFilter":"||share.gree.jp^","domainType":"thirdParty"},"priority":2},{"id":7624,"action":{"type":"block"},"condition":{"urlFilter":"||twitter.countoon.com^","domainType":"thirdParty"},"priority":2},{"id":7673,"action":{"type":"block"},"condition":{"urlFilter":"||twitcount.com^","domainType":"thirdParty"},"priority":2},{"id":7715,"action":{"type":"block"},"condition":{"urlFilter":"||mixi.net/img/basic/mixicheck_entry/"},"priority":1},{"id":7763,"action":{"type":"block"},"condition":{"urlFilter":"||media.line.naver.jp/js/line-button.js"},"priority":1},{"id":7813,"action":{"type":"block"},"condition":{"urlFilter":"||platform.tumblr.com/v1/share"},"priority":1},{"id":7854,"action":{"type":"block"},"condition":{"urlFilter":"||b.hatena.ne.jp/images/entry-button/","domainType":"thirdParty"},"priority":2},{"id":7917,"action":{"type":"block"},"condition":{"urlFilter":"||amazonaws.com/*/hatena-widget.js"},"priority":1},{"id":7962,"action":{"type":"block"},"condition":{"urlFilter":"||st-hatena.com^*/entry-button/"},"priority":1},{"id":8004,"action":{"type":"block"},"condition":{"urlFilter":"||jsoon.digitiminimi.com^","domainType":"thirdParty"},"priority":2},{"id":8055,"action":{"type":"block"},"condition":{"urlFilter":"||omt.shinobi.jp^","domainType":"thirdParty"},"priority":2},{"id":8098,"action":{"type":"block"},"condition":{"urlFilter":"||friends2follow.com^","domainType":"thirdParty"},"priority":2},{"id":8145,"action":{"type":"block"},"condition":{"urlFilter":"||b.hatena.ne.jp/js/bookmark_button.js","domainType":"thirdParty"},"priority":2},{"id":8209,"action":{"type":"block"},"condition":{"urlFilter":"||getbutton.io^","domainType":"thirdParty"},"priority":2},{"id":8250,"action":{"type":"block"},"condition":{"urlFilter":"||getbtn.com^","domainType":"thirdParty"},"priority":2},{"id":8289,"action":{"type":"block"},"condition":{"urlFilter":"||snapwidget.com^","domainType":"thirdParty"},"priority":2},{"id":8332,"action":{"type":"block"},"condition":{"urlFilter":"||widget.instodom.com^","domainType":"thirdParty"},"priority":2},{"id":8380,"action":{"type":"block"},"condition":{"urlFilter":"||mediabuttons.ru^","domainType":"thirdParty"},"priority":2},{"id":8424,"action":{"type":"block"},"condition":{"urlFilter":"||tgwidget.com^","domainType":"thirdParty"},"priority":2},{"id":8465,"action":{"type":"block"},"condition":{"urlFilter":"||share.itraffic.su^","domainType":"thirdParty"},"priority":2},{"id":8511,"action":{"type":"block"},"condition":{"urlFilter":"||d.line-scdn.net/r/web/social-plugin/js/thirdparty/loader.min.js","excludedInitiatorDomains":["weleda.jp"]},"priority":2},{"id":8617,"action":{"type":"block"},"condition":{"urlFilter":"||widgets-code.websta.me^","domainType":"thirdParty"},"priority":2},{"id":8668,"action":{"type":"block"},"condition":{"urlFilter":"||graph.facebook.com/?id=","domainType":"thirdParty"},"priority":2},{"id":8719,"action":{"type":"block"},"condition":{"urlFilter":"||widget.pushbullet.com^","domainType":"thirdParty"},"priority":2},{"id":8769,"action":{"type":"block"},"condition":{"urlFilter":"||youtube.com/subscribe_embed?","domainType":"thirdParty"},"priority":2},{"id":8825,"action":{"type":"block"},"condition":{"urlFilter":"||addnow.com/widget/","domainType":"thirdParty"},"priority":2},{"id":8871,"action":{"type":"block"},"condition":{"urlFilter":"||addthis.com^","domainType":"thirdParty","excludedInitiatorDomains":["civilization.com","imgur.com"]},"priority":3},{"id":8953,"action":{"type":"block"},"condition":{"urlFilter":"||addthiscdn.com^","domainType":"thirdParty"},"priority":2},{"id":8996,"action":{"type":"block"},"condition":{"urlFilter":"||addtoany.com/share","domainType":"thirdParty"},"priority":2},{"id":9042,"action":{"type":"block"},"condition":{"urlFilter":"||api.flattr.com/button^","domainType":"thirdParty"},"priority":2},{"id":9092,"action":{"type":"block"},"condition":{"urlFilter":"||api.linkedin.com/*/shares^","excludedInitiatorDomains":["linkedin.com"]},"priority":2},{"id":9164,"action":{"type":"block"},"condition":{"urlFilter":"||api.tweetmeme.com/button.js","domainType":"thirdParty"},"priority":2},{"id":9219,"action":{"type":"block"},"condition":{"urlFilter":"||api.twitter.com/*/count.json","domainType":"thirdParty"},"priority":2},{"id":9275,"action":{"type":"block"},"condition":{"urlFilter":"||assets.pinterest.com/images/pidgets/","domainType":"thirdParty"},"priority":2},{"id":9339,"action":{"type":"block"},"condition":{"urlFilter":"||assets.pinterest.com/js/pinit.js^","domainType":"thirdParty"},"priority":2},{"id":9400,"action":{"type":"block"},"condition":{"urlFilter":"||button.flattr.com^","domainType":"thirdParty"},"priority":2},{"id":9446,"action":{"type":"block"},"condition":{"urlFilter":"||cdn.wibiya.com^","domainType":"thirdParty"},"priority":2},{"id":9489,"action":{"type":"block"},"condition":{"urlFilter":"||changetip.com^","domainType":"thirdParty"},"priority":2},{"id":9531,"action":{"type":"block"},"condition":{"urlFilter":"||cms.myspacecdn.com/cms//ShareOnMySpace/","domainType":"thirdParty","excludedInitiatorDomains":["myspace.com"]},"priority":3},{"id":9624,"action":{"type":"block"},"condition":{"urlFilter":"||connect.mail.ru/","domainType":"thirdParty"},"priority":2},{"id":9668,"action":{"type":"block"},"condition":{"urlFilter":"||connect.mail.ru/share_button"},"priority":1},{"id":9709,"action":{"type":"block"},"condition":{"urlFilter":"||coverweb.org^","domainType":"thirdParty"},"priority":2},{"id":9750,"action":{"type":"block"},"condition":{"urlFilter":"||e-mailit.com/widget/","domainType":"thirdParty"},"priority":2},{"id":9798,"action":{"type":"block"},"condition":{"urlFilter":"||facebook.com/*/plugins/","excludedInitiatorDomains":["facebook.com"]},"priority":2},{"id":9867,"action":{"type":"block"},"condition":{"urlFilter":"||facebook.com/*/plugins/page.php","domainType":"thirdParty"},"priority":2},{"id":9926,"action":{"type":"block"},"condition":{"urlFilter":"||facebook.com/*/plugins/share_button.php","domainType":"thirdParty"},"priority":2},{"id":9993,"action":{"type":"block"},"condition":{"urlFilter":"||facebook.com/connect/connect.php","domainType":"thirdParty"},"priority":2},{"id":10053,"action":{"type":"block"},"condition":{"urlFilter":"||facebook.com/method/links.getStats","domainType":"thirdParty"},"priority":2},{"id":10115,"action":{"type":"block"},"condition":{"urlFilter":"||facebook.com/plugins/","excludedInitiatorDomains":["facebook.com"]},"priority":2},{"id":10182,"action":{"type":"block"},"condition":{"urlFilter":"||facebook.com/sharer.php","domainType":"thirdParty","excludedInitiatorDomains":["speedtest.net"]},"priority":3},{"id":10261,"action":{"type":"block"},"condition":{"urlFilter":"||facebook.com/sharer/sharer.php","domainType":"thirdParty"},"priority":2},{"id":10319,"action":{"type":"block"},"condition":{"urlFilter":"||facebook.com/tr/?"},"priority":1},{"id":10349,"action":{"type":"block"},"condition":{"urlFilter":"||facebook.com/widgets/","domainType":"thirdParty"},"priority":2},{"id":10398,"action":{"type":"block"},"condition":{"urlFilter":"||filamentapp-assets.s3.amazonaws.com^","domainType":"thirdParty"},"priority":2},{"id":10462,"action":{"type":"block"},"condition":{"urlFilter":"||filamentapp.s3.amazonaws.com^","domainType":"thirdParty"},"priority":2},{"id":10519,"action":{"type":"block"},"condition":{"urlFilter":"||flickr.com/badge_code","domainType":"thirdParty"},"priority":2},{"id":10568,"action":{"type":"block"},"condition":{"urlFilter":"||friendfeed.com/embed","domainType":"thirdParty"},"priority":2},{"id":10616,"action":{"type":"block"},"condition":{"urlFilter":"||ghbtns.com/github-btn.html","domainType":"thirdParty"},"priority":2},{"id":10670,"action":{"type":"block"},"condition":{"urlFilter":"||google.com/buzz/api","domainType":"thirdParty"},"priority":2},{"id":10717,"action":{"type":"block"},"condition":{"urlFilter":"||google.com/friendconnect/script","excludedInitiatorDomains":["blogger.com","blogspot.com"]},"priority":2},{"id":10807,"action":{"type":"block"},"condition":{"urlFilter":"||google.com^*/fastbutton?","domainType":"thirdParty"},"priority":2},{"id":10859,"action":{"type":"block"},"condition":{"urlFilter":"||graph.facebook.com/fql?q=SELECT","domainType":"thirdParty"},"priority":2},{"id":10918,"action":{"type":"block"},"condition":{"urlFilter":"||hn-button.herokuapp.com","domainType":"thirdParty"},"priority":2},{"id":10969,"action":{"type":"block"},"condition":{"urlFilter":"||hupso.com/share^","domainType":"thirdParty"},"priority":2},{"id":11013,"action":{"type":"block"},"condition":{"urlFilter":"||jquery-library.net/plusplus","domainType":"thirdParty"},"priority":2},{"id":11068,"action":{"type":"block"},"condition":{"urlFilter":"||lessbuttons.com^","domainType":"thirdParty"},"priority":2},{"id":11112,"action":{"type":"block"},"condition":{"urlFilter":"||likebtn.com^","domainType":"thirdParty"},"priority":2},{"id":11152,"action":{"type":"block"},"condition":{"urlFilter":"||linkedin.com/shareArticle","domainType":"thirdParty"},"priority":2},{"id":11205,"action":{"type":"block"},"condition":{"urlFilter":"||livejournal.com/update.bml?","domainType":"thirdParty"},"priority":2},{"id":11260,"action":{"type":"block"},"condition":{"urlFilter":"||odnaknopka.ru/","domainType":"thirdParty"},"priority":2},{"id":11302,"action":{"type":"block"},"condition":{"urlFilter":"||odnoklassniki.ru/dk?st.cmd=addShare","domainType":"thirdParty","excludedInitiatorDomains":["mail.ru","odnoklassniki.ru"]},"priority":3},{"id":11405,"action":{"type":"block"},"condition":{"urlFilter":"||odnoklassniki.ru/dk?st.cmd=extLike","domainType":"thirdParty"},"priority":2},{"id":11467,"action":{"type":"block"},"condition":{"urlFilter":"||odnoklassniki.ru/dk?st.cmd=WidgetGroup","domainType":"thirdParty","excludedInitiatorDomains":["mail.ru","odnoklassniki.ru"]},"priority":3},{"id":11573,"action":{"type":"block"},"condition":{"urlFilter":"||odnoklassniki.ru/dk?st.cmd=WidgetShare","domainType":"thirdParty","excludedInitiatorDomains":["mail.ru","odnoklassniki.ru"]},"priority":3},{"id":11679,"action":{"type":"block"},"condition":{"urlFilter":"||ok.ru/dk?st.cmd","domainType":"thirdParty"},"priority":2},{"id":11722,"action":{"type":"block"},"condition":{"urlFilter":"||pinterest.com/js/pinit_main.js","domainType":"thirdParty"},"priority":2},{"id":11780,"action":{"type":"block"},"condition":{"urlFilter":"||pinterest.com/pin/create/button/?url=","domainType":"thirdParty"},"priority":2},{"id":11845,"action":{"type":"block"},"condition":{"urlFilter":"||pinterest.com/pinit.html","domainType":"thirdParty"},"priority":2},{"id":11897,"action":{"type":"block"},"condition":{"urlFilter":"||pinterest.com/v1/urls/count.json","domainType":"thirdParty"},"priority":2},{"id":11957,"action":{"type":"block"},"condition":{"urlFilter":"||platform.linkedin.com^","domainType":"thirdParty"},"priority":2},{"id":12007,"action":{"type":"block"},"condition":{"urlFilter":"||platform.stumbleupon.com/*/widgets.js","domainType":"thirdParty"},"priority":2},{"id":12072,"action":{"type":"block"},"condition":{"urlFilter":"||platform.twitter.com/js/button.","domainType":"thirdParty"},"priority":2},{"id":12131,"action":{"type":"block"},"condition":{"urlFilter":"||platform.twitter.com/oct.js","domainType":"thirdParty"},"priority":2},{"id":12186,"action":{"type":"block"},"condition":{"urlFilter":"||platform.twitter.com/widgets/follow_button","domainType":"thirdParty"},"priority":2},{"id":12256,"action":{"type":"block"},"condition":{"urlFilter":"||platform.twitter.com/widgets/tweet_button","domainType":"thirdParty"},"priority":2},{"id":12325,"action":{"type":"block"},"condition":{"urlFilter":"||plus.google.com/share","domainType":"thirdParty"},"priority":2},{"id":12374,"action":{"type":"block"},"condition":{"urlFilter":"||plusone.google.com^","domainType":"thirdParty"},"priority":2},{"id":12421,"action":{"type":"block"},"condition":{"urlFilter":"||reddit.com/api/info.json?","domainType":"thirdParty"},"priority":2},{"id":12474,"action":{"type":"block"},"condition":{"urlFilter":"||reddit.com/static/button/","domainType":"thirdParty"},"priority":2},{"id":12527,"action":{"type":"block"},"condition":{"urlFilter":"||redditstatic.com/button/button*.","excludedInitiatorDomains":["reddit.com"]},"priority":2},{"id":12603,"action":{"type":"block"},"condition":{"urlFilter":"||share.yandex.net^","domainType":"thirdParty"},"priority":2},{"id":12648,"action":{"type":"block"},"condition":{"urlFilter":"||share.yandex.ru^","domainType":"thirdParty"},"priority":2},{"id":12692,"action":{"type":"block"},"condition":{"urlFilter":"||shareaholic.com^","domainType":"thirdParty"},"priority":2},{"id":12736,"action":{"type":"block"},"condition":{"urlFilter":"||sharethis.com^","domainType":"thirdParty"},"priority":2},{"id":12778,"action":{"type":"block"},"condition":{"urlFilter":"||shorte.st^","domainType":"thirdParty"},"priority":2},{"id":12816,"action":{"type":"block"},"condition":{"urlFilter":"||sp.me.zing.vn/plugins/subscribe"},"priority":1},{"id":12860,"action":{"type":"block"},"condition":{"urlFilter":"||static.addtoany.com","domainType":"thirdParty"},"priority":2},{"id":12907,"action":{"type":"block"},"condition":{"urlFilter":"||static.bufferapp.com/js/button.js"},"priority":1},{"id":12953,"action":{"type":"block"},"condition":{"urlFilter":"||static.hootsuite.com^","domainType":"thirdParty"},"priority":2},{"id":13002,"action":{"type":"block"},"condition":{"urlFilter":"||stg.odnoklassniki.ru/share/","domainType":"thirdParty","excludedInitiatorDomains":["mail.ru","odnoklassniki.ru"]},"priority":3},{"id":13097,"action":{"type":"block"},"condition":{"urlFilter":"||stumbleupon.com/badge/","domainType":"thirdParty"},"priority":2},{"id":13147,"action":{"type":"block"},"condition":{"urlFilter":"||sumome-140a.kxcdn.com^","domainType":"thirdParty"},"priority":2},{"id":13197,"action":{"type":"block"},"condition":{"urlFilter":"||surfingbird.ru/button^","domainType":"thirdParty"},"priority":2},{"id":13247,"action":{"type":"block"},"condition":{"urlFilter":"||surfingbird.ru/share^","domainType":"thirdParty"},"priority":2},{"id":13296,"action":{"type":"block"},"condition":{"urlFilter":"||t.co/i/adsct","domainType":"thirdParty"},"priority":2},{"id":13336,"action":{"type":"block"},"condition":{"urlFilter":"||taboolasyndication.com^","domainType":"thirdParty"},"priority":2},{"id":13387,"action":{"type":"block"},"condition":{"urlFilter":"||traq.li^","domainType":"thirdParty"},"priority":2},{"id":13423,"action":{"type":"block"},"condition":{"urlFilter":"||tumblr.com/share/","domainType":"thirdParty"},"priority":2},{"id":13468,"action":{"type":"block"},"condition":{"urlFilter":"||tweetmeme.com/i/scripts","domainType":"thirdParty"},"priority":2},{"id":13519,"action":{"type":"block"},"condition":{"urlFilter":"||twitter-badges.","domainType":"thirdParty"},"priority":2},{"id":13562,"action":{"type":"block"},"condition":{"urlFilter":"||twitter.com/home?status=","domainType":"thirdParty"},"priority":2},{"id":13614,"action":{"type":"block"},"condition":{"urlFilter":"||twitter.com/share","domainType":"thirdParty"},"priority":2},{"id":13659,"action":{"type":"block"},"condition":{"urlFilter":"||usocial.pro^","domainType":"thirdParty"},"priority":2},{"id":13699,"action":{"type":"block"},"condition":{"urlFilter":"||vk.com/images/upload.gif","excludedInitiatorDomains":["vk.com","vkontakte.ru"]},"priority":2},{"id":13777,"action":{"type":"block"},"condition":{"urlFilter":"||vk.com/js/api/share.js","domainType":"thirdParty"},"priority":2},{"id":13827,"action":{"type":"block"},"condition":{"urlFilter":"||vk.com/share.php","domainType":"thirdParty"},"priority":2},{"id":13871,"action":{"type":"block"},"condition":{"urlFilter":"||vk.com/widget_","excludedInitiatorDomains":["redspell.ru","vk.com"]},"priority":2},{"id":13938,"action":{"type":"block"},"condition":{"urlFilter":"||vkontakte.ru/app1982352","domainType":"thirdParty"},"priority":2},{"id":13989,"action":{"type":"block"},"condition":{"urlFilter":"||vkontakte.ru/js/api/share.js","domainType":"thirdParty"},"priority":2},{"id":14045,"action":{"type":"block"},"condition":{"urlFilter":"||vkontakte.ru/share.php","domainType":"thirdParty"},"priority":2},{"id":14095,"action":{"type":"block"},"condition":{"urlFilter":"||vkontakte.ru/widget_like.php","domainType":"thirdParty"},"priority":2},{"id":14151,"action":{"type":"block"},"condition":{"urlFilter":"||w.uptolike.com^","domainType":"thirdParty"},"priority":2},{"id":14194,"action":{"type":"block"},"condition":{"urlFilter":"||weheartit.com^","domainType":"thirdParty"},"priority":2},{"id":14236,"action":{"type":"block"},"condition":{"urlFilter":"||widgets.bufferapp.com^","domainType":"thirdParty"},"priority":2},{"id":14286,"action":{"type":"block"},"condition":{"urlFilter":"||widgets.getpocket.com^","domainType":"thirdParty"},"priority":2},{"id":14336,"action":{"type":"block"},"condition":{"urlFilter":"||woobox.com^","domainType":"thirdParty"},"priority":2},{"id":14375,"action":{"type":"block"},"condition":{"urlFilter":"||wykop.pl/dataprovider/diggerwidget/","domainType":"thirdParty"},"priority":2},{"id":14438,"action":{"type":"block"},"condition":{"urlFilter":"||xing-share.com^","domainType":"thirdParty"},"priority":2},{"id":14481,"action":{"type":"block"},"condition":{"urlFilter":"||yandex.st/share/share.js","domainType":"thirdParty"},"priority":2},{"id":14533,"action":{"type":"block"},"condition":{"urlFilter":"||yastatic.net/*/share.js","domainType":"thirdParty"},"priority":2},{"id":14584,"action":{"type":"block"},"condition":{"urlFilter":"||youtube.com/subscribe_widget","domainType":"thirdParty"},"priority":2},{"id":14640,"action":{"type":"block"},"condition":{"urlFilter":"||ssl.pstatic.net/share/js/naver_sharebutton.js","excludedInitiatorDomains":["naver.com"]},"priority":2},{"id":14728,"action":{"type":"block"},"condition":{"urlFilter":"||developers.band.us/js/share/band-button.js^","domainType":"thirdParty"},"priority":2},{"id":14799,"action":{"type":"block"},"condition":{"urlFilter":"||media.line.me/js/line-button.js^","domainType":"thirdParty"},"priority":2},{"id":14859,"action":{"type":"block"},"condition":{"urlFilter":"||cp.news.search.daum.net/api/publish.json^"},"priority":1},{"id":14913,"action":{"type":"block"},"condition":{"urlFilter":"||biz.line.naver.jp/line_business/img/btn/addfriends_"},"priority":1},{"id":14977,"action":{"type":"block"},"condition":{"urlFilter":"||wp.com/biz.line.naver.jp/line_business/img/btn/addfriends_"},"priority":1},{"id":15048,"action":{"type":"block"},"condition":{"urlFilter":"/wp-content/plugins/wp-tweet-button/*"},"priority":1},{"id":15096,"action":{"type":"block"},"condition":{"urlFilter":"/wp-content/plugins/kadence-simple-share/*"},"priority":1},{"id":15149,"action":{"type":"block"},"condition":{"urlFilter":"/wp-content/plugins/wp-social-bookmarking-light/*"},"priority":1},{"id":15209,"action":{"type":"block"},"condition":{"urlFilter":"||share.donreach.com^","domainType":"thirdParty"},"priority":2},{"id":15256,"action":{"type":"block"},"condition":{"urlFilter":"/plugins/content/jllike/*"},"priority":1},{"id":15292,"action":{"type":"block"},"condition":{"urlFilter":"/Twitter_b_rect.","resourceTypes":["image"]},"priority":101},{"id":15334,"action":{"type":"block"},"condition":{"urlFilter":"/linebutton_","resourceTypes":["image"]},"priority":101},{"id":15372,"action":{"type":"block"},"condition":{"urlFilter":"/wp-content/plugins/add-to-any/addtoany.min."},"priority":1},{"id":15427,"action":{"type":"block"},"condition":{"urlFilter":"/xeory-core/modules/xeory-social/*"},"priority":1},{"id":15472,"action":{"type":"block"},"condition":{"urlFilter":"/simplicity2/images/line-btn"},"priority":1},{"id":15511,"action":{"type":"block"},"condition":{"urlFilter":"||plugins.mixi.jp/favorite.pl"},"priority":1},{"id":15551,"action":{"type":"block"},"condition":{"urlFilter":"||cdn.ampproject.org/v*/amp-social-share-"},"priority":1},{"id":15603,"action":{"type":"block"},"condition":{"urlFilter":"/whatsapp-button."},"priority":1},{"id":15631,"action":{"type":"block"},"condition":{"urlFilter":"||static.mixi.jp/js/share.js","domainType":"thirdParty"},"priority":2},{"id":15685,"action":{"type":"block"},"condition":{"urlFilter":"/wp-content/plugins/cool-image-share/*"},"priority":1},{"id":15734,"action":{"type":"block"},"condition":{"urlFilter":"/wp-content/plugins/instagram-feed/*","excludedResourceTypes":["stylesheet","main_frame"]},"priority":2},{"id":15796,"action":{"type":"block"},"condition":{"urlFilter":"||s3.feedly.com/img/follows/","domainType":"thirdParty"},"priority":2},{"id":15850,"action":{"type":"block"},"condition":{"urlFilter":"/wp-content/plugins/wpupper-share-buttons/*","excludedResourceTypes":["stylesheet","main_frame"]},"priority":2},{"id":15919,"action":{"type":"block"},"condition":{"urlFilter":"/wp-content/plugins/ultimate-social-media-plus/*"},"priority":1},{"id":15978,"action":{"type":"block"},"condition":{"urlFilter":"||st-hatena.com/js/bookmark_button_wo_al.js","domainType":"thirdParty","excludedInitiatorDomains":["hatena.com"]},"priority":3},{"id":16072,"action":{"type":"block"},"condition":{"urlFilter":"/share_icon_"},"priority":1},{"id":16095,"action":{"type":"block"},"condition":{"urlFilter":"/plugins/facebook-page-promoter-","excludedResourceTypes":["stylesheet","main_frame"]},"priority":2},{"id":16153,"action":{"type":"block"},"condition":{"urlFilter":"||flipboard.com/web/buttons/","domainType":"thirdParty"},"priority":2},{"id":16207,"action":{"type":"block"},"condition":{"urlFilter":"||embed.tumblr.com/widgets/share/button","domainType":"thirdParty"},"priority":2},{"id":16272,"action":{"type":"block"},"condition":{"urlFilter":"||platform.tumblr.com/v2/follow_button.html","domainType":"thirdParty"},"priority":2},{"id":16341,"action":{"type":"block"},"condition":{"urlFilter":"/plugins/content/jllikepro/js/buttons."},"priority":1},{"id":16390,"action":{"type":"block"},"condition":{"urlFilter":"/wp-content/plugins/sassy-social-share/*","excludedInitiatorDomains":["nova.rs","n1info.com"]},"priority":2},{"id":16481,"action":{"type":"block"},"condition":{"urlFilter":"/asd.share.buttons/*"},"priority":1},{"id":16512,"action":{"type":"block"},"condition":{"urlFilter":"/copy_to_blog_button_"},"priority":1},{"id":16544,"action":{"type":"block"},"condition":{"urlFilter":"/copy_to_blog_icon_diary.gif"},"priority":1},{"id":16583,"action":{"type":"block"},"condition":{"urlFilter":"/copy_to_blog_icon_liveinternet.gif"},"priority":1},{"id":16629,"action":{"type":"block"},"condition":{"urlFilter":"/copy_to_blog_icon_twitter.gif"},"priority":1},{"id":16670,"action":{"type":"block"},"condition":{"urlFilter":"/fb-like-pop.js"},"priority":1},{"id":16696,"action":{"type":"block"},"condition":{"urlFilter":"/fb-traffic-pop.js"},"priority":1},{"id":16725,"action":{"type":"block"},"condition":{"urlFilter":"/fbautolike.js"},"priority":1},{"id":16750,"action":{"type":"block"},"condition":{"urlFilter":"/fbLikePopup*.js"},"priority":1},{"id":16777,"action":{"type":"block"},"condition":{"urlFilter":"/goodshare/*"},"priority":1},{"id":16800,"action":{"type":"block"},"condition":{"urlFilter":"/heart_it_button.js"},"priority":1},{"id":16830,"action":{"type":"block"},"condition":{"urlFilter":"/icons/share.jpg"},"priority":1},{"id":16857,"action":{"type":"block"},"condition":{"urlFilter":"/images/vk.png","initiatorDomains":["russiancouncil.ru","tapochek.net","cheater-top.ru","epicl2.com","epicwow.com","monolife.ru","mos.ru","playground.moscow"]},"priority":114},{"id":17007,"action":{"type":"block"},"condition":{"urlFilter":"/img/facebook.gif"},"priority":1},{"id":17035,"action":{"type":"block"},"condition":{"urlFilter":"/img/twitter.gif"},"priority":1},{"id":17062,"action":{"type":"block"},"condition":{"urlFilter":"/jquery.shareaholic-publishers-sb.min.js"},"priority":1},{"id":17113,"action":{"type":"block"},"condition":{"urlFilter":"/js/soc_set.js"},"priority":1},{"id":17138,"action":{"type":"block"},"condition":{"urlFilter":"/juiz-social-post-sharer.min.js"},"priority":1},{"id":17180,"action":{"type":"block"},"condition":{"urlFilter":"/likely.css"},"priority":1},{"id":17202,"action":{"type":"block"},"condition":{"urlFilter":"/likely.js","initiatorDomains":["live.skillbox.ru"]},"priority":201},{"id":17259,"action":{"type":"block"},"condition":{"urlFilter":"/mashnet.min.js"},"priority":1},{"id":17285,"action":{"type":"block"},"condition":{"urlFilter":"/mashsb.min.js"},"priority":1},{"id":17310,"action":{"type":"block"},"condition":{"urlFilter":"/plugins/mashsharer/*"},"priority":1},{"id":17342,"action":{"type":"block"},"condition":{"urlFilter":"/plugins/wp-share-to-xing/*"},"priority":1},{"id":17380,"action":{"type":"block"},"condition":{"urlFilter":"/pluso-like.js"},"priority":1},{"id":17405,"action":{"type":"block"},"condition":{"urlFilter":"/promo/facebook.png"},"priority":1},{"id":17435,"action":{"type":"block"},"condition":{"urlFilter":"/promo/twitter.png"},"priority":1},{"id":17464,"action":{"type":"block"},"condition":{"urlFilter":"/share/share1.js"},"priority":1},{"id":17491,"action":{"type":"block"},"condition":{"urlFilter":"/share42-16.js"},"priority":1},{"id":17516,"action":{"type":"block"},"condition":{"urlFilter":"/share42.js","initiatorDomains":["dontreg.ru"]},"priority":201},{"id":17568,"action":{"type":"block"},"condition":{"urlFilter":"/share424.js"},"priority":1},{"id":17591,"action":{"type":"block"},"condition":{"urlFilter":"/share_button.png"},"priority":1},{"id":17619,"action":{"type":"block"},"condition":{"urlFilter":"/shareaholic.js"},"priority":1},{"id":17645,"action":{"type":"block"},"condition":{"urlFilter":"/sharebox.min.js"},"priority":1},{"id":17672,"action":{"type":"block"},"condition":{"urlFilter":"/sharedaddy/sharing.js"},"priority":1},{"id":17705,"action":{"type":"block"},"condition":{"urlFilter":"/sharing_buttons.js"},"priority":1},{"id":17735,"action":{"type":"block"},"condition":{"urlFilter":"/social-likes.min.js","initiatorDomains":["gorod-812.ru","sputnik.by","animalreader.ru","ichip.ru","keddr.com","kino-max.com","make-3d.ru","miuipro.ru","omelchuck.ru","podfm.ru","serial-online.com","sputniknews.com","trinixy.ru","bobfilm-online.ru","westernfilm.ru","bobfilm.tv","kinokrik.net","kinogo720.net","kinoklad.net","farming-simulator15.ru","trikky.ru","trv-science.ru","unzensuriert.at","lizaalert.beeline.ru","megapolisonline.ru","sputniknews.ru","sputnik.kg","1prime.ru","mobnovelty.ru","poisktehniki.ru"]},"priority":105},{"id":18201,"action":{"type":"block"},"condition":{"urlFilter":"/social_networks.js"},"priority":1},{"id":18231,"action":{"type":"block"},"condition":{"urlFilter":"/socialbar-js.php"},"priority":1},{"id":18259,"action":{"type":"block"},"condition":{"urlFilter":"/socialbuttons.js"},"priority":1},{"id":18287,"action":{"type":"block"},"condition":{"urlFilter":"/socialite.js"},"priority":1},{"id":18311,"action":{"type":"block"},"condition":{"urlFilter":"/socialite.min.js"},"priority":1},{"id":18339,"action":{"type":"block"},"condition":{"urlFilter":"/socializ.js"},"priority":1},{"id":18362,"action":{"type":"block"},"condition":{"urlFilter":"/socializ_3.js"},"priority":1},{"id":18387,"action":{"type":"block"},"condition":{"urlFilter":"/socialize.js"},"priority":1},{"id":18411,"action":{"type":"block"},"condition":{"urlFilter":"/socialshareprivacy/*","excludedResourceTypes":["stylesheet","script","main_frame"]},"priority":2},{"id":18467,"action":{"type":"block"},"condition":{"urlFilter":"/src/gstoolbar2/js/tool.js"},"priority":1},{"id":18504,"action":{"type":"block"},"condition":{"urlFilter":"/plugins/ultimate-social-deux/*","excludedResourceTypes":["stylesheet","main_frame"]},"priority":2},{"id":18561,"action":{"type":"block"},"condition":{"urlFilter":"/widget/?45"},"priority":1},{"id":18583,"action":{"type":"block"},"condition":{"urlFilter":"/wp-content/plugins/2-click-socialmedia-buttons/*"},"priority":1},{"id":18643,"action":{"type":"block"},"condition":{"urlFilter":"/wp-content/plugins/aspexi-facebook-like-box"},"priority":1},{"id":18698,"action":{"type":"block"},"condition":{"urlFilter":"/wp-content/plugins/custom-fan-gate-plugin/*"},"priority":1},{"id":18753,"action":{"type":"block"},"condition":{"urlFilter":"/wp-content/plugins/easy-social-share-buttons","excludedInitiatorDomains":["geekculture.co"],"excludedResourceTypes":["stylesheet","main_frame"]},"priority":3},{"id":18853,"action":{"type":"block"},"condition":{"urlFilter":"/wp-content/plugins/facebook-page-promoter-lightbox/*"},"priority":1},{"id":18917,"action":{"type":"block"},"condition":{"urlFilter":"/wp-content/plugins/flare/*"},"priority":1},{"id":18955,"action":{"type":"block"},"condition":{"urlFilter":"/wp-content/plugins/indeed-social-media/*"},"priority":1},{"id":19007,"action":{"type":"block"},"condition":{"urlFilter":"/wp-content/plugins/monarch/*","excludedInitiatorDomains":["elegantthemes.com","philosophia-perennis.com"],"excludedResourceTypes":["font","main_frame"]},"priority":3},{"id":19120,"action":{"type":"block"},"condition":{"urlFilter":"/wp-content/plugins/social-count-plus/*"},"priority":1},{"id":19170,"action":{"type":"block"},"condition":{"urlFilter":"/wp-content/plugins/social-share-buttons-by-supsystic/*"},"priority":1},{"id":19236,"action":{"type":"block"},"condition":{"urlFilter":"/wp-content/plugins/social-warfare/*"},"priority":1},{"id":19283,"action":{"type":"block"},"condition":{"urlFilter":"/wp-content/plugins/wordpress-social-share-buttons/*"},"priority":1},{"id":19346,"action":{"type":"block"},"condition":{"urlFilter":"/wp-socializer/*"},"priority":1},{"id":19373,"action":{"type":"block"},"condition":{"urlFilter":"/zakladki.js"},"priority":1},{"id":19396,"action":{"type":"block"},"condition":{"urlFilter":"_follow_me-b.png"},"priority":1},{"id":19423,"action":{"type":"block"},"condition":{"urlFilter":"_social-button-"},"priority":1},{"id":19449,"action":{"type":"block"},"condition":{"urlFilter":"_social-buttons-"},"priority":1},{"id":19476,"action":{"type":"block"},"condition":{"urlFilter":"images/livejournal"},"priority":1},{"id":19505,"action":{"type":"block"},"condition":{"urlFilter":"lj_bookmarklet"},"priority":1},{"id":19530,"action":{"type":"block"},"condition":{"urlFilter":"/btn_sns_","excludedInitiatorDomains":["nikkan-gendai.com","colopl.co.jp"],"resourceTypes":["image"]},"priority":102},{"id":19611,"action":{"type":"block"},"condition":{"urlFilter":"/icon_kakao."},"priority":1},{"id":19634,"action":{"type":"block"},"condition":{"urlFilter":"/send_kakaotalk."},"priority":1},{"id":19661,"action":{"type":"block"},"condition":{"urlFilter":"/image2006/default/facebook.gif^"},"priority":1},{"id":19704,"action":{"type":"block"},"condition":{"urlFilter":"/image2006/default/google.gif^"},"priority":1},{"id":19745,"action":{"type":"block"},"condition":{"urlFilter":"/image2006/default/me2day.gif^"},"priority":1},{"id":19786,"action":{"type":"block"},"condition":{"urlFilter":"/image2006/default/msn.gif^"},"priority":1},{"id":19824,"action":{"type":"block"},"condition":{"urlFilter":"/image2006/default/naver.gif^"},"priority":1},{"id":19864,"action":{"type":"block"},"condition":{"urlFilter":"/image2006/default/Twitter.gif^"},"priority":1},{"id":19906,"action":{"type":"block"},"condition":{"urlFilter":"/image2006/default/yozm.gif^"},"priority":1},{"id":88554,"action":{"type":"block"},"condition":{"urlFilter":"||platform.twitter.com/widgets.js","initiatorDomains":["akb48matomemory.com","jidounten-lab.com","jocee.jp","gata21.jp","mantan-web.jp","dailygeekshow.com","myoji-yurai.net","connpass.com","journals.asm.org","elplural.com","gadgetrip.jp","tokyo-calendar.jp","replay.tlc.aston.ac.uk","boardingarea.com","tv-in-diretta.it","rakukan.net","ramen.walkerplus.com","pridesource.com","booksprivilege.com","pokeminers.com","equity.jiji.com","zaytung.com","akorda.kz","eldia.com","news.dwango.jp","w-higa.com","daemonanime.net","esports-world.jp","city.tochigi.lg.jp","nationalcrimeagency.gov.uk","zawazawa.jp","fbi.gov","voleybolmagazin.com","speaker.gov","educacionyfp.gob.es","phoenixliteos.com","freesoft-100.com","arknights.wikiru.jp","inps.it","btu.org.ua","nastroyka.zp.ua","dictionary.goo.ne.jp","gemlikgundemgazetesi.com","novynarnia.com","redanianintelligence.com","pensoft.net","esahubble.org","kyodonews.net","manageditmag.co.uk","newzimbabwe.com","downdetector.jp","sporx.com","dive-anime.com","jpost.com","otonari-anime.com","mecicolle.gnavi.co.jp","intellinews.com","4travel.jp","shingeki.tv","jin115.com","cumhuriyet.com.tr","koukouseishinbun.jp","complesso.jp","sundaypost.com","lycoris-recoil.com","biteki.com","bhol.co.il","ilfattoalimentare.it","taishu.jp","ukrinform.pl","ukrinform.jp","ukrinform.fr","ukrinform.de","ukrinform.es","ukrinform.net","natgeo.nikkeibp.co.jp","life.pravda.com.ua","inuhiro-anime.com","murabito-a-anime.com","summertime-anime.com","matomame.jp","en-japan.com","shikimori-anime.com","komisan-official.com","ukrinform.ru","canon-its.jp","rebaltica.lv","cricbuzz.com","bizmates.jp","stardoll.com","yakugakulab.info","colopl.co.jp","carnegie.ru","shamanking-project.com","yakumo-project.com","kamuy-anime.com","kamihiro-anime.com","fugoukeiji-bul.com","heros-ultraman.com","robihachi.jp","heroaca.com","rymansclub.com","promo.kadokawa.co.jp","greatpretender.jp","fireforce-anime.jp","sdesignlabo.com","blog.naverblogwidget.com","gpmradio.ru","end-harem-anime.com","originalnews.nico","archives.gov","nationalchronicle.in","analogictips.com","linearmotiontips.com","skymetweather.com","teyvatsokuho.com","extravelmoney.com","gigafree.net","ifestyle.livemint.com","kidscreen.com","technofaq.org","ingentaconnect.com","boxofficeworldwide.com","downdetector.in","downdetector.com.br","mediamass.net","dinamalar.com","eckovation.com","fx-koryaku.com","oper.ru","sonperiyot.com","infolaw.co.uk","foros.fotech.cl","deathwithdignity.org","interq.or.jp","indulgexpress.com","aktu.ac.in","fastbikesmag.com","actualcomment.ru","airkule.com","akhisarhaber.com","altyazi.net","bartinolay.com","belgeselciyiz.com","belsat.eu","blog.jetbrains.com","brauer-bund.de","btcnewz.com","businessturkeytoday.com","cj3z.com","corgit.xyz","creatorlabs.net","cwbaltimore.com","daemon-hentai.com","der-postillon.com","desimartini.com","discoverskills.com","discoverychannel.com.tr","earthsky.org","efelerhaber.com","egeyonhaber.com","elazigyenihaber.com","ellegirl.ru","erkekadam.org","erzurumajans.com","eurolab.ua","forums.flyer.co.uk","fox38corpuschristi.com","fox47.com","foxkansas.com","foxrichmond.com","gercekizmir.com","gidavitrini.com.tr","govoritmoskva.ru","hentairules.net","hornygamer.com","inforesist.org","jeotermalhaberler.com","jetvis.ru","kachelmannwetter.com","karsolay.com","kbsi23.com","kdsm17.com","kevinpurcell.org","kg-portal.ru","kinopoisk.userecho.com","kp.ua","larende.com","losst.ru","mforos.com","mogilev.online","muchohentai.com","multifilemirror.com","mvs.gov.ua","mytuner-radio.com","mywebtimes.com","namemc.com","news-journalonline.com","nk.org.ua","nkj.ru","noticierodigital.com","ntp-servers.net","obltv.ru","orbita.dn.ua","pctip.ru","podrobnosti.ua","ppt.ru","proglang.su","raider.io","raleighcw.com","real-vin.com","rmj.ru","rusvesna.su","sanatatak.com","seirsanduk.us","sonkaleizmir.com","sp-mobile-blog.com","star64.tv","tayga.info","tomiks33.ru","tqm.com.ua","tva.in.ua","utofiles.com","washingtontimes.com","wcti12.com","womanel.com.ua","wpgh53.com","wtto21.com","wutv29.com","xn----8sbcm1bmcar0m.xn--p1ai","jansatta.com","gunafrica.co.za","opentrackers.org","tv.ua","ewdn.com","meanjin.com.au","radiko.jp","anime.dmkt-sp.jp","bushikaku.net","toyokeizai.net","buzzap.jp","tsubasa.im","kinro.ntv.co.jp","prezydent.pl","blog.lastpass.com","nordot.app","hinode.pics","fumufumunews.jp","fufukokan.af-original.com","xn--gck1f423k.xn--1bvt37a.tools","dietplus.jp","blog.jp"]},"priority":102},{"id":125045,"action":{"type":"block"},"condition":{"urlFilter":"||blogimg.jp/i6469/imgs/2/9/2962fce9.gif","initiatorDomains":["blog.livedoor.jp"]},"priority":201},{"id":125132,"action":{"type":"block"},"condition":{"urlFilter":"||blogimg.jp/life_goes_on5474-fashion_news/imgs/d/6/d6fa1f4b.gif","initiatorDomains":["blog.livedoor.jp"]},"priority":201},{"id":125375,"action":{"type":"block"},"condition":{"urlFilter":"||vk.com/video_ext.php","initiatorDomains":["iphones.ru"]},"priority":201},{"id":134578,"action":{"type":"block"},"condition":{"urlFilter":"||line-website.com/social-plugins/"},"priority":1},{"id":150070,"action":{"type":"block"},"condition":{"urlFilter":"||taishurx.jp/js/web/sns_header.js"},"priority":1},{"id":163227,"action":{"type":"block"},"condition":{"urlFilter":"||p.potaufeu.asahi.com/sippo/*/sns.js"},"priority":1},{"id":199079,"action":{"type":"block"},"condition":{"urlFilter":"||cdn.ekattor.net/contents/assets/jwshare/share.js"},"priority":1},{"id":212064,"action":{"type":"block"},"condition":{"urlFilter":"||diariodocomercio.com.br/*/img/icons/compartilhar.svg"},"priority":1},{"id":217803,"action":{"type":"block"},"condition":{"urlFilter":"||w.atwiki.jp/common/dist/js/socail_button.js"},"priority":1},{"id":217859,"action":{"type":"block"},"condition":{"urlFilter":"||ssl.pstatic.net/share/js/naver_sharebutton.js"},"priority":1},{"id":220803,"action":{"type":"block"},"condition":{"urlFilter":"||39.benesse.ne.jp/blog/image/housekeep/blog/social/"},"priority":1},{"id":222779,"action":{"type":"block"},"condition":{"urlFilter":"||join.commufa.jp/-/media/Project/commufa/new-join/common/img/sns_icon/icon_*_share.svg"},"priority":1},{"id":230311,"action":{"type":"block"},"condition":{"urlFilter":"||xanimeporn.com/wp-content/*/widgets.js"},"priority":1},{"id":232476,"action":{"type":"block"},"condition":{"urlFilter":"||s.ipaddress.com/shariff/shariff.complete.js"},"priority":1},{"id":233259,"action":{"type":"block"},"condition":{"urlFilter":"||public.imyfone.com/assets/js/media_share/"},"priority":1},{"id":233890,"action":{"type":"block"},"condition":{"urlFilter":"||ministop.co.jp/site_common/js/sns_"},"priority":1},{"id":234859,"action":{"type":"block"},"condition":{"urlFilter":"||m.mimint.co.kr/img/btn_sns.png"},"priority":1},{"id":240499,"action":{"type":"block"},"condition":{"urlFilter":"||cdn.smule.com/assets/community/billing/share@*.png"},"priority":1},{"id":240562,"action":{"type":"block"},"condition":{"urlFilter":"||cdn.smule.com/assets/community/billing/share_hover@*.png"},"priority":1},{"id":253339,"action":{"type":"block"},"condition":{"urlFilter":"||cdn.incheonilbo.com/script/share.sns.js"},"priority":1},{"id":274343,"action":{"type":"block"},"condition":{"urlFilter":"||paparazzi.ru/banners/telegram.jpg"},"priority":1},{"id":288363,"action":{"type":"block"},"condition":{"urlFilter":"||novayagazeta.eu/ic_share_grey_40dp.svg"},"priority":1},{"id":294120,"action":{"type":"block"},"condition":{"urlFilter":"||airportinfo.live/socialshare/jquery-social-share-bar.js"},"priority":1},{"id":315296,"action":{"type":"block"},"condition":{"urlFilter":"||dailian.co.kr/newCommon/icon/share"},"priority":1},{"id":315343,"action":{"type":"block"},"condition":{"urlFilter":"||dailian.co.kr/newCommon/icon/print.svg"},"priority":1},{"id":315670,"action":{"type":"block"},"condition":{"urlFilter":"||newstomato.com/images/icon/ic-share.png"},"priority":1},{"id":317262,"action":{"type":"block"},"condition":{"urlFilter":"||photar.ru/wptelegram/widget/view/"},"priority":1},{"id":320497,"action":{"type":"block"},"condition":{"urlFilter":"||hk.on.cc/*/fb-page.html"},"priority":1},{"id":324903,"action":{"type":"block"},"condition":{"urlFilter":"||realtime-chart.mofi.xyz/image/twitter.png"},"priority":1},{"id":339407,"action":{"type":"block"},"condition":{"urlFilter":"||kookbang.dema.mil.kr/newspaper/*/js/sns.js"},"priority":1},{"id":362381,"action":{"type":"block"},"condition":{"urlFilter":"||cdn.smule.com/assets/community/billing/share-","resourceTypes":["image"]},"priority":101},{"id":377380,"action":{"type":"block"},"condition":{"urlFilter":"||line-apps.com/n/line_add_friends/"},"priority":1},{"id":387026,"action":{"type":"block"},"condition":{"urlFilter":"||uaz.ru/js/analytics/gtm.js"},"priority":1},{"id":388181,"action":{"type":"block"},"condition":{"urlFilter":"||dizimag.info/insert/i/share_"},"priority":1},{"id":401572,"action":{"type":"block"},"condition":{"urlFilter":"||cdn.jsdelivr.net/*/tinyq/dist/tinyquoter","initiatorDomains":["fireflies.ai"]},"priority":201},{"id":421907,"action":{"type":"block"},"condition":{"urlFilter":"||bhol.co.il/forums/media/twitter_full.asp"},"priority":1},{"id":423443,"action":{"type":"block"},"condition":{"urlFilter":"||databaseitalia.it/wptelegram/widget/"},"priority":1},{"id":437057,"action":{"type":"block"},"condition":{"urlFilter":"||script1.kakaku.k-img.com/script/snsbutton.js"},"priority":1},{"id":445615,"action":{"type":"block"},"condition":{"urlFilter":"||mz-cdn.shoeisha.jp/lib/img/cmn/icon_note.svg"},"priority":1},{"id":450702,"action":{"type":"block"},"condition":{"urlFilter":"||kuroutoshikou.com/resource_k/img/h_snsarea_01.png"},"priority":1},{"id":454582,"action":{"type":"block"},"condition":{"urlFilter":"||f-academy.jp/images/common/line-a.png"},"priority":1},{"id":457596,"action":{"type":"block"},"condition":{"urlFilter":"||uploadflix.org/js/share.js"},"priority":1},{"id":463076,"action":{"type":"block"},"condition":{"urlFilter":"||teratail.com/img/icon/share_"},"priority":1},{"id":463495,"action":{"type":"block"},"condition":{"urlFilter":"||yimg.jp/images/news-web/all/images/sns_","initiatorDomains":["news.yahoo.co.jp"]},"priority":201},{"id":466441,"action":{"type":"block"},"condition":{"urlFilter":"||cdnen.rt.com/static/js/services.sharing.js"},"priority":1},{"id":472388,"action":{"type":"block"},"condition":{"urlFilter":"||instagram.astv.ru^"},"priority":1},{"id":472708,"action":{"type":"block"},"condition":{"urlFilter":"||social-plugins.line.me/widget/share?buttonType="},"priority":1},{"id":478603,"action":{"type":"block"},"condition":{"urlFilter":"||viet-jo.com/home/images/icon-evernote.jpg"},"priority":1},{"id":506424,"action":{"type":"block"},"condition":{"urlFilter":"||alexonsager.net/pokemon/facebook.png"},"priority":1},{"id":506473,"action":{"type":"block"},"condition":{"urlFilter":"||alexonsager.net/pokemon/twitter.png"},"priority":1},{"id":510223,"action":{"type":"block"},"condition":{"urlFilter":"||discordapp.com/widget?id=","domainType":"thirdParty"},"priority":2},{"id":514151,"action":{"type":"block"},"condition":{"urlFilter":"/files/tgparser/*","initiatorDomains":["armeniasputnik.am","sputniknews.ru","sputnik.kg","sputnik-abkhazia.ru","sputnik.kz","sputnik-georgia.ru","sputnik-ossetia.ru"]},"priority":116},{"id":520910,"action":{"type":"block"},"condition":{"urlFilter":"||square-enix.com/common/templates/images/footer/share_"},"priority":1},{"id":521696,"action":{"type":"block"},"condition":{"urlFilter":"||newsweekjapan.jp/js/sns.js"},"priority":1},{"id":521735,"action":{"type":"block"},"condition":{"urlFilter":"||newsweekjapan.jp/js/sp/sns.js"},"priority":1},{"id":522070,"action":{"type":"block"},"condition":{"urlFilter":"||u.xgoo.jp/img/sns/button/"},"priority":1},{"id":535405,"action":{"type":"block"},"condition":{"urlFilter":"||widget.crowdynews.com/OneIndia_home-horizontal.js","initiatorDomains":["oneindia.com"]},"priority":201},{"id":539479,"action":{"type":"block"},"condition":{"urlFilter":"||cache.ltn.com.tw/js/c.js"},"priority":1},{"id":544717,"action":{"type":"block"},"condition":{"urlFilter":"||cashify.in/static/post/svgs/share-*.svg"},"priority":1},{"id":548992,"action":{"type":"block"},"condition":{"urlFilter":"||mer-web.jp/wp-content/themes/mer/images/icon-sns-"},"priority":1},{"id":551085,"action":{"type":"block"},"condition":{"urlFilter":"||hwc.reachout.com/dist/NROShare/NROShare.umd.js"},"priority":1},{"id":563365,"action":{"type":"block"},"condition":{"urlFilter":"||gamek.mediacdn.vn/Images/btnlike.PNG"},"priority":1},{"id":574766,"action":{"type":"block"},"condition":{"urlFilter":"||hh-online.jp/ec/shop/*/images/goods/sns_fb.png"},"priority":1},{"id":580935,"action":{"type":"block"},"condition":{"urlFilter":"||beplus.prod.beplus.solutions/sdk/core/latest/bp.js","initiatorDomains":["sonperiyot.com"]},"priority":201},{"id":594268,"action":{"type":"block"},"condition":{"urlFilter":"||cdn.bibliatodo.com/assets/img/recursos/compartir/c1.png"},"priority":1},{"id":597795,"action":{"type":"block"},"condition":{"urlFilter":"||demotywatory.pl/res/img/layout/share-stylowi.gif"},"priority":1},{"id":602009,"action":{"type":"block"},"condition":{"urlFilter":"||s-nk.pl/script/nk_widgets/nk_widget_fajne_embed","initiatorDomains":["tvp.pl"]},"priority":201},{"id":606038,"action":{"type":"block"},"condition":{"urlFilter":"||seesaawiki.jp/js/evernote/"},"priority":1},{"id":606077,"action":{"type":"block"},"condition":{"urlFilter":"||seesaawiki.jp/img/usr_second/common/bt_tumblr.gif"},"priority":1},{"id":609892,"action":{"type":"block"},"condition":{"urlFilter":"||instagram.com/p/*/embed/","initiatorDomains":["hotline.ua"]},"priority":201},{"id":610764,"action":{"type":"block"},"condition":{"urlFilter":"||numero.wiki/s/share-desktop.png"},"priority":1},{"id":611638,"action":{"type":"block"},"condition":{"urlFilter":"||psychologies.ru/*/blocks/psy_zen_promo_*.jpg"},"priority":1},{"id":612278,"action":{"type":"block"},"condition":{"urlFilter":"||player.daznservices.com/player/releases/v*/unfilled/share.chunk.js","initiatorDomains":["goal.com"]},"priority":201},{"id":616941,"action":{"type":"block"},"condition":{"urlFilter":"||unilad.co.uk/assets/twitter."},"priority":1},{"id":616982,"action":{"type":"block"},"condition":{"urlFilter":"||unilad.co.uk/assets/facebook."},"priority":1},{"id":622011,"action":{"type":"block"},"condition":{"urlFilter":"||utorrent.com/scripts/social/get_tweet.php"},"priority":1},{"id":624533,"action":{"type":"block"},"condition":{"urlFilter":"||averin.pro/widget.php"},"priority":1},{"id":642824,"action":{"type":"block"},"condition":{"urlFilter":"||gazeta-misto.te.ua/wp-content/themes/CherryFramework/*/remodal"},"priority":1},{"id":645347,"action":{"type":"block"},"condition":{"urlFilter":"||livingtraditionally.com/wp-content/cache/min/1/f6d40e07318704badcdcdac0aff1556a.js"},"priority":1},{"id":651144,"action":{"type":"block"},"condition":{"urlFilter":"||kraj.by/data/img/news/settings/subscribe/","resourceTypes":["image"]},"priority":101},{"id":652693,"action":{"type":"block"},"condition":{"urlFilter":"||maximp3.ru/js/goodshare.js"},"priority":1},{"id":655768,"action":{"type":"block"},"condition":{"urlFilter":"||m.imgur.com/js/share.*.bundle.js"},"priority":1},{"id":656094,"action":{"type":"block"},"condition":{"urlFilter":"||cdn.st-note.com/js/social_button.min.js"},"priority":1},{"id":678635,"action":{"type":"block"},"condition":{"urlFilter":"||getsocial.io/*/gs_async.js","domainType":"thirdParty"},"priority":2},{"id":687144,"action":{"type":"block"},"condition":{"urlFilter":"||apigw.scmp.com/share-count/"},"priority":1},{"id":715076,"action":{"type":"block"},"condition":{"urlFilter":"||discordapp.com/widget?id=","initiatorDomains":["creatorlabs.net"]},"priority":201},{"id":722047,"action":{"type":"block"},"condition":{"urlFilter":"||gotchosen.com^","initiatorDomains":["footwearnews.com"]},"priority":201},{"id":724284,"action":{"type":"block"},"condition":{"urlFilter":"||lasmax.com.tr/images/fa.png"},"priority":1},{"id":741581,"action":{"type":"block"},"condition":{"urlFilter":"||goldtalant.com.ua/wp-content/uploads/2019/04/hosting.png"},"priority":1},{"id":745695,"action":{"type":"block"},"condition":{"urlFilter":"||58b.tv/static/js/assets.js"},"priority":1},{"id":771593,"action":{"type":"block"},"condition":{"urlFilter":"||code.bildstatic.de/*/min/core/js/simple/de.bild.sharingBar.js"},"priority":1},{"id":786310,"action":{"type":"block"},"condition":{"urlFilter":"||image.inforesist.org/uploads/2016/06/viber2.png"},"priority":1},{"id":789768,"action":{"type":"block"},"condition":{"urlFilter":"||yeroshka.europaplus.ru/inwidget/index.php"},"priority":1},{"id":793077,"action":{"type":"block"},"condition":{"urlFilter":"||atmarkit.co.jp/js/socialbutton.js"},"priority":1},{"id":794115,"action":{"type":"block"},"condition":{"urlFilter":"||blog.seesaa.jp/js/bl-bookmarks-phone.js"},"priority":1},{"id":802889,"action":{"type":"block"},"condition":{"urlFilter":"||draugiem.lv/say/ext/recommend.php","domainType":"thirdParty"},"priority":2},{"id":802950,"action":{"type":"block"},"condition":{"urlFilter":"||draugiem.lv/say/ext/like.php","domainType":"thirdParty"},"priority":2},{"id":803006,"action":{"type":"block"},"condition":{"urlFilter":"||draugiem.lv/lapas/widgets/","domainType":"thirdParty"},"priority":2},{"id":803060,"action":{"type":"block"},"condition":{"urlFilter":"||draugiem.lv/business/ext/follow/","domainType":"thirdParty"},"priority":2},{"id":803120,"action":{"type":"block"},"condition":{"urlFilter":"||draugiem.lv/business/ext/fans/","domainType":"thirdParty"},"priority":2},{"id":803178,"action":{"type":"block"},"condition":{"urlFilter":"||draugiem.lv^*/js/fans/","domainType":"thirdParty"},"priority":2},{"id":816780,"action":{"type":"block"},"condition":{"urlFilter":"||27sysday.ru/wp-content/plugins/social-by-webnavoz/"},"priority":1},{"id":827895,"action":{"type":"block"},"condition":{"urlFilter":"||social-plugins.line.me/widget^","domainType":"thirdParty"},"priority":2},{"id":841004,"action":{"type":"block"},"condition":{"urlFilter":"||cizgifilm.in/images/cizgi_filmi_facebookta_paylas.gif"},"priority":1},{"id":857383,"action":{"type":"block"},"condition":{"urlFilter":"||html-online.com/like.html"},"priority":1},{"id":861160,"action":{"type":"block"},"condition":{"urlFilter":"||d5k6iufjynyu8.cloudfront.net/script/button.js"},"priority":1},{"id":865252,"action":{"type":"block"},"condition":{"urlFilter":"||destekdukkan.com/images/sosyal.png"},"priority":1},{"id":867894,"action":{"type":"block"},"condition":{"urlFilter":"||sp.zalo.me/plugins/share?dev=","domainType":"thirdParty"},"priority":2},{"id":867951,"action":{"type":"block"},"condition":{"urlFilter":"||sp.zalo.me/plugins/follow_only^","domainType":"thirdParty"},"priority":2},{"id":868010,"action":{"type":"block"},"condition":{"urlFilter":"||sp.zalo.me/plugins/follow?","domainType":"thirdParty"},"priority":2},{"id":876248,"action":{"type":"block"},"condition":{"urlFilter":"||kobinet-nachrichten.org/themes/publication*/_js/share.js"},"priority":1},{"id":876317,"action":{"type":"block"},"condition":{"urlFilter":"/pandalocker.","initiatorDomains":["lanka.ru"],"resourceTypes":["script"]},"priority":301},{"id":877654,"action":{"type":"block"},"condition":{"urlFilter":"||graph.facebook.com/?ids=*&fields=*share_count"},"priority":1},{"id":878222,"action":{"type":"block"},"condition":{"urlFilter":"||getsocial.io/widget/","domainType":"thirdParty"},"priority":2},{"id":878820,"action":{"type":"block"},"condition":{"urlFilter":"/tema/facebook.gif","initiatorDomains":["abamedya.com"]},"priority":201},{"id":881272,"action":{"type":"block"},"condition":{"urlFilter":"||futbolcafetv1.org/like.html"},"priority":1},{"id":882821,"action":{"type":"block"},"condition":{"urlFilter":"||kukudas.com/skin/board/JBoard/img/sns_*.png"},"priority":1},{"id":883324,"action":{"type":"block"},"condition":{"urlFilter":"||mangafox.la/fb.html"},"priority":1},{"id":885699,"action":{"type":"block"},"condition":{"urlFilter":"||vuukle.com/widgets/powerbar/","domainType":"thirdParty"},"priority":2},{"id":885870,"action":{"type":"block"},"condition":{"urlFilter":"||behindwoods.com/cmsadmin/images/share.png"},"priority":1},{"id":890385,"action":{"type":"block"},"condition":{"urlFilter":"||api-read.facebook.com/restserver.php?api_key=","domainType":"thirdParty"},"priority":2},{"id":890458,"action":{"type":"block"},"condition":{"urlFilter":"||facebook.com/restserver.php?*.getStats&","domainType":"thirdParty"},"priority":2},{"id":892306,"action":{"type":"block"},"condition":{"urlFilter":"||it-like.ru/res/plugins/share42_mob/share42_mob.js"},"priority":1},{"id":905235,"action":{"type":"block"},"condition":{"urlFilter":"||shariki-games.ru/images/auchan_bg.jpg"},"priority":1},{"id":905567,"action":{"type":"block"},"condition":{"urlFilter":"||img-css.friends.yandex.net//js/api/Share.js"},"priority":1},{"id":907603,"action":{"type":"block"},"condition":{"urlFilter":"||olkem.az/wp-content/themes/olkem11/images/sosyal/"},"priority":1},{"id":907969,"action":{"type":"block"},"condition":{"urlFilter":"||syndication.twimg.com/widgets/","domainType":"thirdParty","initiatorDomains":["gazetadaily.ru"]},"priority":202},{"id":908381,"action":{"type":"block"},"condition":{"urlFilter":"||azadliq.az/wp-content/themes/azadliqv1/images/sosyal/"},"priority":1},{"id":911422,"action":{"type":"block"},"condition":{"urlFilter":"||jetsetter.ua/thema/*/img/bg_home/"},"priority":1},{"id":911468,"action":{"type":"block"},"condition":{"urlFilter":"||brd24.com/up/rk/"},"priority":1},{"id":911497,"action":{"type":"block"},"condition":{"urlFilter":"||kstati.dp.ua/sites/default/files/banner_reclama/"},"priority":1},{"id":915929,"action":{"type":"block"},"condition":{"urlFilter":"||finikeakdeniz.com.tr/images/facebook.png"},"priority":1},{"id":916073,"action":{"type":"block"},"condition":{"urlFilter":"||kahtagundem.com/i/share-","resourceTypes":["image"]},"priority":101},{"id":919803,"action":{"type":"block"},"condition":{"urlFilter":"||spielesite.com/*/share/?ref"},"priority":1},{"id":921665,"action":{"type":"block"},"condition":{"urlFilter":"||karakartal.com/_iframe/haber_paylas_kutular.php?"},"priority":1},{"id":980526,"action":{"type":"block"},"condition":{"urlFilter":"/jquery.fancybox.pack.js","initiatorDomains":["ultraslan.com"]},"priority":201},{"id":980594,"action":{"type":"block"},"condition":{"urlFilter":"/s_code.js","initiatorDomains":["ge.com"]},"priority":201},{"id":990307,"action":{"type":"block"},"condition":{"urlFilter":"||akgazete.com.tr/assets/frontend/js/jquery-confirm.min.js"},"priority":1},{"id":990376,"action":{"type":"block"},"condition":{"urlFilter":"||anti-malware.ru/misc/footer_follow.js"},"priority":1},{"id":990426,"action":{"type":"block"},"condition":{"urlFilter":"||api.pinterest.com/*/urls/count.json?callback=jQuery*&url=","domainType":"thirdParty"},"priority":2},{"id":990511,"action":{"type":"block"},"condition":{"urlFilter":"||blogger.com/followers.g?blogID"},"priority":1},{"id":990554,"action":{"type":"block"},"condition":{"urlFilter":"||bursadabugun.com/socialmediabox.php"},"priority":1},{"id":990602,"action":{"type":"block"},"condition":{"urlFilter":"||nastroisam.ru/share/vkg.png"},"priority":1},{"id":990642,"action":{"type":"block"},"condition":{"urlFilter":"||cdn.comss.net/action/vk_comss.png"},"priority":1},{"id":990832,"action":{"type":"block"},"condition":{"urlFilter":"||cdn.yeniakit.com.tr/images/share.png"},"priority":1},{"id":990881,"action":{"type":"block"},"condition":{"urlFilter":"||connect.ok.ru/dk?st.cmd=WidgetShare","initiatorDomains":["gazeta.ua"]},"priority":201},{"id":990958,"action":{"type":"block"},"condition":{"urlFilter":"||cumhuriyet.com.tr/image/share_facebook.gif"},"priority":1},{"id":991013,"action":{"type":"block"},"condition":{"urlFilter":"||eventsfolder.ru/templates/ef/js/lockers-ru_*.min.js"},"priority":1},{"id":991077,"action":{"type":"block"},"condition":{"urlFilter":"||focus.de/resources/*/js/swapgate.js"},"priority":1},{"id":991125,"action":{"type":"block"},"condition":{"urlFilter":"||focus.de/resources/*/singlepost_complain_q.png"},"priority":1},{"id":991184,"action":{"type":"block"},"condition":{"urlFilter":"||focus.lv/social_*.html"},"priority":1},{"id":991219,"action":{"type":"block"},"condition":{"urlFilter":"||googledrive.com/host/0B0RbcxkKer_INWJtWm5MT1JCdU0"},"priority":1},{"id":991281,"action":{"type":"block"},"condition":{"urlFilter":"||graph.facebook.com/?*id=http://","domainType":"thirdParty"},"priority":2},{"id":991340,"action":{"type":"block"},"condition":{"urlFilter":"||graph.facebook.com/?*id=https://","domainType":"thirdParty"},"priority":2},{"id":991400,"action":{"type":"block"},"condition":{"urlFilter":"||graph.facebook.com/?callback=*&ids=http://","domainType":"thirdParty"},"priority":2},{"id":991470,"action":{"type":"block"},"condition":{"urlFilter":"||graph.facebook.com/?callback=*&ids=https://","domainType":"thirdParty"},"priority":2},{"id":991541,"action":{"type":"block"},"condition":{"urlFilter":"||grfx.cstv.com/scripts/csui/twitterfeed/"},"priority":1},{"id":991593,"action":{"type":"block"},"condition":{"urlFilter":"||ia.media-imdb.com/images/*/imdb/html/facebook-"},"priority":1},{"id":991652,"action":{"type":"block"},"condition":{"urlFilter":"||ia.media-imdb.com/images/*/imdb/html/twitter-"},"priority":1},{"id":991710,"action":{"type":"block"},"condition":{"urlFilter":"||informpskov.ru/instagram_widget/"},"priority":1},{"id":991755,"action":{"type":"block"},"condition":{"urlFilter":"||infranken.de/fileadmin/scripts/shariff/"},"priority":1},{"id":991807,"action":{"type":"block"},"condition":{"urlFilter":"||infranken.de/fileadmin/scripts/socialshareprivacy/"},"priority":1},{"id":991870,"action":{"type":"block"},"condition":{"urlFilter":"||innovationmanagement.se/wp-content/themes/IM-5-0/js/jquery.sharrre.min.js"},"priority":1},{"id":991956,"action":{"type":"block"},"condition":{"urlFilter":"||iplsc.com/internal/inpl.social/","initiatorDomains":["interia.pl"]},"priority":201},{"id":992030,"action":{"type":"block"},"condition":{"urlFilter":"||joinfo.ua/js/share"},"priority":1},{"id":992061,"action":{"type":"block"},"condition":{"urlFilter":"||kaldata.com/js/cookieconsent.latest.min.js"},"priority":1},{"id":992116,"action":{"type":"block"},"condition":{"urlFilter":"||kaufland.de/Global/Script/facebook_toolbox.js"},"priority":1},{"id":992174,"action":{"type":"block"},"condition":{"urlFilter":"||kino-online.tv/soc/*.js"},"priority":1},{"id":992210,"action":{"type":"block"},"condition":{"urlFilter":"||kinokadr.ru/includes/count.js"},"priority":1},{"id":992252,"action":{"type":"block"},"condition":{"urlFilter":"||knopka.fishurl.ru"},"priority":1},{"id":992282,"action":{"type":"block"},"condition":{"urlFilter":"||m.sporx.com/_js/interstitial_check.php"},"priority":1},{"id":992333,"action":{"type":"block"},"condition":{"urlFilter":"||mediafire.com/dynamic/socialmedia-share-buttons.php"},"priority":1},{"id":992397,"action":{"type":"block"},"condition":{"urlFilter":"||mediametrics.ru/rating/ru/online.html"},"priority":1},{"id":992447,"action":{"type":"block"},"condition":{"urlFilter":"||meduza.io/api/*/social?links"},"priority":1},{"id":992488,"action":{"type":"block"},"condition":{"urlFilter":"||msilab.net/js/share/share.js"},"priority":1},{"id":992529,"action":{"type":"block"},"condition":{"urlFilter":"||multiup.org/img/share/"},"priority":1},{"id":992564,"action":{"type":"block"},"condition":{"urlFilter":"||new-rutor.org/js/blocked.js"},"priority":1},{"id":992604,"action":{"type":"block"},"condition":{"urlFilter":"||nichosy.ru/wp-content/plugins/wordpress-popup/js/public.min.js"},"priority":1},{"id":992679,"action":{"type":"block"},"condition":{"urlFilter":"||noi.md/css/facebook-popup.css"},"priority":1},{"id":992721,"action":{"type":"block"},"condition":{"urlFilter":"||personalaudio.ru/bitrix/components/bitrix/main.share/"},"priority":1},{"id":992787,"action":{"type":"block"},"condition":{"urlFilter":"||rbk.ru/*/xtcore.js"},"priority":1},{"id":992818,"action":{"type":"block"},"condition":{"urlFilter":"||referrer.disqus.com/juggler/stat.gif"},"priority":1},{"id":992867,"action":{"type":"block"},"condition":{"urlFilter":"||rusradio.ru/upload/images/js/additional.js"},"priority":1},{"id":992922,"action":{"type":"block"},"condition":{"urlFilter":"||s.hurriyet.com.tr/static/scripts/socialApi/scripts/sosyal.widget"},"priority":1},{"id":992999,"action":{"type":"block"},"condition":{"urlFilter":"||s1.softpedia-static.com/base_img/tweetn.png"},"priority":1},{"id":993055,"action":{"type":"block"},"condition":{"urlFilter":"||satsis.ru/img/share.js"},"priority":1},{"id":993090,"action":{"type":"block"},"condition":{"urlFilter":"||seasonvar.ru/js/b_script.js"},"priority":1},{"id":993130,"action":{"type":"block"},"condition":{"urlFilter":"||share.baidu.com^","domainType":"thirdParty"},"priority":2},{"id":993174,"action":{"type":"block"},"condition":{"urlFilter":"||sletat.ru/Services/SletatCounter.ashx"},"priority":1},{"id":993224,"action":{"type":"block"},"condition":{"urlFilter":"||sol-online.ru/art/"},"priority":1},{"id":993255,"action":{"type":"block"},"condition":{"urlFilter":"||static.zakon.kz/static_zakon/www/yandex_share.js"},"priority":1},{"id":993316,"action":{"type":"block"},"condition":{"urlFilter":"||strana.in.ua/templates/*/js/popup.js"},"priority":1},{"id":993365,"action":{"type":"block"},"condition":{"urlFilter":"||stranamam.ru/i/share_icons.png"},"priority":1},{"id":993408,"action":{"type":"block"},"condition":{"urlFilter":"||svit24.net/media/mod_pwebbox/js/mootools.pwebbox.js"},"priority":1},{"id":993472,"action":{"type":"block"},"condition":{"urlFilter":"||thelocal.se/assets/common/image/article-social/"},"priority":1},{"id":993532,"action":{"type":"block"},"condition":{"urlFilter":"||torbina.com/misc/js/social.js"},"priority":1},{"id":993574,"action":{"type":"block"},"condition":{"urlFilter":"||trimay.ru/?"},"priority":1},{"id":993598,"action":{"type":"block"},"condition":{"urlFilter":"||ultramir.net/templates/ultramir/js/popup.js"},"priority":1},{"id":993654,"action":{"type":"block"},"condition":{"urlFilter":"||utsports.com/library/scripts/custom/shareLinks.js"},"priority":1},{"id":993716,"action":{"type":"block"},"condition":{"urlFilter":"||virusinfo.info/helper_statistic/footer_follow.js"},"priority":1},{"id":993777,"action":{"type":"block"},"condition":{"urlFilter":"||widget.breakingburner.com/js/jwidget.js","initiatorDomains":["novayagazeta.ru"]},"priority":201},{"id":993864,"action":{"type":"block"},"condition":{"urlFilter":"||workingkeys.org/wp-content/plugins/social-locker/"},"priority":1},{"id":993926,"action":{"type":"block"},"condition":{"urlFilter":"||wow.ya.ru/ajax/share-counter.xml","domainType":"thirdParty"},"priority":2},{"id":993986,"action":{"type":"block"},"condition":{"urlFilter":"||yandex.st/share/static/b-share-icon.png"},"priority":1},{"id":1181026,"action":{"type":"block"},"condition":{"urlFilter":"href^=\"https://facebook.com/sharer?u="},"priority":1},{"id":1226451,"action":{"type":"block"},"condition":{"urlFilter":"/wp-content/plugins/ays-facebook-popup-likebox/*"},"priority":1},{"id":1226549,"action":{"type":"block"},"condition":{"urlFilter":"/cdn-cgi/pe/bag2?r[]=*mailget.net"},"priority":1},{"id":1226593,"action":{"type":"block"},"condition":{"urlFilter":"/wp-content/plugins/easy-facebook-likebox/*"},"priority":1},{"id":1226647,"action":{"type":"block"},"condition":{"urlFilter":"/wp-content/plugins/facebook-fanbox-popup/*"},"priority":1},{"id":1226701,"action":{"type":"block"},"condition":{"urlFilter":"||cdn-library.su/plusonet/lib/","excludedInitiatorDomains":["pluso.net"]},"priority":2},{"id":1226772,"action":{"type":"block"},"condition":{"urlFilter":"||mailget.net^","domainType":"thirdParty"},"priority":2},{"id":1226812,"action":{"type":"block"},"condition":{"urlFilter":"||my.hellobar.com^","domainType":"thirdParty"},"priority":2},{"id":1231629,"action":{"type":"block"},"condition":{"urlFilter":"||penzcentrum.hu/assets/js/bioep.min.js"},"priority":1},{"id":1232250,"action":{"type":"block"},"condition":{"urlFilter":"||supersadovnik.ru/Content/scripts/bother.js"},"priority":1},{"id":1232575,"action":{"type":"block"},"condition":{"urlFilter":"||techashi.com/wp-content/plugins/wp-popups-lite/src/assets/*/wppopups"},"priority":1},{"id":1233175,"action":{"type":"block"},"condition":{"urlFilter":"||unpkg.com/micromodal*/dist/micromodal.min.js","initiatorDomains":["versii.if.ua"]},"priority":201},{"id":1234279,"action":{"type":"block"},"condition":{"urlFilter":"||agroter.com.ua/wp-content/themes/covernews/js/remodal.js"},"priority":1},{"id":1235736,"action":{"type":"block"},"condition":{"urlFilter":"||news.dn.ua/templates/defau/js/jquery-modal.js"},"priority":1},{"id":1236366,"action":{"type":"block"},"condition":{"urlFilter":"||aykiri.com.tr/template/js/jquery.modal.js"},"priority":1},{"id":1239203,"action":{"type":"block"},"condition":{"urlFilter":"||animedia.online/arcticmodal/jquery.arcticmodal.min.js"},"priority":1},{"id":1243564,"action":{"type":"block"},"condition":{"urlFilter":"||inffuse-fbpopup.appspot.com/widget.html"},"priority":1},{"id":1245015,"action":{"type":"block"},"condition":{"urlFilter":"||real-vin.com/wp-content/uploads/pum/"},"priority":1},{"id":1246109,"action":{"type":"block"},"condition":{"urlFilter":"||bestofthelist.com/wp-content/plugins/dc-facebook-like-box-popup-increase-facebook-fans^"},"priority":1},{"id":1246419,"action":{"type":"block"},"condition":{"urlFilter":"||xcom.me/wp-content/plugins/popup-maker/"},"priority":1},{"id":1249750,"action":{"type":"block"},"condition":{"urlFilter":"||weather.com/sites/all/modules/glomo/modules/glomo_like_gate/"},"priority":1},{"id":1250263,"action":{"type":"block"},"condition":{"urlFilter":"||kinosklad.net/templates/kinosklad/js/jquery.arcticmodal.min.js"},"priority":1},{"id":1250568,"action":{"type":"block"},"condition":{"urlFilter":"||focus.de/resources/*/js/*likegate.js"},"priority":1},{"id":1251106,"action":{"type":"block"},"condition":{"urlFilter":"||kibrissondakika.com/wp-content/plugins/popup-maker/"},"priority":1},{"id":1255567,"action":{"type":"block"},"condition":{"urlFilter":"||cache.ltn.com.tw/js/fb_mask.js"},"priority":1},{"id":1255610,"action":{"type":"block"},"condition":{"urlFilter":"||iz.com.ua/arcticmodal/jquery.arcticmodal.js"},"priority":1},{"id":1255666,"action":{"type":"block"},"condition":{"urlFilter":"||sud.ua/js/jquery.arcticmodal*.min.js"},"priority":1},{"id":1255715,"action":{"type":"block"},"condition":{"urlFilter":"||ufatime.ru/st/libs/magnific/jquery.magnific-popup.min.js"},"priority":1},{"id":1264016,"action":{"type":"allow"},"condition":{"urlFilter":"||yastatic.net/share2/share.js","initiatorDomains":["wdho.ru"]},"priority":100201},{"id":1264145,"action":{"type":"allow"},"condition":{"urlFilter":"||vk.com/js/api/share.js","initiatorDomains":["zelenograd.ru"]},"priority":100201},{"id":1264475,"action":{"type":"allow"},"condition":{"urlFilter":"||facebook.com/*/plugins/","initiatorDomains":["portal.munimolina.gob.pe"]},"priority":100201},{"id":1264555,"action":{"type":"allow"},"condition":{"urlFilter":"||sharethis.com/button/buttons.js","initiatorDomains":["bristan.com"]},"priority":100201},{"id":1265019,"action":{"type":"allow"},"condition":{"urlFilter":"||platform.linkedin.com/in.js","initiatorDomains":["jobs.deepl.com"]},"priority":100201},{"id":1265630,"action":{"type":"allow"},"condition":{"urlFilter":"||static.addtoany.com/menu/page.js","initiatorDomains":["mgmanager.gr"]},"priority":100201},{"id":1265707,"action":{"type":"allow"},"condition":{"urlFilter":"||redgifs.com/*/share_icon_red-","domainType":"firstParty","resourceTypes":["stylesheet","script"]},"priority":100077},{"id":1266185,"action":{"type":"allow"},"condition":{"urlFilter":"||facebook.com/plugins/like_box.php","initiatorDomains":["fenix-magazin.de"]},"priority":100201},{"id":1266487,"action":{"type":"allow"},"condition":{"urlFilter":"||platform.linkedin.com/in.js","initiatorDomains":["jobs.intervalgroup.com"]},"priority":100201},{"id":1266757,"action":{"type":"allow"},"condition":{"urlFilter":"||woobox.com/js/plugins/woo.js","initiatorDomains":["linenchest.com"]},"priority":100201},{"id":1266832,"action":{"type":"allow"},"condition":{"urlFilter":"||woobox.com/*?embed=","initiatorDomains":["linenchest.com"]},"priority":100201},{"id":1267296,"action":{"type":"allow"},"condition":{"urlFilter":"||platform.twitter.com/oct.js","initiatorDomains":["ncsoft.jp"]},"priority":100201},{"id":1267416,"action":{"type":"redirect","redirect":{"extensionPath":"/web-accessible-resources/redirects/noopjs.js"}},"condition":{"urlFilter":"||addthis.com/js/*/addthis_widget.js","initiatorDomains":["stagecoachbus.com"],"resourceTypes":["script"]},"priority":1301},{"id":1267914,"action":{"type":"allow"},"condition":{"urlFilter":"||yastatic.net/*/share.js","initiatorDomains":["alpinabook.ru"]},"priority":100201},{"id":1268038,"action":{"type":"allow"},"condition":{"urlFilter":"||static.addtoany.com/menu/page.js","initiatorDomains":["suttonquebec.com"]},"priority":100201},{"id":1268395,"action":{"type":"allow"},"condition":{"urlFilter":"||yastatic.net/share2/share.js","initiatorDomains":["kontur-extern.ru"]},"priority":100201},{"id":1275278,"action":{"type":"allow"},"condition":{"urlFilter":"||yastatic.net/share2/share.js","initiatorDomains":["krasnoyarskmedia.ru"]},"priority":100201},{"id":1275409,"action":{"type":"allow"},"condition":{"urlFilter":"||sharethis.com^","initiatorDomains":["amur.info"]},"priority":100201},{"id":1275579,"action":{"type":"allow"},"condition":{"urlFilter":"||addthis.com/js/*/addthis_widget.js","initiatorDomains":["glarysoft.com"]},"priority":100201},{"id":1276335,"action":{"type":"allow"},"condition":{"urlFilter":"||static.addtoany.com/menu/page.js","initiatorDomains":["stomp.straitstimes.com"]},"priority":100201},{"id":1276811,"action":{"type":"allow"},"condition":{"urlFilter":"||static.addtoany.com/menu/page.js","initiatorDomains":["tiny.cc"]},"priority":100201},{"id":1277447,"action":{"type":"allow"},"condition":{"urlFilter":"||misssuomi.fi/wp-content/plugins/instagram-feed/"},"priority":100001},{"id":1277615,"action":{"type":"allow"},"condition":{"urlFilter":"||vk.com/js/api/share.js","initiatorDomains":["golf.ru"]},"priority":100201},{"id":1277981,"action":{"type":"allow"},"condition":{"urlFilter":"||smallcaps.com.au/wp-content/plugins/mashshare","initiatorDomains":["smallcaps.com.au"]},"priority":100201},{"id":1278528,"action":{"type":"allow"},"condition":{"urlFilter":"||cdn.ampproject.org/v0/amp-social-share-0.1.js","initiatorDomains":["gendai.media"]},"priority":100201},{"id":1281204,"action":{"type":"allow"},"condition":{"urlFilter":"||platform.twitter.com/js/button.","initiatorDomains":["monsterhunter.com"]},"priority":100201},{"id":1281285,"action":{"type":"allow"},"condition":{"urlFilter":"||platform.twitter.com/widgets/follow_button.","initiatorDomains":["monsterhunter.com"]},"priority":100201},{"id":1281790,"action":{"type":"allow"},"condition":{"urlFilter":"||f-cdn.com/assets/main/*/*freelancer_ui_social-button-*.js","initiatorDomains":["freelancer.app","freelancer.ca","freelancer.cc","freelancer.cl","freelancer.cn","freelancer.co","freelancer.co.id","freelancer.co.il","freelancer.co.ke","freelancer.co.kr","freelancer.co.nz","freelancer.co.th","freelancer.co.uk","freelancer.co.za","freelancer.com","freelancer.com.ar","freelancer.com.au","freelancer.com.bd","freelancer.com.br","freelancer.com.co","freelancer.com.np","freelancer.com.pe","freelancer.com.ua","freelancer.cz","freelancer.de","freelancer.dz","freelancer.es","freelancer.eu","freelancer.fi","freelancer.gr","freelancer.hk","freelancer.hu","freelancer.id","freelancer.ie","freelancer.in","freelancer.ir","freelancer.is","freelancer.jp","freelancer.kg","freelancer.lk","freelancer.lv","freelancer.ma","freelancer.mx","freelancer.network","freelancer.nl","freelancer.no","freelancer.one","freelancer.org","freelancer.ph","freelancer.pk","freelancer.pl","freelancer.pt","freelancer.rs","freelancer.ru","freelancer.se","freelancer.sg","freelancer.si","freelancer.tn","freelancer.us","freelancer.web.id","freelancer.ws"]},"priority":100103},{"id":1282803,"action":{"type":"allow"},"condition":{"urlFilter":"||f-cdn.com/assets/main/*/*freelancer_ui_social-buttons_*.js","initiatorDomains":["freelancer.app","freelancer.ca","freelancer.cc","freelancer.cl","freelancer.cn","freelancer.co","freelancer.co.id","freelancer.co.il","freelancer.co.ke","freelancer.co.kr","freelancer.co.nz","freelancer.co.th","freelancer.co.uk","freelancer.co.za","freelancer.com","freelancer.com.ar","freelancer.com.au","freelancer.com.bd","freelancer.com.br","freelancer.com.co","freelancer.com.np","freelancer.com.pe","freelancer.com.ua","freelancer.cz","freelancer.de","freelancer.dz","freelancer.es","freelancer.eu","freelancer.fi","freelancer.gr","freelancer.hk","freelancer.hu","freelancer.id","freelancer.ie","freelancer.in","freelancer.ir","freelancer.is","freelancer.jp","freelancer.kg","freelancer.lk","freelancer.lv","freelancer.ma","freelancer.mx","freelancer.network","freelancer.nl","freelancer.no","freelancer.one","freelancer.org","freelancer.ph","freelancer.pk","freelancer.pl","freelancer.pt","freelancer.rs","freelancer.ru","freelancer.se","freelancer.sg","freelancer.si","freelancer.tn","freelancer.us","freelancer.web.id","freelancer.ws"]},"priority":100103},{"id":1284804,"action":{"type":"allow"},"condition":{"urlFilter":"||hardys.one/wp-content/plugins/easy-vkontakte-connect/js/social-likes.min.js"},"priority":100001},{"id":1286523,"action":{"type":"allow"},"condition":{"urlFilter":"||shiseido.co.jp/shared/assets/img/btn_sns_footer_","domainType":"firstParty","resourceTypes":["image"]},"priority":100102},{"id":1287121,"action":{"type":"allow"},"condition":{"urlFilter":"||kobaiya.jp/img/facebook.gif"},"priority":100001},{"id":1287846,"action":{"type":"allow"},"condition":{"urlFilter":"||twitter.com/oct.js","initiatorDomains":["jp.square-enix.com"]},"priority":100201},{"id":1288310,"action":{"type":"allow"},"condition":{"urlFilter":"||addthis.com/js/*/addthis_widget.js","initiatorDomains":["lennox.com"]},"priority":100201},{"id":1288677,"action":{"type":"allow"},"condition":{"urlFilter":"||inewscast.ru/wp-content/plugins/easy-social-share-buttons*/lib/modules/social-followers-counter/assets/font/essb-socialfollowers.ttf"},"priority":100001},{"id":1289105,"action":{"type":"allow"},"condition":{"urlFilter":"||kayiprihtim.com/wp-content/plugins/easy-social-share-buttons3/lib/modules/social-followers-counter/assets/font/essb-socialfollowers.ttf"},"priority":100001},{"id":1289368,"action":{"type":"allow"},"condition":{"urlFilter":"||platform.twitter.com/js/button.","initiatorDomains":["ura-inform.com"]},"priority":100201},{"id":1289446,"action":{"type":"allow"},"condition":{"urlFilter":"||platform.twitter.com/widgets/follow_button.","initiatorDomains":["ura-inform.com"]},"priority":100201},{"id":1289936,"action":{"type":"allow"},"condition":{"urlFilter":"||platform.twitter.com/js/button.","initiatorDomains":["kh-news.net"]},"priority":100201},{"id":1290011,"action":{"type":"allow"},"condition":{"urlFilter":"||platform.twitter.com/widgets/follow_button.","initiatorDomains":["kh-news.net"]},"priority":100201},{"id":1290156,"action":{"type":"allow"},"condition":{"urlFilter":"||login.cleveland.com/js/socialize.js"},"priority":100001},{"id":1290204,"action":{"type":"allow"},"condition":{"urlFilter":"||cio.com.br/wp-content/plugins/add-to-any/addtoany.min.css"},"priority":100001},{"id":1290495,"action":{"type":"allow"},"condition":{"urlFilter":"||platform.twitter.com/js/button.*.js","initiatorDomains":["nonfungerbils.com"]},"priority":100201},{"id":1290580,"action":{"type":"allow"},"condition":{"urlFilter":"||platform.twitter.com/widgets/follow_button","initiatorDomains":["nonfungerbils.com"]},"priority":100201},{"id":1291102,"action":{"type":"allow"},"condition":{"urlFilter":"||vk.com/js/api/share.js","initiatorDomains":["redspell.ru"]},"priority":100201},{"id":1291238,"action":{"type":"allow"},"condition":{"urlFilter":"||facebook.com/*/plugins/","initiatorDomains":["theidealist.ru"]},"priority":100201},{"id":1291525,"action":{"type":"allow"},"condition":{"urlFilter":"||addthis.com/js/*/addthis_widget.js","initiatorDomains":["nacongaming.com"]},"priority":100201},{"id":1291932,"action":{"type":"allow"},"condition":{"urlFilter":"||i.ua/*/ico/share/share_*_24.png","initiatorDomains":["passport.i.ua"]},"priority":100201},{"id":1292243,"action":{"type":"allow"},"condition":{"urlFilter":"||olgasmile.com/wp-content/plugins/bwp-minify/min/?f=wp-content/plugins/"},"priority":100001},{"id":1292326,"action":{"type":"allow"},"condition":{"urlFilter":"||assets.pinterest.com/js/pinit.js","initiatorDomains":["freundin.de"]},"priority":100201},{"id":1292402,"action":{"type":"allow"},"condition":{"urlFilter":"||assets.pinterest.com/js/pinit_main.js","initiatorDomains":["freundin.de"]},"priority":100201},{"id":1292537,"action":{"type":"allow"},"condition":{"urlFilter":"||platform.twitter.com/oct.js","initiatorDomains":["nuheara.com"]},"priority":100201},{"id":1292655,"action":{"type":"allow"},"condition":{"urlFilter":"||addthis.com/js/*/addthis_widget.js","initiatorDomains":["ripsave.com"]},"priority":100201},{"id":1292864,"action":{"type":"allow"},"condition":{"urlFilter":"||platform-api.sharethis.com/js/sharethis.js","initiatorDomains":["itsmycity.ru"]},"priority":100201},{"id":1293058,"action":{"type":"allow"},"condition":{"urlFilter":"||lightningmaps.org/min/index.php?f=js/"},"priority":100001},{"id":1293108,"action":{"type":"allow"},"condition":{"urlFilter":"||connect.facebook.net/en_US/sdk.js","initiatorDomains":["agar.io"]},"priority":100201},{"id":1293238,"action":{"type":"allow"},"condition":{"urlFilter":"||connect.mail.ru/proxy?resource=getLoginStatus","initiatorDomains":["fotostrana.ru"]},"priority":100201},{"id":1293329,"action":{"type":"allow"},"condition":{"urlFilter":"||addthis.com/js/*/addthis_widget.js","initiatorDomains":["samsonite.com.my"]},"priority":100201},{"id":1293412,"action":{"type":"allow"},"condition":{"urlFilter":"||addthis.com/js/*/addthis_widget.js","initiatorDomains":["litres.ru"]},"priority":100201},{"id":1293589,"action":{"type":"allow"},"condition":{"urlFilter":"||addthis.com/js/*/addthis_widget.js","initiatorDomains":["dummies.com"]},"priority":100201},{"id":1293722,"action":{"type":"allow"},"condition":{"urlFilter":"||m.addthisedge.com/live/boost/*/_ate.track.config_resp"},"priority":100001},{"id":1293788,"action":{"type":"allow"},"condition":{"urlFilter":"||connect.facebook.net/*/sdk/vb.js","initiatorDomains":["deezer.com"]},"priority":100201},{"id":1293863,"action":{"type":"allow"},"condition":{"urlFilter":"||vk.com/js/api/share.js","initiatorDomains":["ctc.ru"]},"priority":100201},{"id":1293924,"action":{"type":"allow"},"condition":{"urlFilter":"||extrakupony.pl/js/zakladki.js"},"priority":100001},{"id":1294022,"action":{"type":"allow"},"condition":{"urlFilter":"||remontnik.ru/static/js/app.min/components/Socials/SocialButtons/SocialButtons.js"},"priority":100001},{"id":1294115,"action":{"type":"allow"},"condition":{"urlFilter":"||addthis.com/js/*/addthis_widget.js","initiatorDomains":["mutfaksirlari.com"]},"priority":100201},{"id":1294381,"action":{"type":"allow"},"condition":{"urlFilter":"||addthis.com/js/*/addthis_widget.js","initiatorDomains":["citytv.com"]},"priority":100201},{"id":1294458,"action":{"type":"allow"},"condition":{"urlFilter":"||addthis.com/js/*/addthis_widget.js^","initiatorDomains":["theprp.com"]},"priority":100201},{"id":1294594,"action":{"type":"allow"},"condition":{"urlFilter":"||addthis.com/*/official-addthis-angularjs/current/dist/official-addthis-angularjs.min.js","initiatorDomains":["ead.senac.br"]},"priority":100201},{"id":1294726,"action":{"type":"allow"},"condition":{"urlFilter":"||platform.linkedin.com/in.js","initiatorDomains":["malaysianwireless.com"]},"priority":100201},{"id":1294907,"action":{"type":"allow"},"condition":{"urlFilter":"||addthis.com/js/*/addthis_widget.js","initiatorDomains":["restorationhardware.com"]},"priority":100201},{"id":1294997,"action":{"type":"allow"},"condition":{"urlFilter":"||addthis.com/js/*/addthis_widget.js^","initiatorDomains":["pudra.com"]},"priority":100201},{"id":1295131,"action":{"type":"allow"},"condition":{"urlFilter":"||addthis.com/js/*/addthis_widget.js","initiatorDomains":["kinitv.com"]},"priority":100201},{"id":1295208,"action":{"type":"allow"},"condition":{"urlFilter":"/wp-content/plugins/easy-social-share-button","initiatorDomains":["appbrowser.ru","cpomagazine.com"],"resourceTypes":["font"]},"priority":100251},{"id":1295321,"action":{"type":"allow"},"condition":{"urlFilter":"||count-server.sharethis.com/*/get_counts","initiatorDomains":["haberkibris.com"]},"priority":100201},{"id":1295408,"action":{"type":"allow"},"condition":{"urlFilter":"||platform-api.sharethis.com/js/sharethis.js","initiatorDomains":["haberkibris.com"]},"priority":100201},{"id":1295498,"action":{"type":"allow"},"condition":{"urlFilter":"||buttons-config.sharethis.com/js^","initiatorDomains":["haberkibris.com"]},"priority":100201},{"id":1295635,"action":{"type":"allow"},"condition":{"urlFilter":"||addthis.com/js/*/addthis_widget.js","initiatorDomains":["motorsport-total.com"]},"priority":100201},{"id":1295722,"action":{"type":"allow"},"condition":{"urlFilter":"||addthis.com/js/*/addthis_widget.js","initiatorDomains":["politico.com"]},"priority":100201},{"id":1295801,"action":{"type":"allow"},"condition":{"urlFilter":"||platform.twitter.com/js/button.*.js","initiatorDomains":["vectorhq.com"]},"priority":100201},{"id":1295881,"action":{"type":"allow"},"condition":{"urlFilter":"||platform.twitter.com/widgets/","initiatorDomains":["vectorhq.com"]},"priority":100201},{"id":1296040,"action":{"type":"allow"},"condition":{"urlFilter":"||news.filehippo.com/wp-content/themes/filehippo/js/socialite.min.js"},"priority":100001},{"id":1296119,"action":{"type":"allow"},"condition":{"urlFilter":"||addthis.com/js/*/addthis_widget.js^","initiatorDomains":["pafc.co.uk"]},"priority":100201},{"id":1296197,"action":{"type":"allow"},"condition":{"urlFilter":"||facebook.com/plugins/like_box.php^","initiatorDomains":["overclockers.ru"]},"priority":100201},{"id":1296279,"action":{"type":"allow"},"condition":{"urlFilter":"||addthis.com/js/*/addthis_widget.js^","initiatorDomains":["corepoweryoga.com"]},"priority":100201},{"id":1296364,"action":{"type":"allow"},"condition":{"urlFilter":"||addthis.com/js/*/addthis_widget.js^","initiatorDomains":["mojekrpice.hr"]},"priority":100201},{"id":1296445,"action":{"type":"allow"},"condition":{"urlFilter":"||facebook.com/*/plugins^","initiatorDomains":["tiendichshop.vn"]},"priority":100201},{"id":1296702,"action":{"type":"allow"},"condition":{"urlFilter":"||vk.com/js/api/share.js","initiatorDomains":["radio7.ru"]},"priority":100201},{"id":1296766,"action":{"type":"allow"},"condition":{"urlFilter":"||vk.com/share.php","initiatorDomains":["tahc.ru"]},"priority":100201},{"id":1296822,"action":{"type":"allow"},"condition":{"urlFilter":"||vk.com/js/api/share.js","initiatorDomains":["tahc.ru"]},"priority":100201},{"id":1296884,"action":{"type":"allow"},"condition":{"urlFilter":"||facebook.com/restserver.php?*.getStats&","initiatorDomains":["agsat.com.ua"]},"priority":100201},{"id":1297075,"action":{"type":"allow"},"condition":{"urlFilter":"||facebook.com/plugins/page.php^","initiatorDomains":["sonoraquetzal.com"]},"priority":100201},{"id":1297277,"action":{"type":"block"},"condition":{"urlFilter":".icon-google-plus"},"priority":1},{"id":1297364,"action":{"type":"allow"},"condition":{"urlFilter":"||mercury.landmarkglobal.com/tracking/track.php"},"priority":100001},{"id":1297535,"action":{"type":"allow"},"condition":{"urlFilter":"||ghbtns.com/github-btn.html","initiatorDomains":["etcher.io"]},"priority":100201},{"id":1297603,"action":{"type":"allow"},"condition":{"urlFilter":"||xing-share.com/assets/spi/message_proxy-*.js","initiatorDomains":["xing.com"]},"priority":100201},{"id":1297688,"action":{"type":"allow"},"condition":{"urlFilter":"||xing-share.com/plugins^","initiatorDomains":["bewerbung.co"]},"priority":100201},{"id":1297756,"action":{"type":"allow"},"condition":{"urlFilter":"/engine/classes/min/index.php?*/social-likes.min.js","domainType":"firstParty"},"priority":100002},{"id":1297833,"action":{"type":"allow"},"condition":{"urlFilter":"/engine/classes/min/?charset=*/social-likes.min.js","domainType":"firstParty"},"priority":100002},{"id":1297909,"action":{"type":"allow"},"condition":{"urlFilter":"||facebook.com/*/plugins/login_button."},"priority":100001},{"id":1297958,"action":{"type":"allow"},"condition":{"urlFilter":"||addthis.com/js/*/addthis_widget.js^","initiatorDomains":["hatsandcaps.co.uk"]},"priority":100201},{"id":1298043,"action":{"type":"allow"},"condition":{"urlFilter":"||yandex.st/share/share.js","initiatorDomains":["66.ru","calculatewater.ru","ktk.kz","splav.ru","vnukovo.ru","yadi.sk","gama-gama.ru","foxtrot.com.ua","radiorecord.ru","xn--80aneaaefcxzcih6g1e.xn--p1ai","24auto.ru","calculatewater.ru","novoeradio.by","pikucha.ru","realty.dmir.ru","transport.mos.ru","yandex.com","yandex.ru"]},"priority":100107},{"id":1298341,"action":{"type":"allow"},"condition":{"urlFilter":"||yastatic.net/*/share.js","initiatorDomains":["sworm.io","trans.ru","chepetsk.ru","iz.ru","thequestion.ru","readovka.ru","mazda.ru","kinogo-720.net","xn--80aneaaefcxzcih6g1e.xn--p1ai","playground.ru","foxtrot.com.ua","biglion.ru","master-of-orion.ru","ktk.kz","universarium.org","pix.playground.ru","xn--80aaelc4ars1a7ab6d.xn--p1ai","kramola.info","myfin.by","zona.plus","culture.ru","open.kzn.ru","globus.ru","readovka.news","possiblegroup.ru","prcl.ru","kinopoisk.ru","alexey-osipov.ru","avtodispetcher.ru","yandex.by","yandex.kz","yandex.ru","gorod.gov.spb.ru","sostav.ru","recyclemap.ru","106i9fm.ru","radiorecord.ru","radioc.ru","100i6fm.ru","99-1.ru","alfafm.ru","echoekb.ru","echovolgograd.ru","jamfm.ru","olimpfm.ru","radio-megapolis.ru","sputnik107.ru","sputnikfm.ru","globalaffairs.ru","m.ridus.ru"]},"priority":100103},{"id":1299118,"action":{"type":"allow"},"condition":{"urlFilter":"||facebook.com/*/plugins/","initiatorDomains":["dlh.net"]},"priority":100201},{"id":1299227,"action":{"type":"allow"},"condition":{"urlFilter":"||api.facebook.com/method/links.getStats","initiatorDomains":["grammarly.com"]},"priority":100201},{"id":1299397,"action":{"type":"allow"},"condition":{"urlFilter":"||vk.com/js/api/share.js","initiatorDomains":["bobfilm1.net","bobfilm.net"]},"priority":100151},{"id":1299476,"action":{"type":"allow"},"condition":{"urlFilter":"||sol-online.ru/art/sol-board"},"priority":100001},{"id":1299516,"action":{"type":"allow"},"condition":{"urlFilter":"||orlandoweekly.com/wp-content/plugins/wpsocialite/Socialite/socialite.min.js"},"priority":100001},{"id":1299604,"action":{"type":"allow"},"condition":{"urlFilter":"||platform.linkedin.com/in.js","initiatorDomains":["youngliving.com"]},"priority":100201},{"id":1299679,"action":{"type":"allow"},"condition":{"urlFilter":"||facebook.com/plugins/video.php"},"priority":100001},{"id":1299722,"action":{"type":"allow"},"condition":{"urlFilter":"||tune.com/blog/wp-content/plugins/ultimate-social-deux/public/assets/css/style.css"},"priority":100001},{"id":1299816,"action":{"type":"allow"},"condition":{"urlFilter":"||vk.com/widget_auth.php"},"priority":100001},{"id":1299851,"action":{"type":"allow"},"condition":{"urlFilter":"||vk.com/widget_comments.php"},"priority":100001},{"id":1299890,"action":{"type":"allow"},"condition":{"urlFilter":"||vk.com/widget_post.php"},"priority":100001},{"id":1299925,"action":{"type":"allow"},"condition":{"urlFilter":"||vk.com/widget_playlist.php"},"priority":100001},{"id":1299964,"action":{"type":"allow"},"condition":{"urlFilter":"||zona.mobi/js/build/libs/likely.js"},"priority":100001},{"id":1300010,"action":{"type":"allow"},"condition":{"urlFilter":"||platform.twitter.com/oct.js","initiatorDomains":["vulcun.com"]},"priority":100201},{"id":1300080,"action":{"type":"allow"},"condition":{"urlFilter":"||talon.by/squeeze/"},"priority":100001},{"id":1300110,"action":{"type":"allow"},"condition":{"urlFilter":"||addthis.com/js/*/addthis_widget.js","initiatorDomains":["milli-firka.org"]},"priority":100201},{"id":1300192,"action":{"type":"allowAllRequests"},"condition":{"urlFilter":"||rifey.ru/sites/default/files/advagg_js/","resourceTypes":["main_frame"]},"priority":140101},{"id":1300259,"action":{"type":"allow"},"condition":{"urlFilter":"||facebook.com/*/plugins/comments.php"},"priority":100001},{"id":1300307,"action":{"type":"allow"},"condition":{"urlFilter":"||facebook.com/plugins/feedback.php"},"priority":100001},{"id":1300353,"action":{"type":"allow"},"condition":{"urlFilter":"||facebook.com/plugins/comments"},"priority":100001},{"id":1300395,"action":{"type":"allowAllRequests"},"condition":{"urlFilter":"||facebook.com/plugins/livefeed.php","resourceTypes":["main_frame"]},"priority":140101},{"id":1300456,"action":{"type":"allowAllRequests"},"condition":{"urlFilter":"||facebook.com/plugins/login_button.php","resourceTypes":["main_frame"]},"priority":140101},{"id":1300521,"action":{"type":"allow"},"condition":{"urlFilter":"||facebook.com/plugins/comment_embed.php"},"priority":100001},{"id":1300572,"action":{"type":"allow"},"condition":{"urlFilter":"||facebook.com/*/plugins/post.php"},"priority":100001},{"id":1300616,"action":{"type":"allow"},"condition":{"urlFilter":"||facebook.com/*/plugins/video.php"},"priority":100001},{"id":1300661,"action":{"type":"allow"},"condition":{"urlFilter":"||facebook.com/plugins/post"},"priority":100001},{"id":1300699,"action":{"type":"allow"},"condition":{"urlFilter":"||addthiscdn.com^","initiatorDomains":["addthis.com"]},"priority":100201},{"id":1300758,"action":{"type":"allow"},"condition":{"urlFilter":"||gibdd.ru/about/social/"},"priority":100001},{"id":1300793,"action":{"type":"allow"},"condition":{"urlFilter":"||facebook.com/plugins/","initiatorDomains":["simcity.com"]},"priority":100201},{"id":1300858,"action":{"type":"allow"},"condition":{"urlFilter":"||fls.doubleclick.net^","initiatorDomains":["simcity.com"]},"priority":100201},{"id":1300922,"action":{"type":"allow"},"condition":{"urlFilter":"||twitter.com/widgets","initiatorDomains":["simcity.com"]},"priority":100201},{"id":1300985,"action":{"type":"allow"},"condition":{"urlFilter":"||vkontakte.ru/js/api/share.js^","initiatorDomains":["nashe.ru"]},"priority":100201},{"id":1301055,"action":{"type":"allow"},"condition":{"urlFilter":"||gigya.com/*/socialize.js"},"priority":100001},{"id":1301092,"action":{"type":"allow"},"condition":{"urlFilter":"||facebook.com/sharer.php","domainType":"thirdParty","initiatorDomains":["lifehacker.com"]},"priority":100202},{"id":1301171,"action":{"type":"allow"},"condition":{"urlFilter":"||twitter.com/share","domainType":"thirdParty","initiatorDomains":["lifehacker.com"]},"priority":100202},{"id":1301297,"action":{"type":"allow"},"condition":{"urlFilter":"||notebookcheck.com^*/jquery.socialshareprivacy.min.js"},"priority":100001},{"id":1301362,"action":{"type":"allow"},"condition":{"urlFilter":"||panzi.github.io/SocialSharePrivacy/"},"priority":100001},{"id":1301410,"action":{"type":"allow"},"condition":{"urlFilter":"||schluetersche.de/global/js/libs/jquery/plugins/socialshareprivacy/jquery.socialshareprivacy.min.js"},"priority":100001},{"id":1301521,"action":{"type":"allow"},"condition":{"urlFilter":"||spardaspendenwahl.de^*/jquery.socialshareprivacy.min.js"},"priority":100001},{"id":1301589,"action":{"type":"allow"},"condition":{"urlFilter":"||weser-kurier.de/stellen/riot-utils/joined.js?*/socialshareprivacy/"},"priority":100001},{"id":1301668,"action":{"type":"allow"},"condition":{"urlFilter":"||wn-gruesse.de^*/socialshareprivacy/","resourceTypes":["script"]},"priority":100101},{"id":1301731,"action":{"type":"allow"},"condition":{"urlFilter":"||wn-jobs.de^*/socialshareprivacy/","resourceTypes":["script"]},"priority":100101},{"id":1301791,"action":{"type":"allow"},"condition":{"urlFilter":"||wn-markt.de^*/socialshareprivacy/","resourceTypes":["script"]},"priority":100101},{"id":1301852,"action":{"type":"allow"},"condition":{"urlFilter":"||wn-mobil.de^*/socialshareprivacy/","resourceTypes":["script"]},"priority":100101}]