[{"id":1677,"action":{"type":"block"},"condition":{"urlFilter":"||xxxpostpic.org/imagedata/banner/*"},"priority":1},{"id":2104,"action":{"type":"block"},"condition":{"urlFilter":"||porn5xxx.com/pic-ads/"},"priority":1},{"id":2138,"action":{"type":"block"},"condition":{"urlFilter":"||xn--82c0bxcybxc2b.com/jab-ads/"},"priority":1},{"id":2256,"action":{"type":"block"},"condition":{"urlFilter":"||xn--72czpj1fd3b9a3a8g3d.com/doo-ads/"},"priority":1},{"id":3359,"action":{"type":"block"},"condition":{"urlFilter":"||xn--72ca2bsl7gxbd4m7c.com/wp-content/uploads/2020/04/closed.png","resourceTypes":["image"]},"priority":101},{"id":5039,"action":{"type":"block"},"condition":{"urlFilter":"anime-i.com/files/banner/*"},"priority":1},{"id":5916,"action":{"type":"block"},"condition":{"urlFilter":"https://misa-anime.com/assets/js/ads.core.js?"},"priority":1},{"id":8039,"action":{"type":"block"},"condition":{"urlFilter":"||www.am4th.com/wp-content/uploads/2016/*","resourceTypes":["image"]},"priority":101},{"id":8106,"action":{"type":"block"},"condition":{"urlFilter":"||www.am4th.com/wp-content/uploads/2017/*","resourceTypes":["image"]},"priority":101},{"id":8173,"action":{"type":"block"},"condition":{"urlFilter":"||www.am4th.com/wp-content/uploads/2017/*/*.gif","resourceTypes":["image"]},"priority":101},{"id":8246,"action":{"type":"block"},"condition":{"urlFilter":"||www.anime-sugoi.com/css/ontop.png","resourceTypes":["image"]},"priority":101},{"id":8518,"action":{"type":"block"},"condition":{"urlFilter":"||i.imgur.com","initiatorDomains":["animedd.xyz"]},"priority":201},{"id":8892,"action":{"type":"block"},"condition":{"urlFilter":"||publish.iptvz.net","resourceTypes":["sub_frame"]},"priority":101},{"id":10273,"action":{"type":"block"},"condition":{"urlFilter":"||image.cdend.com","initiatorDomains":["ranker-manga.com"],"resourceTypes":["image"]},"priority":301},{"id":10346,"action":{"type":"block"},"condition":{"urlFilter":"||image7.kingsmanga.net/00/00/gclub2.jpg","domainType":"firstParty","resourceTypes":["image"]},"priority":102},{"id":10885,"action":{"type":"block"},"condition":{"urlFilter":"https://xxxword.club/uploadpic/playxxx.jpg"},"priority":1},{"id":10938,"action":{"type":"block"},"condition":{"urlFilter":"https://www.vdoxthai.com/ads.php"},"priority":1},{"id":15343,"action":{"type":"block"},"condition":{"urlFilter":"||4toom.com/*/modal-dialog/*"},"priority":1},{"id":15382,"action":{"type":"block"},"condition":{"urlFilter":"||aroundnews.net/*/like-jacking-ninja/*"},"priority":1},{"id":15432,"action":{"type":"block"},"condition":{"urlFilter":"||blogger.com/*lbx__th.js","initiatorDomains":["zapver555.com"]},"priority":201},{"id":15501,"action":{"type":"block"},"condition":{"urlFilter":"||blogger.com/*lightbox_bundle.css","initiatorDomains":["zapver555.com"]},"priority":201},{"id":15579,"action":{"type":"block"},"condition":{"urlFilter":"||dodeden.com/advert^"},"priority":1},{"id":15611,"action":{"type":"block"},"condition":{"urlFilter":"||ithaihotnews.com/*/like-jacking-ninja/*"},"priority":1},{"id":15663,"action":{"type":"block"},"condition":{"urlFilter":"||kaijeaw.com/*/fancybox/*"},"priority":1},{"id":15700,"action":{"type":"block"},"condition":{"urlFilter":"||kanomjeeb.com/*/lightbox*"},"priority":1},{"id":15738,"action":{"type":"block"},"condition":{"urlFilter":"||kidjarak.com/*/bsa-pro-scripteo/*"},"priority":1},{"id":15784,"action":{"type":"block"},"condition":{"urlFilter":"||ladycee.com/light_ads^"},"priority":1},{"id":15819,"action":{"type":"block"},"condition":{"urlFilter":"||laughwoo.com/*/like-jacking-ninja/*"},"priority":1},{"id":15867,"action":{"type":"block"},"condition":{"urlFilter":"||lonely-rooyang.com/*/arscode-ninja-popups/*"},"priority":1},{"id":15923,"action":{"type":"block"},"condition":{"urlFilter":"||meekhao.com/*/dreamgrow-scroll-triggered-box/*"},"priority":1},{"id":15982,"action":{"type":"block"},"condition":{"urlFilter":"||newstimeline.net/*/jquery.magnific-popup.min.js"},"priority":1},{"id":16042,"action":{"type":"block"},"condition":{"urlFilter":"||ohlor.com/*/mini-popup/*"},"priority":1},{"id":16079,"action":{"type":"block"},"condition":{"urlFilter":"||ohlor.com/*/upprev-nytimes-style-next-post-jquery-animated-fly-in-button/*"},"priority":1},{"id":16166,"action":{"type":"block"},"condition":{"urlFilter":"||siamchatroom.com/light_ads^"},"priority":1},{"id":16206,"action":{"type":"block"},"condition":{"urlFilter":"||siamha.com/truehits/stat"},"priority":1},{"id":16243,"action":{"type":"block"},"condition":{"urlFilter":"||siamok.com/light_ads/*"},"priority":1},{"id":16278,"action":{"type":"block"},"condition":{"urlFilter":"||siamza.com/js/jquery.cookie.js"},"priority":1},{"id":16321,"action":{"type":"block"},"condition":{"urlFilter":"||taghr.net/*/uji-popup/*"},"priority":1},{"id":16357,"action":{"type":"block"},"condition":{"urlFilter":"||thaijobsgov.com/*/fancybox/*"},"priority":1},{"id":16398,"action":{"type":"block"},"condition":{"urlFilter":"||thaijobsgov.com/banner^"},"priority":1},{"id":16434,"action":{"type":"block"},"condition":{"urlFilter":"||toritalk.com/*/uji-popup/*"},"priority":1},{"id":16473,"action":{"type":"block"},"condition":{"urlFilter":"||yakjado.com/*/upprev/*"},"priority":1},{"id":16508,"action":{"type":"block"},"condition":{"urlFilter":"||yakjado.com/*/wp-social-popup-and-get-traffic/*"},"priority":1},{"id":19096,"action":{"type":"block"},"condition":{"urlFilter":"||ads.pramool.com"},"priority":1},{"id":19124,"action":{"type":"block"},"condition":{"urlFilter":"||atimemedia.com/js/jquery.supportUs.js","resourceTypes":["script"]},"priority":101},{"id":19189,"action":{"type":"block"},"condition":{"urlFilter":"||becteroradio.com/2014/hidden-ad-inner.php?"},"priority":1},{"id":19244,"action":{"type":"block"},"condition":{"urlFilter":"||becteroradio.com/lib/fancybox/"},"priority":1},{"id":19287,"action":{"type":"block"},"condition":{"urlFilter":"||becteroradio.com/truehitsstat.php?"},"priority":1},{"id":19334,"action":{"type":"block"},"condition":{"urlFilter":"||isanook.com/*/oppa.js","resourceTypes":["script"]},"priority":101},{"id":19383,"action":{"type":"block"},"condition":{"urlFilter":"||isanook.com/*/tapad.js","resourceTypes":["script"]},"priority":101},{"id":19433,"action":{"type":"block"},"condition":{"urlFilter":"||kapook.com/ads/portal^"},"priority":1},{"id":19468,"action":{"type":"block"},"condition":{"urlFilter":"||kapook.com/asset/js/track.js"},"priority":1},{"id":19509,"action":{"type":"block"},"condition":{"urlFilter":"||kapook.com/jquery/jquery.kp.tracker.js"},"priority":1},{"id":19560,"action":{"type":"block"},"condition":{"urlFilter":"||pantip.com/ads.php"},"priority":1},{"id":19591,"action":{"type":"block"},"condition":{"urlFilter":"||pantip.com/adsip.php"},"priority":1},{"id":19624,"action":{"type":"block"},"condition":{"urlFilter":"||pantip.com/adsipmobile.php"},"priority":1},{"id":19663,"action":{"type":"block"},"condition":{"urlFilter":"||ufa191.com^","domainType":"thirdParty"},"priority":2},{"id":19702,"action":{"type":"block"},"condition":{"urlFilter":"||ufabet678.com^","domainType":"thirdParty"},"priority":2},{"id":19744,"action":{"type":"block"},"condition":{"urlFilter":"||movies-x.com^","domainType":"thirdParty"},"priority":2},{"id":19785,"action":{"type":"block"},"condition":{"urlFilter":"||ssnn.site^","domainType":"thirdParty"},"priority":2},{"id":19823,"action":{"type":"block"},"condition":{"urlFilter":"||akamaihd.net/shopee/*/*TrackingRules","initiatorDomains":["shopee.co.th"],"resourceTypes":["script"]},"priority":301},{"id":19913,"action":{"type":"block"},"condition":{"urlFilter":"||akamaihd.net/shopee/*/TrackingRules","initiatorDomains":["shopee.co.th"],"resourceTypes":["script"]},"priority":301},{"id":20002,"action":{"type":"redirect","redirect":{"extensionPath":"/web-accessible-resources/redirects/1x1-transparent.gif"}},"condition":{"urlFilter":"||shopee.co.th/__t__","initiatorDomains":["shopee.co.th"],"resourceTypes":["xmlhttprequest"]},"priority":1301},{"id":20088,"action":{"type":"block"},"condition":{"urlFilter":"||shopee.co.th/userstats_record","resourceTypes":["xmlhttprequest"]},"priority":101},{"id":20145,"action":{"type":"block"},"condition":{"urlFilter":"||shopeemobile.com/th/tr","resourceTypes":["xmlhttprequest"]},"priority":101},{"id":20195,"action":{"type":"redirect","redirect":{"extensionPath":"/web-accessible-resources/redirects/1x1-transparent.gif"}},"condition":{"urlFilter":"||tracking.shopee.co.th^","initiatorDomains":["shopee.co.th"],"resourceTypes":["xmlhttprequest"]},"priority":1301},{"id":20394,"action":{"type":"block"},"condition":{"urlFilter":"||lucky135.com"},"priority":1},{"id":24260,"action":{"type":"block"},"condition":{"urlFilter":"||compgamer.com/mainpage/module/popupnews/*"},"priority":1},{"id":24314,"action":{"type":"block"},"condition":{"urlFilter":"||compgamer.com/mario-ads^"},"priority":1},{"id":24351,"action":{"type":"block"},"condition":{"urlFilter":"||coregamerth.com/*/jquery-cookie/*"},"priority":1},{"id":24397,"action":{"type":"block"},"condition":{"urlFilter":"||game-tep.com/*/adrotate-pro/*"},"priority":1},{"id":24439,"action":{"type":"block"},"condition":{"urlFilter":"||game-tep.com/*/fancy-box/*"},"priority":1},{"id":24478,"action":{"type":"block"},"condition":{"urlFilter":"||gamegeek.in.th/*/layeredpopups/*"},"priority":1},{"id":24523,"action":{"type":"block"},"condition":{"urlFilter":"||gamemonday.com/*/adrotate-pro/*"},"priority":1},{"id":24567,"action":{"type":"block"},"condition":{"urlFilter":"||gamemonday.com/wp-content/themes/gamemonday/libs/jquery.firstVisitPopup.js"},"priority":1},{"id":24654,"action":{"type":"block"},"condition":{"urlFilter":"||mustplay.in.th/*/banner"},"priority":1},{"id":24690,"action":{"type":"block"},"condition":{"urlFilter":"||mustplay.in.th/assets/js/jquery.tubular^"},"priority":1},{"id":24743,"action":{"type":"block"},"condition":{"urlFilter":"||mustplay.in.th/assets/js/youtubepopup"},"priority":1},{"id":24793,"action":{"type":"block"},"condition":{"urlFilter":"||mustplay.in.th/static/banner/*/ads-^"},"priority":1},{"id":24842,"action":{"type":"block"},"condition":{"urlFilter":"||online-station.net/*/ads/*"},"priority":1},{"id":24881,"action":{"type":"block"},"condition":{"urlFilter":"||online-station.net/*/css/preload_ads","resourceTypes":["stylesheet"]},"priority":101},{"id":24945,"action":{"type":"block"},"condition":{"urlFilter":"||online-station.net/assets/*/os-adhoc^"},"priority":1},{"id":24995,"action":{"type":"block"},"condition":{"urlFilter":"||online-station.net/assets/css/ads","resourceTypes":["stylesheet"]},"priority":101},{"id":25056,"action":{"type":"block"},"condition":{"urlFilter":"||online-station.net/assets/js/ads","resourceTypes":["script"]},"priority":101},{"id":25116,"action":{"type":"block"},"condition":{"urlFilter":"||online-station.net/assets/js/facebook","resourceTypes":["script"]},"priority":101},{"id":25181,"action":{"type":"block"},"condition":{"urlFilter":"||online-station.net/assets/js/google^"},"priority":1},{"id":25230,"action":{"type":"block"},"condition":{"urlFilter":"||online-station.net/content/count_stats?"},"priority":1},{"id":25282,"action":{"type":"block"},"condition":{"urlFilter":"||playulti.com/*/banner"},"priority":1},{"id":25316,"action":{"type":"block"},"condition":{"urlFilter":"||playulti.com/assets/js/jquery.tubular^"},"priority":1},{"id":25367,"action":{"type":"block"},"condition":{"urlFilter":"||playulti.com/company/truehit?"},"priority":1},{"id":25409,"action":{"type":"block"},"condition":{"urlFilter":"||playulti.com/static/banner/*/ads-^"},"priority":1},{"id":25456,"action":{"type":"block"},"condition":{"urlFilter":"||tigthai.com/js/popup_facebook.js","resourceTypes":["script"]},"priority":101},{"id":25516,"action":{"type":"block"},"condition":{"urlFilter":"||24x7th.com"},"priority":1},{"id":25539,"action":{"type":"block"},"condition":{"urlFilter":"*-adnow.com","domainType":"thirdParty"},"priority":2},{"id":25578,"action":{"type":"block"},"condition":{"urlFilter":"||accesstrade.in.th"},"priority":1},{"id":25608,"action":{"type":"block"},"condition":{"urlFilter":"||adasiaholdings.com"},"priority":1},{"id":25639,"action":{"type":"block"},"condition":{"urlFilter":"||adok.asia"},"priority":1},{"id":25661,"action":{"type":"block"},"condition":{"urlFilter":"||adop.cc"},"priority":1},{"id":25681,"action":{"type":"block"},"condition":{"urlFilter":"||ads*.bangkokpost.co.th"},"priority":1},{"id":25716,"action":{"type":"block"},"condition":{"urlFilter":"||ads*.matichon.co.th"},"priority":1},{"id":25748,"action":{"type":"block"},"condition":{"urlFilter":"||ads.boxza.com"},"priority":1},{"id":25774,"action":{"type":"block"},"condition":{"urlFilter":"||ads.gamemonday.com"},"priority":1},{"id":25805,"action":{"type":"block"},"condition":{"urlFilter":"||ads.jarm.com"},"priority":1},{"id":25830,"action":{"type":"block"},"condition":{"urlFilter":"||ads.os.co.th"},"priority":1},{"id":25855,"action":{"type":"block"},"condition":{"urlFilter":"||ads.pantip.com"},"priority":1},{"id":25882,"action":{"type":"block"},"condition":{"urlFilter":"||ads.postjung.com"},"priority":1},{"id":25911,"action":{"type":"block"},"condition":{"urlFilter":"||ads.siamza.com"},"priority":1},{"id":25938,"action":{"type":"block"},"condition":{"urlFilter":"||ads.techxcite.com"},"priority":1},{"id":25968,"action":{"type":"block"},"condition":{"urlFilter":"||adsniper.ru"},"priority":1},{"id":25992,"action":{"type":"block"},"condition":{"urlFilter":"||adsoptimal.com"},"priority":1},{"id":26019,"action":{"type":"block"},"condition":{"urlFilter":"||adtplatform.com"},"priority":1},{"id":26047,"action":{"type":"block"},"condition":{"urlFilter":"||anonymousdemographics.com"},"priority":1},{"id":26085,"action":{"type":"block"},"condition":{"urlFilter":"||app-measurement.com"},"priority":1},{"id":26117,"action":{"type":"block"},"condition":{"urlFilter":"||areyouahuman.com"},"priority":1},{"id":26146,"action":{"type":"block"},"condition":{"urlFilter":"||atdmt.com"},"priority":1},{"id":26168,"action":{"type":"block"},"condition":{"urlFilter":"||bluekai.com"},"priority":1},{"id":26192,"action":{"type":"block"},"condition":{"urlFilter":"||btstatic.com"},"priority":1},{"id":26217,"action":{"type":"block"},"condition":{"urlFilter":"||bumq.com"},"priority":1},{"id":26238,"action":{"type":"block"},"condition":{"urlFilter":"||byteark-analytics.thairath.co.th"},"priority":1},{"id":26283,"action":{"type":"block"},"condition":{"urlFilter":"||clickadu.com"},"priority":1},{"id":26308,"action":{"type":"block"},"condition":{"urlFilter":"||clicksgear.com"},"priority":1},{"id":26335,"action":{"type":"block"},"condition":{"urlFilter":"||connextra.com"},"priority":1},{"id":26361,"action":{"type":"block"},"condition":{"urlFilter":"||crashlytics.com"},"priority":1},{"id":26389,"action":{"type":"block"},"condition":{"urlFilter":"||crazyegg.com"},"priority":1},{"id":26414,"action":{"type":"block"},"condition":{"urlFilter":"||criteo.com"},"priority":1},{"id":26437,"action":{"type":"block"},"condition":{"urlFilter":"||criteo.net"},"priority":1},{"id":26460,"action":{"type":"block"},"condition":{"urlFilter":"||crwdcntrl.net"},"priority":1},{"id":26486,"action":{"type":"block"},"condition":{"urlFilter":"||cryptobrowser.site"},"priority":1},{"id":26517,"action":{"type":"block"},"condition":{"urlFilter":"||csi.gstatic.com"},"priority":1},{"id":26545,"action":{"type":"block"},"condition":{"urlFilter":"||cxense.com","domainType":"thirdParty","excludedInitiatorDomains":["tn.com.ar"]},"priority":3},{"id":26607,"action":{"type":"block"},"condition":{"urlFilter":"||d-stats.com"},"priority":1},{"id":26631,"action":{"type":"block"},"condition":{"urlFilter":"||dtscout.com"},"priority":1},{"id":26655,"action":{"type":"block"},"condition":{"urlFilter":"||effectivemeasure.net"},"priority":1},{"id":26688,"action":{"type":"block"},"condition":{"urlFilter":"||exdynsrv.com"},"priority":1},{"id":26713,"action":{"type":"block"},"condition":{"urlFilter":"||exoclick.com"},"priority":1},{"id":26738,"action":{"type":"block"},"condition":{"urlFilter":"||exosrv.com"},"priority":1},{"id":26761,"action":{"type":"block"},"condition":{"urlFilter":"||eyeota.net"},"priority":1},{"id":26784,"action":{"type":"block"},"condition":{"urlFilter":"||feedjit.com"},"priority":1},{"id":26808,"action":{"type":"block"},"condition":{"urlFilter":"||filadmir.site"},"priority":1},{"id":26834,"action":{"type":"block"},"condition":{"urlFilter":"||fout.jp"},"priority":1},{"id":26854,"action":{"type":"block"},"condition":{"urlFilter":"||gammaplatform.com"},"priority":1},{"id":26884,"action":{"type":"block"},"condition":{"urlFilter":"||gbotvisit.com"},"priority":1},{"id":26910,"action":{"type":"block"},"condition":{"urlFilter":"||gbox.sc"},"priority":1},{"id":26930,"action":{"type":"block"},"condition":{"urlFilter":"||generaltagcom.ga"},"priority":1},{"id":26959,"action":{"type":"block"},"condition":{"urlFilter":"||go2cloud.org"},"priority":1},{"id":26984,"action":{"type":"block"},"condition":{"urlFilter":"||go2speed.org"},"priority":1},{"id":27009,"action":{"type":"block"},"condition":{"urlFilter":"||google-analytics.l.google.com"},"priority":1},{"id":27051,"action":{"type":"block"},"condition":{"urlFilter":"||heatmap.it"},"priority":1},{"id":27074,"action":{"type":"block"},"condition":{"urlFilter":"||hilightad.kapook.com"},"priority":1},{"id":27107,"action":{"type":"block"},"condition":{"urlFilter":"||histats.com"},"priority":1},{"id":27131,"action":{"type":"block"},"condition":{"urlFilter":"||hotjar.com"},"priority":1},{"id":27154,"action":{"type":"block"},"condition":{"urlFilter":"||imrworldwide.com"},"priority":1},{"id":27183,"action":{"type":"block"},"condition":{"urlFilter":"||inmobi.com"},"priority":1},{"id":27206,"action":{"type":"block"},"condition":{"urlFilter":"||innity.com"},"priority":1},{"id":27229,"action":{"type":"block"},"condition":{"urlFilter":"||innity.net"},"priority":1},{"id":27252,"action":{"type":"block"},"condition":{"urlFilter":"||inspectlet.com"},"priority":1},{"id":27279,"action":{"type":"block"},"condition":{"urlFilter":"||iyfnzgb.com"},"priority":1},{"id":27303,"action":{"type":"block"},"condition":{"urlFilter":"||izooto.com"},"priority":1},{"id":27326,"action":{"type":"block"},"condition":{"urlFilter":"||joox-affiliate.sanook.com"},"priority":1},{"id":27364,"action":{"type":"block"},"condition":{"urlFilter":"||kiosked.com"},"priority":1},{"id":27388,"action":{"type":"block"},"condition":{"urlFilter":"||luckyorange.com"},"priority":1},{"id":27416,"action":{"type":"block"},"condition":{"urlFilter":"||m88.com"},"priority":1},{"id":27436,"action":{"type":"block"},"condition":{"urlFilter":"||moatads.com"},"priority":1},{"id":27460,"action":{"type":"block"},"condition":{"urlFilter":"||mtburn.com"},"priority":1},{"id":27483,"action":{"type":"block"},"condition":{"urlFilter":"||mtburn.jp"},"priority":1},{"id":27505,"action":{"type":"block"},"condition":{"urlFilter":"||nr-data.com"},"priority":1},{"id":27529,"action":{"type":"block"},"condition":{"urlFilter":"||nr-data.net"},"priority":1},{"id":27553,"action":{"type":"block"},"condition":{"urlFilter":"||nuffnang.co.th"},"priority":1},{"id":27580,"action":{"type":"block"},"condition":{"urlFilter":"||nuffnang.com"},"priority":1},{"id":27605,"action":{"type":"block"},"condition":{"urlFilter":"||nytive.com"},"priority":1},{"id":27628,"action":{"type":"block"},"condition":{"urlFilter":"||oclaserver.com"},"priority":1},{"id":27655,"action":{"type":"block"},"condition":{"urlFilter":"||oilchange.website"},"priority":1},{"id":27685,"action":{"type":"block"},"condition":{"urlFilter":"||onclasrv.com"},"priority":1},{"id":27710,"action":{"type":"block"},"condition":{"urlFilter":"||onclickads.net"},"priority":1},{"id":27737,"action":{"type":"block"},"condition":{"urlFilter":"||openx.notebookspec.com"},"priority":1},{"id":27772,"action":{"type":"block"},"condition":{"urlFilter":"||openxmarket.asia"},"priority":1},{"id":27801,"action":{"type":"block"},"condition":{"urlFilter":"||padsdel.com"},"priority":1},{"id":27825,"action":{"type":"block"},"condition":{"urlFilter":"||padstm.com"},"priority":1},{"id":27848,"action":{"type":"block"},"condition":{"urlFilter":"||parkingcrew.com"},"priority":1},{"id":27876,"action":{"type":"block"},"condition":{"urlFilter":"||parkingcrew.net"},"priority":1},{"id":27904,"action":{"type":"block"},"condition":{"urlFilter":"||pc1ads.com"},"priority":1},{"id":27927,"action":{"type":"block"},"condition":{"urlFilter":"||pc2ads.com"},"priority":1},{"id":27950,"action":{"type":"block"},"condition":{"urlFilter":"||pc3ads.com"},"priority":1},{"id":27973,"action":{"type":"block"},"condition":{"urlFilter":"||ping-fast.com"},"priority":1},{"id":27999,"action":{"type":"block"},"condition":{"urlFilter":"||pingdom.net"},"priority":1},{"id":28023,"action":{"type":"block"},"condition":{"urlFilter":"||pixeldigitalstudios.com"},"priority":1},{"id":28059,"action":{"type":"block"},"condition":{"urlFilter":"||plista.com"},"priority":1},{"id":28082,"action":{"type":"block"},"condition":{"urlFilter":"||popads.net"},"priority":1},{"id":28105,"action":{"type":"block"},"condition":{"urlFilter":"||popcash.net"},"priority":1},{"id":28129,"action":{"type":"block"},"condition":{"urlFilter":"||popclck.com"},"priority":1},{"id":28153,"action":{"type":"block"},"condition":{"urlFilter":"||popclck.net"},"priority":1},{"id":28177,"action":{"type":"block"},"condition":{"urlFilter":"||poptm.com"},"priority":1},{"id":28199,"action":{"type":"block"},"condition":{"urlFilter":"||ptengine.com"},"priority":1},{"id":28224,"action":{"type":"block"},"condition":{"urlFilter":"||puserving.com"},"priority":1},{"id":28250,"action":{"type":"block"},"condition":{"urlFilter":"||pushnative.com"},"priority":1},{"id":28277,"action":{"type":"block"},"condition":{"urlFilter":"||quicktask.xyz"},"priority":1},{"id":28303,"action":{"type":"block"},"condition":{"urlFilter":"||reimageplus.com"},"priority":1},{"id":28331,"action":{"type":"block"},"condition":{"urlFilter":"||replase.tk"},"priority":1},{"id":28354,"action":{"type":"block"},"condition":{"urlFilter":"||report-uri.cloudflare.com"},"priority":1},{"id":28392,"action":{"type":"block"},"condition":{"urlFilter":"||revsci.net"},"priority":1},{"id":28415,"action":{"type":"block"},"condition":{"urlFilter":"||runtnc.net"},"priority":1},{"id":28438,"action":{"type":"block"},"condition":{"urlFilter":"||ruu-dee.com"},"priority":1},{"id":28462,"action":{"type":"block"},"condition":{"urlFilter":"||sales-frontier.com"},"priority":1},{"id":28493,"action":{"type":"block"},"condition":{"urlFilter":"||scorecardresearch.com"},"priority":1},{"id":28527,"action":{"type":"block"},"condition":{"urlFilter":"||serving-sys.com"},"priority":1},{"id":28555,"action":{"type":"block"},"condition":{"urlFilter":"||simba-digital.com"},"priority":1},{"id":28585,"action":{"type":"block"},"condition":{"urlFilter":"||socdm.com"},"priority":1},{"id":28607,"action":{"type":"block"},"condition":{"urlFilter":"||stat.matichon.co.th"},"priority":1},{"id":28639,"action":{"type":"block"},"condition":{"urlFilter":"||statmt.matichon.co.th"},"priority":1},{"id":28673,"action":{"type":"block"},"condition":{"urlFilter":"||stats.in.th"},"priority":1},{"id":28697,"action":{"type":"block"},"condition":{"urlFilter":"||stats.wp.com"},"priority":1},{"id":28722,"action":{"type":"block"},"condition":{"urlFilter":"||sumome.com"},"priority":1},{"id":28745,"action":{"type":"block"},"condition":{"urlFilter":"||synergy-e.com"},"priority":1},{"id":28771,"action":{"type":"block"},"condition":{"urlFilter":"||taboola.com"},"priority":1},{"id":28795,"action":{"type":"block"},"condition":{"urlFilter":"||tagserve.asia"},"priority":1},{"id":28821,"action":{"type":"block"},"condition":{"urlFilter":"||tapad.com"},"priority":1},{"id":28843,"action":{"type":"block"},"condition":{"urlFilter":"||thstats.com"},"priority":1},{"id":28867,"action":{"type":"block"},"condition":{"urlFilter":"||thtrackingap.com"},"priority":1},{"id":28896,"action":{"type":"block"},"condition":{"urlFilter":"||tityx.com"},"priority":1},{"id":28918,"action":{"type":"block"},"condition":{"urlFilter":"||travelpayouts.com"},"priority":1},{"id":28948,"action":{"type":"block"},"condition":{"urlFilter":"||truehits.in.th"},"priority":1},{"id":28975,"action":{"type":"block"},"condition":{"urlFilter":"||truehits.net"},"priority":1},{"id":29000,"action":{"type":"block"},"condition":{"urlFilter":"||tynt.com"},"priority":1},{"id":29021,"action":{"type":"block"},"condition":{"urlFilter":"||user-api.com"},"priority":1},{"id":29046,"action":{"type":"block"},"condition":{"urlFilter":"||user-clicks.com"},"priority":1},{"id":29074,"action":{"type":"block"},"condition":{"urlFilter":"||user-red.com"},"priority":1},{"id":29099,"action":{"type":"block"},"condition":{"urlFilter":"||uustoughtonma.org"},"priority":1},{"id":29129,"action":{"type":"block"},"condition":{"urlFilter":"||whatshelp.io"},"priority":1},{"id":29154,"action":{"type":"block"},"condition":{"urlFilter":"||wmdstat.dev-sanook.com"},"priority":1},{"id":29189,"action":{"type":"block"},"condition":{"urlFilter":"||yengo.com"},"priority":1},{"id":29211,"action":{"type":"block"},"condition":{"urlFilter":"||yu0123456.com"},"priority":1},{"id":29237,"action":{"type":"block"},"condition":{"urlFilter":"||zemanta.com"},"priority":1},{"id":29261,"action":{"type":"block"},"condition":{"urlFilter":"||moviefree365.com"},"priority":1},{"id":29290,"action":{"type":"block"},"condition":{"urlFilter":"||pichub.tk"},"priority":1},{"id":29312,"action":{"type":"block"},"condition":{"urlFilter":"||1234picz.com"},"priority":1},{"id":29337,"action":{"type":"block"},"condition":{"urlFilter":"||happylukebet.com"},"priority":1},{"id":29366,"action":{"type":"block"},"condition":{"urlFilter":"||silkspan.com"},"priority":1},{"id":29391,"action":{"type":"block"},"condition":{"urlFilter":"||thai-iphone.com"},"priority":1},{"id":29419,"action":{"type":"block"},"condition":{"urlFilter":"46.8.158.80"},"priority":1},{"id":29441,"action":{"type":"block"},"condition":{"urlFilter":"46.8.158.94"},"priority":1},{"id":29463,"action":{"type":"block"},"condition":{"urlFilter":"46.8.158.101"},"priority":1},{"id":29486,"action":{"type":"block"},"condition":{"urlFilter":"109.248.59.27"},"priority":1},{"id":29510,"action":{"type":"block"},"condition":{"urlFilter":"195.133.60.89"},"priority":1},{"id":29534,"action":{"type":"block"},"condition":{"urlFilter":"||1000curryrestaurant.com"},"priority":1},{"id":29570,"action":{"type":"block"},"condition":{"urlFilter":"||10xtechie.com"},"priority":1},{"id":29596,"action":{"type":"block"},"condition":{"urlFilter":"||195-133-60-89.hostinghubsolutions.com"},"priority":1},{"id":29646,"action":{"type":"block"},"condition":{"urlFilter":"||1roofev.com"},"priority":1},{"id":29670,"action":{"type":"block"},"condition":{"urlFilter":"||3dshipmodels.com"},"priority":1},{"id":29699,"action":{"type":"block"},"condition":{"urlFilter":"||3riversprint.com"},"priority":1},{"id":29728,"action":{"type":"block"},"condition":{"urlFilter":"||4jslg.7primos.com"},"priority":1},{"id":29758,"action":{"type":"block"},"condition":{"urlFilter":"||4jslg.overstayjaffa.com"},"priority":1},{"id":29794,"action":{"type":"block"},"condition":{"urlFilter":"||4jslg.thestringbook.com"},"priority":1},{"id":29830,"action":{"type":"block"},"condition":{"urlFilter":"||7primos.com"},"priority":1},{"id":29854,"action":{"type":"block"},"condition":{"urlFilter":"||8slash8.com"},"priority":1},{"id":29878,"action":{"type":"block"},"condition":{"urlFilter":"||academiasprolog.com"},"priority":1},{"id":29910,"action":{"type":"block"},"condition":{"urlFilter":"||accountantamsterdam.net"},"priority":1},{"id":29946,"action":{"type":"block"},"condition":{"urlFilter":"||achivadolimni.com"},"priority":1},{"id":29976,"action":{"type":"block"},"condition":{"urlFilter":"||afiyahlab.com"},"priority":1},{"id":30002,"action":{"type":"block"},"condition":{"urlFilter":"||agdrumschool.com"},"priority":1},{"id":30031,"action":{"type":"block"},"condition":{"urlFilter":"||agentogel.info"},"priority":1},{"id":30058,"action":{"type":"block"},"condition":{"urlFilter":"||ahvaz-anesthesia.com"},"priority":1},{"id":30091,"action":{"type":"block"},"condition":{"urlFilter":"||aisushigobc.com"},"priority":1},{"id":30119,"action":{"type":"block"},"condition":{"urlFilter":"||alamaymoon.com"},"priority":1},{"id":30146,"action":{"type":"block"},"condition":{"urlFilter":"||albioncollege.info"},"priority":1},{"id":30177,"action":{"type":"block"},"condition":{"urlFilter":"||alexlaz.com"},"priority":1},{"id":30201,"action":{"type":"block"},"condition":{"urlFilter":"||all-in-barbers.com"},"priority":1},{"id":30232,"action":{"type":"block"},"condition":{"urlFilter":"||altexplorer.info"},"priority":1},{"id":30261,"action":{"type":"block"},"condition":{"urlFilter":"||amarantinefarms.com"},"priority":1},{"id":30293,"action":{"type":"block"},"condition":{"urlFilter":"||amzprotradernow.com"},"priority":1},{"id":30325,"action":{"type":"block"},"condition":{"urlFilter":"||api-injoyplan.com"},"priority":1},{"id":30355,"action":{"type":"block"},"condition":{"urlFilter":"||appboltonik.com"},"priority":1},{"id":30383,"action":{"type":"block"},"condition":{"urlFilter":"||appstkmadmin.com"},"priority":1},{"id":30412,"action":{"type":"block"},"condition":{"urlFilter":"||arentalcars.com"},"priority":1},{"id":30440,"action":{"type":"block"},"condition":{"urlFilter":"||ariasitting.com"},"priority":1},{"id":30468,"action":{"type":"block"},"condition":{"urlFilter":"||aspectjcookbook.com"},"priority":1},{"id":30500,"action":{"type":"block"},"condition":{"urlFilter":"||asupro.com"},"priority":1},{"id":30523,"action":{"type":"block"},"condition":{"urlFilter":"||atomslip.com"},"priority":1},{"id":30548,"action":{"type":"block"},"condition":{"urlFilter":"||atu-cyberwargames.com"},"priority":1},{"id":30582,"action":{"type":"block"},"condition":{"urlFilter":"||ayp-system.com"},"priority":1},{"id":30609,"action":{"type":"block"},"condition":{"urlFilter":"||babyandbeyondkh.com"},"priority":1},{"id":30641,"action":{"type":"block"},"condition":{"urlFilter":"||backnodes.com"},"priority":1},{"id":30667,"action":{"type":"block"},"condition":{"urlFilter":"||baepullu.com"},"priority":1},{"id":30692,"action":{"type":"block"},"condition":{"urlFilter":"||bagantax.com"},"priority":1},{"id":30717,"action":{"type":"block"},"condition":{"urlFilter":"||bayofgreens.com"},"priority":1},{"id":30745,"action":{"type":"block"},"condition":{"urlFilter":"||bbficocarseats.com"},"priority":1},{"id":30776,"action":{"type":"block"},"condition":{"urlFilter":"||be-lovedshow.com"},"priority":1},{"id":30805,"action":{"type":"block"},"condition":{"urlFilter":"||beefashionstores.com"},"priority":1},{"id":30838,"action":{"type":"block"},"condition":{"urlFilter":"||bepunjaban.com"},"priority":1},{"id":30865,"action":{"type":"block"},"condition":{"urlFilter":"||bestpaintballgun.info"},"priority":1},{"id":30899,"action":{"type":"block"},"condition":{"urlFilter":"||betrool.com"},"priority":1},{"id":30923,"action":{"type":"block"},"condition":{"urlFilter":"||bezt-newz-today.com"},"priority":1},{"id":30955,"action":{"type":"block"},"condition":{"urlFilter":"||bfm4christ.com"},"priority":1},{"id":30982,"action":{"type":"block"},"condition":{"urlFilter":"||bigwingsrestaurant.com"},"priority":1},{"id":31017,"action":{"type":"block"},"condition":{"urlFilter":"||bitpra.com"},"priority":1},{"id":31040,"action":{"type":"block"},"condition":{"urlFilter":"||bittobi.com"},"priority":1},{"id":31064,"action":{"type":"block"},"condition":{"urlFilter":"||bloomsbasket.com"},"priority":1},{"id":31093,"action":{"type":"block"},"condition":{"urlFilter":"||bluuepin.com"},"priority":1},{"id":31118,"action":{"type":"block"},"condition":{"urlFilter":"||bnsoni.com"},"priority":1},{"id":31141,"action":{"type":"block"},"condition":{"urlFilter":"||booknsunglasses.com"},"priority":1},{"id":31173,"action":{"type":"block"},"condition":{"urlFilter":"||boostingplugs.com"},"priority":1},{"id":31203,"action":{"type":"block"},"condition":{"urlFilter":"||botadapmc.com"},"priority":1},{"id":31229,"action":{"type":"block"},"condition":{"urlFilter":"||bouthilliersconstructiongov.com"},"priority":1},{"id":31273,"action":{"type":"block"},"condition":{"urlFilter":"||brainmindsociety.com"},"priority":1},{"id":31306,"action":{"type":"block"},"condition":{"urlFilter":"||bravoxoso.com"},"priority":1},{"id":31332,"action":{"type":"block"},"condition":{"urlFilter":"||breakingbay.com"},"priority":1},{"id":31360,"action":{"type":"block"},"condition":{"urlFilter":"||brynweb.com"},"priority":1},{"id":31384,"action":{"type":"block"},"condition":{"urlFilter":"||bulletinzaiynt.com"},"priority":1},{"id":31415,"action":{"type":"block"},"condition":{"urlFilter":"||byantonellascake.com"},"priority":1},{"id":31448,"action":{"type":"block"},"condition":{"urlFilter":"||captingirl.com"},"priority":1},{"id":31475,"action":{"type":"block"},"condition":{"urlFilter":"||carnercare.com"},"priority":1},{"id":31502,"action":{"type":"block"},"condition":{"urlFilter":"||cassandrawealthadvisors.com"},"priority":1},{"id":31542,"action":{"type":"block"},"condition":{"urlFilter":"||catsandcafe.com"},"priority":1},{"id":31570,"action":{"type":"block"},"condition":{"urlFilter":"||celebbizz.com"},"priority":1},{"id":31596,"action":{"type":"block"},"condition":{"urlFilter":"||ceolsen.com"},"priority":1},{"id":31620,"action":{"type":"block"},"condition":{"urlFilter":"||ceritaharian.com"},"priority":1},{"id":31649,"action":{"type":"block"},"condition":{"urlFilter":"||cheersuper.com"},"priority":1},{"id":31676,"action":{"type":"block"},"condition":{"urlFilter":"||chilltalks.org"},"priority":1},{"id":31703,"action":{"type":"block"},"condition":{"urlFilter":"||chusband.com"},"priority":1},{"id":31728,"action":{"type":"block"},"condition":{"urlFilter":"||clabs-eg.com"},"priority":1},{"id":31753,"action":{"type":"block"},"condition":{"urlFilter":"||cleanestcutss.com"},"priority":1},{"id":31783,"action":{"type":"block"},"condition":{"urlFilter":"||clipperapps.com"},"priority":1},{"id":31811,"action":{"type":"block"},"condition":{"urlFilter":"||cluebird.com"},"priority":1},{"id":31836,"action":{"type":"block"},"condition":{"urlFilter":"||comidaxpress.com"},"priority":1},{"id":31865,"action":{"type":"block"},"condition":{"urlFilter":"||copticdevs.com"},"priority":1},{"id":31892,"action":{"type":"block"},"condition":{"urlFilter":"||corecovers.info"},"priority":1},{"id":31920,"action":{"type":"block"},"condition":{"urlFilter":"||crccassessoria.com"},"priority":1},{"id":31951,"action":{"type":"block"},"condition":{"urlFilter":"||createdbygenesse.com"},"priority":1},{"id":31984,"action":{"type":"block"},"condition":{"urlFilter":"||cscjcares.com"},"priority":1},{"id":32010,"action":{"type":"block"},"condition":{"urlFilter":"||curryflavorgrill.com"},"priority":1},{"id":32043,"action":{"type":"block"},"condition":{"urlFilter":"||cursoscadastro.com"},"priority":1},{"id":32074,"action":{"type":"block"},"condition":{"urlFilter":"||cursoseofertas.com"},"priority":1},{"id":32105,"action":{"type":"block"},"condition":{"urlFilter":"||dailyreportquant.com"},"priority":1},{"id":32138,"action":{"type":"block"},"condition":{"urlFilter":"||dana-b7r.com"},"priority":1},{"id":32163,"action":{"type":"block"},"condition":{"urlFilter":"||daniloremote.com"},"priority":1},{"id":32192,"action":{"type":"block"},"condition":{"urlFilter":"||danimalrocks.com"},"priority":1},{"id":32221,"action":{"type":"block"},"condition":{"urlFilter":"||darkrabbitsolutions.com"},"priority":1},{"id":32257,"action":{"type":"block"},"condition":{"urlFilter":"||davis-analytics.com"},"priority":1},{"id":32289,"action":{"type":"block"},"condition":{"urlFilter":"||dazzlebox.com"},"priority":1},{"id":32315,"action":{"type":"block"},"condition":{"urlFilter":"||dcoygames.com"},"priority":1},{"id":32341,"action":{"type":"block"},"condition":{"urlFilter":"||definitemodel.com"},"priority":1},{"id":32371,"action":{"type":"block"},"condition":{"urlFilter":"||demandjo.com"},"priority":1},{"id":32396,"action":{"type":"block"},"condition":{"urlFilter":"||dev.prowallet.com"},"priority":1},{"id":32426,"action":{"type":"block"},"condition":{"urlFilter":"||dguedry.com"},"priority":1},{"id":32450,"action":{"type":"block"},"condition":{"urlFilter":"||dirtgrab.com"},"priority":1},{"id":32475,"action":{"type":"block"},"condition":{"urlFilter":"||disruptiveclinic.com"},"priority":1},{"id":32508,"action":{"type":"block"},"condition":{"urlFilter":"||djshawnmichaels.com"},"priority":1},{"id":32540,"action":{"type":"block"},"condition":{"urlFilter":"||dl.gold-meat.ru"},"priority":1},{"id":32568,"action":{"type":"block"},"condition":{"urlFilter":"||dominiontalent.com"},"priority":1},{"id":32599,"action":{"type":"block"},"condition":{"urlFilter":"||domoticize.com"},"priority":1},{"id":32626,"action":{"type":"block"},"condition":{"urlFilter":"||dope88.com"},"priority":1},{"id":32649,"action":{"type":"block"},"condition":{"urlFilter":"||drumlikeag.com"},"priority":1},{"id":32676,"action":{"type":"block"},"condition":{"urlFilter":"||dubairevoltsystem.com"},"priority":1},{"id":32710,"action":{"type":"block"},"condition":{"urlFilter":"||duitexchange.com"},"priority":1},{"id":32739,"action":{"type":"block"},"condition":{"urlFilter":"||dwrswap.com"},"priority":1},{"id":32763,"action":{"type":"block"},"condition":{"urlFilter":"||editfestdrone.com"},"priority":1},{"id":32793,"action":{"type":"block"},"condition":{"urlFilter":"||ejppayment.com"},"priority":1},{"id":32820,"action":{"type":"block"},"condition":{"urlFilter":"||elecapubs.com"},"priority":1},{"id":32846,"action":{"type":"block"},"condition":{"urlFilter":"||elelongservice.com"},"priority":1},{"id":32877,"action":{"type":"block"},"condition":{"urlFilter":"||elizashoup.com"},"priority":1},{"id":32904,"action":{"type":"block"},"condition":{"urlFilter":"||embroideryshop.com"},"priority":1},{"id":32935,"action":{"type":"block"},"condition":{"urlFilter":"||eminifx59.com"},"priority":1},{"id":32961,"action":{"type":"block"},"condition":{"urlFilter":"||empirecity.today"},"priority":1},{"id":32990,"action":{"type":"block"},"condition":{"urlFilter":"||estitchbysaba.com"},"priority":1},{"id":33020,"action":{"type":"block"},"condition":{"urlFilter":"||eurokidsgurugram.com"},"priority":1},{"id":33053,"action":{"type":"block"},"condition":{"urlFilter":"||fabulous6fantasy.com"},"priority":1},{"id":33086,"action":{"type":"block"},"condition":{"urlFilter":"||faqspace.com"},"priority":1},{"id":33111,"action":{"type":"block"},"condition":{"urlFilter":"||fernandespegoraro.com"},"priority":1},{"id":33145,"action":{"type":"block"},"condition":{"urlFilter":"||financialsolving.com"},"priority":1},{"id":33178,"action":{"type":"block"},"condition":{"urlFilter":"||firstmobileeducation.com"},"priority":1},{"id":33215,"action":{"type":"block"},"condition":{"urlFilter":"||flyaram.com"},"priority":1},{"id":33239,"action":{"type":"block"},"condition":{"urlFilter":"||fortsport365.com"},"priority":1},{"id":33268,"action":{"type":"block"},"condition":{"urlFilter":"||founderplusacademy.com"},"priority":1},{"id":33303,"action":{"type":"block"},"condition":{"urlFilter":"||foxandmusic.com"},"priority":1},{"id":33331,"action":{"type":"block"},"condition":{"urlFilter":"||freeball98.com"},"priority":1},{"id":33358,"action":{"type":"block"},"condition":{"urlFilter":"||freshgrainke.com"},"priority":1},{"id":33387,"action":{"type":"block"},"condition":{"urlFilter":"||ftp.7primos.com"},"priority":1},{"id":33415,"action":{"type":"block"},"condition":{"urlFilter":"||ftp.ingridsherman.com"},"priority":1},{"id":33449,"action":{"type":"block"},"condition":{"urlFilter":"||fujinoodlerestaurant.com"},"priority":1},{"id":33486,"action":{"type":"block"},"condition":{"urlFilter":"||fxbroker-consulting.com"},"priority":1},{"id":33522,"action":{"type":"block"},"condition":{"urlFilter":"||fydebot.com"},"priority":1},{"id":33546,"action":{"type":"block"},"condition":{"urlFilter":"||g-whizzy.com"},"priority":1},{"id":33571,"action":{"type":"block"},"condition":{"urlFilter":"||gangasperu.com"},"priority":1},{"id":33598,"action":{"type":"block"},"condition":{"urlFilter":"||getprintapp.com"},"priority":1},{"id":33626,"action":{"type":"block"},"condition":{"urlFilter":"||globalseedxchange.com"},"priority":1},{"id":33660,"action":{"type":"block"},"condition":{"urlFilter":"||globalsmarturl.com"},"priority":1},{"id":33691,"action":{"type":"block"},"condition":{"urlFilter":"||gobaypay.com"},"priority":1},{"id":33716,"action":{"type":"block"},"condition":{"urlFilter":"||gold-meat.ru"},"priority":1},{"id":33741,"action":{"type":"block"},"condition":{"urlFilter":"||greenacresapt.com"},"priority":1},{"id":33771,"action":{"type":"block"},"condition":{"urlFilter":"||grenvillegraphite.com"},"priority":1},{"id":33805,"action":{"type":"block"},"condition":{"urlFilter":"||groundloop.info"},"priority":1},{"id":33833,"action":{"type":"block"},"condition":{"urlFilter":"||guardin78.com"},"priority":1},{"id":33859,"action":{"type":"block"},"condition":{"urlFilter":"||hambletondefense.com"},"priority":1},{"id":33892,"action":{"type":"block"},"condition":{"urlFilter":"||happylifelab.com"},"priority":1},{"id":33921,"action":{"type":"block"},"condition":{"urlFilter":"||harrisonkieffer.com"},"priority":1},{"id":33953,"action":{"type":"block"},"condition":{"urlFilter":"||hc-learning.com"},"priority":1},{"id":33981,"action":{"type":"block"},"condition":{"urlFilter":"||hermes-filter.com"},"priority":1},{"id":34011,"action":{"type":"block"},"condition":{"urlFilter":"||hfcofficial.com"},"priority":1},{"id":34039,"action":{"type":"block"},"condition":{"urlFilter":"||hillaforklifts.com"},"priority":1},{"id":34070,"action":{"type":"block"},"condition":{"urlFilter":"||hostmaster.fabulous6fantasy.com"},"priority":1},{"id":34114,"action":{"type":"block"},"condition":{"urlFilter":"||hostmaster.hillaforklifts.com"},"priority":1},{"id":34156,"action":{"type":"block"},"condition":{"urlFilter":"||hostmaster.joshforjudge.com"},"priority":1},{"id":34196,"action":{"type":"block"},"condition":{"urlFilter":"||hostmaster.losangelesfamilylawlawyer.com"},"priority":1},{"id":34249,"action":{"type":"block"},"condition":{"urlFilter":"||hostmaster.reponses.com"},"priority":1},{"id":34285,"action":{"type":"block"},"condition":{"urlFilter":"||hostmaster.wolhyang.com"},"priority":1},{"id":34321,"action":{"type":"block"},"condition":{"urlFilter":"||hyperionity.com"},"priority":1},{"id":34349,"action":{"type":"block"},"condition":{"urlFilter":"||idleduels.com"},"priority":1},{"id":34375,"action":{"type":"block"},"condition":{"urlFilter":"||igtvreel.com"},"priority":1},{"id":34400,"action":{"type":"block"},"condition":{"urlFilter":"||ilbunjibistro.com"},"priority":1},{"id":34430,"action":{"type":"block"},"condition":{"urlFilter":"||imap.prowallet.com"},"priority":1},{"id":34461,"action":{"type":"block"},"condition":{"urlFilter":"||in-to-win-co.com"},"priority":1},{"id":34490,"action":{"type":"block"},"condition":{"urlFilter":"||info.wisewsports.com"},"priority":1},{"id":34523,"action":{"type":"block"},"condition":{"urlFilter":"||ingridsherman.com"},"priority":1},{"id":34553,"action":{"type":"block"},"condition":{"urlFilter":"||intranet.lilufan.com"},"priority":1},{"id":34586,"action":{"type":"block"},"condition":{"urlFilter":"||isdareg.com"},"priority":1},{"id":34610,"action":{"type":"block"},"condition":{"urlFilter":"||iteration777.com"},"priority":1},{"id":34639,"action":{"type":"block"},"condition":{"urlFilter":"||ivan-jr.com"},"priority":1},{"id":34663,"action":{"type":"block"},"condition":{"urlFilter":"||jaimexavier.com"},"priority":1},{"id":34691,"action":{"type":"block"},"condition":{"urlFilter":"||jakobasson.com"},"priority":1},{"id":34718,"action":{"type":"block"},"condition":{"urlFilter":"||jaredkschreiber.com"},"priority":1},{"id":34750,"action":{"type":"block"},"condition":{"urlFilter":"||jasonkrasavage.com"},"priority":1},{"id":34781,"action":{"type":"block"},"condition":{"urlFilter":"||jenkins.peshanga.com"},"priority":1},{"id":34814,"action":{"type":"block"},"condition":{"urlFilter":"||jessejamesacademy.com"},"priority":1},{"id":34848,"action":{"type":"block"},"condition":{"urlFilter":"||jjkratomdispensary.com"},"priority":1},{"id":34883,"action":{"type":"block"},"condition":{"urlFilter":"||jobztrak.com"},"priority":1},{"id":34908,"action":{"type":"block"},"condition":{"urlFilter":"||joshforjudge.com"},"priority":1},{"id":34937,"action":{"type":"block"},"condition":{"urlFilter":"||jteamturkey.com"},"priority":1},{"id":34965,"action":{"type":"block"},"condition":{"urlFilter":"||jv11am.com"},"priority":1},{"id":34988,"action":{"type":"block"},"condition":{"urlFilter":"||kabor.info"},"priority":1},{"id":35011,"action":{"type":"block"},"condition":{"urlFilter":"||kanekikek.com"},"priority":1},{"id":35037,"action":{"type":"block"},"condition":{"urlFilter":"||kaphubsapp.com"},"priority":1},{"id":35064,"action":{"type":"block"},"condition":{"urlFilter":"||karshin.com"},"priority":1},{"id":35088,"action":{"type":"block"},"condition":{"urlFilter":"||kazamajin.com"},"priority":1},{"id":35114,"action":{"type":"block"},"condition":{"urlFilter":"||kennethcanega.com"},"priority":1},{"id":35144,"action":{"type":"block"},"condition":{"urlFilter":"||keyatraderss.com"},"priority":1},{"id":35173,"action":{"type":"block"},"condition":{"urlFilter":"||khao-newth.com"},"priority":1},{"id":35200,"action":{"type":"block"},"condition":{"urlFilter":"||khitinhyeudulon.com"},"priority":1},{"id":35232,"action":{"type":"block"},"condition":{"urlFilter":"||kinesiotapelife.com"},"priority":1},{"id":35264,"action":{"type":"block"},"condition":{"urlFilter":"||kirawhite.com"},"priority":1},{"id":35290,"action":{"type":"block"},"condition":{"urlFilter":"||klmemorialschools.com"},"priority":1},{"id":35324,"action":{"type":"block"},"condition":{"urlFilter":"||kmoilane.com"},"priority":1},{"id":35349,"action":{"type":"block"},"condition":{"urlFilter":"||kuka999.com"},"priority":1},{"id":35373,"action":{"type":"block"},"condition":{"urlFilter":"||kwsells.com"},"priority":1},{"id":35397,"action":{"type":"block"},"condition":{"urlFilter":"||l21ad.com"},"priority":1},{"id":35419,"action":{"type":"block"},"condition":{"urlFilter":"||labugy.com"},"priority":1},{"id":35442,"action":{"type":"block"},"condition":{"urlFilter":"||laddercaptial.com"},"priority":1},{"id":35472,"action":{"type":"block"},"condition":{"urlFilter":"||lakeoffer.com"},"priority":1},{"id":35498,"action":{"type":"block"},"condition":{"urlFilter":"||lanansi.com"},"priority":1},{"id":35522,"action":{"type":"block"},"condition":{"urlFilter":"||laravel-code.com"},"priority":1},{"id":35551,"action":{"type":"block"},"condition":{"urlFilter":"||lazzytech.com"},"priority":1},{"id":35577,"action":{"type":"block"},"condition":{"urlFilter":"||le42a66a.justinstalledpanel.com"},"priority":1},{"id":35621,"action":{"type":"block"},"condition":{"urlFilter":"||legalbrightjoint.com"},"priority":1},{"id":35654,"action":{"type":"block"},"condition":{"urlFilter":"||lelepenyet.com"},"priority":1},{"id":35681,"action":{"type":"block"},"condition":{"urlFilter":"||leslignesdufjord.com"},"priority":1},{"id":35714,"action":{"type":"block"},"condition":{"urlFilter":"||lifechangingthoughts.com"},"priority":1},{"id":35751,"action":{"type":"block"},"condition":{"urlFilter":"||lilufan.com"},"priority":1},{"id":35775,"action":{"type":"block"},"condition":{"urlFilter":"||littlehappybliss.com"},"priority":1},{"id":35808,"action":{"type":"block"},"condition":{"urlFilter":"||littlistings.com"},"priority":1},{"id":35837,"action":{"type":"block"},"condition":{"urlFilter":"||liveyourbestlifetwice.com"},"priority":1},{"id":35875,"action":{"type":"block"},"condition":{"urlFilter":"||lojaeois.com"},"priority":1},{"id":35900,"action":{"type":"block"},"condition":{"urlFilter":"||losangelescriminalattorneys.com"},"priority":1},{"id":35944,"action":{"type":"block"},"condition":{"urlFilter":"||losangelesfamilylawlawyer.com"},"priority":1},{"id":35986,"action":{"type":"block"},"condition":{"urlFilter":"||losangelesfamilylawlawyers.com"},"priority":1},{"id":36029,"action":{"type":"block"},"condition":{"urlFilter":"||lux-sothebysrealty.com"},"priority":1},{"id":36064,"action":{"type":"block"},"condition":{"urlFilter":"||luxsothebysrealty.com"},"priority":1},{"id":36098,"action":{"type":"block"},"condition":{"urlFilter":"||luxuriyahotels.com"},"priority":1},{"id":36129,"action":{"type":"block"},"condition":{"urlFilter":"||lxtsir.com"},"priority":1},{"id":36152,"action":{"type":"block"},"condition":{"urlFilter":"||madsandyoe.com"},"priority":1},{"id":36179,"action":{"type":"block"},"condition":{"urlFilter":"||magecmoon.com"},"priority":1},{"id":36205,"action":{"type":"block"},"condition":{"urlFilter":"||mail.7primos.com"},"priority":1},{"id":36234,"action":{"type":"block"},"condition":{"urlFilter":"||mail.foxandmusic.com"},"priority":1},{"id":36267,"action":{"type":"block"},"condition":{"urlFilter":"||marakitones.com"},"priority":1},{"id":36295,"action":{"type":"block"},"condition":{"urlFilter":"||mdobbins.com"},"priority":1},{"id":36320,"action":{"type":"block"},"condition":{"urlFilter":"||meanderingmonarch.com"},"priority":1},{"id":36354,"action":{"type":"block"},"condition":{"urlFilter":"||medbharat.com"},"priority":1},{"id":36380,"action":{"type":"block"},"condition":{"urlFilter":"||medellinproperties.com"},"priority":1},{"id":36415,"action":{"type":"block"},"condition":{"urlFilter":"||medlabgov.com"},"priority":1},{"id":36441,"action":{"type":"block"},"condition":{"urlFilter":"||mekaniker.com"},"priority":1},{"id":36467,"action":{"type":"block"},"condition":{"urlFilter":"||miagegedeng.com"},"priority":1},{"id":36495,"action":{"type":"block"},"condition":{"urlFilter":"||michaelkusuma.com"},"priority":1},{"id":36525,"action":{"type":"block"},"condition":{"urlFilter":"||mihird.com"},"priority":1},{"id":36548,"action":{"type":"block"},"condition":{"urlFilter":"||milano2london.com"},"priority":1},{"id":36578,"action":{"type":"block"},"condition":{"urlFilter":"||mindgarageclasses.com"},"priority":1},{"id":36612,"action":{"type":"block"},"condition":{"urlFilter":"||minguapp.com"},"priority":1},{"id":36637,"action":{"type":"block"},"condition":{"urlFilter":"||mm88ibc.com"},"priority":1},{"id":36661,"action":{"type":"block"},"condition":{"urlFilter":"||moonstalks.com"},"priority":1},{"id":36688,"action":{"type":"block"},"condition":{"urlFilter":"||motorotam.com"},"priority":1},{"id":36714,"action":{"type":"block"},"condition":{"urlFilter":"||mts35.eprohost.cloud"},"priority":1},{"id":36747,"action":{"type":"block"},"condition":{"urlFilter":"||muindetuva.com"},"priority":1},{"id":36774,"action":{"type":"block"},"condition":{"urlFilter":"||murciajenjorienta.com"},"priority":1},{"id":36808,"action":{"type":"block"},"condition":{"urlFilter":"||musclomania.com"},"priority":1},{"id":36836,"action":{"type":"block"},"condition":{"urlFilter":"||mventa.com"},"priority":1},{"id":36859,"action":{"type":"block"},"condition":{"urlFilter":"||mx.7primos.com"},"priority":1},{"id":36886,"action":{"type":"block"},"condition":{"urlFilter":"||mx0.meanderingmonarch.com"},"priority":1},{"id":36924,"action":{"type":"block"},"condition":{"urlFilter":"||mybigbullfrog.com"},"priority":1},{"id":36954,"action":{"type":"block"},"condition":{"urlFilter":"||mybulkads.com"},"priority":1},{"id":36980,"action":{"type":"block"},"condition":{"urlFilter":"||mydateco.com"},"priority":1},{"id":37005,"action":{"type":"block"},"condition":{"urlFilter":"||myndset88.com"},"priority":1},{"id":37031,"action":{"type":"block"},"condition":{"urlFilter":"||mypilateswoodlands.com"},"priority":1},{"id":37066,"action":{"type":"block"},"condition":{"urlFilter":"||mywritingteacher.com"},"priority":1},{"id":37099,"action":{"type":"block"},"condition":{"urlFilter":"||namthitechnology.com"},"priority":1},{"id":37132,"action":{"type":"block"},"condition":{"urlFilter":"||nantecranes.com"},"priority":1},{"id":37160,"action":{"type":"block"},"condition":{"urlFilter":"||nemobase.com"},"priority":1},{"id":37185,"action":{"type":"block"},"condition":{"urlFilter":"||newsyep.com"},"priority":1},{"id":37209,"action":{"type":"block"},"condition":{"urlFilter":"||nijibooks.com"},"priority":1},{"id":37235,"action":{"type":"block"},"condition":{"urlFilter":"||nikikuzi.com"},"priority":1},{"id":37260,"action":{"type":"block"},"condition":{"urlFilter":"||nothatsme.com"},"priority":1},{"id":37286,"action":{"type":"block"},"condition":{"urlFilter":"||ns2.ttom.xyz"},"priority":1},{"id":37311,"action":{"type":"block"},"condition":{"urlFilter":"||numberli.com"},"priority":1},{"id":37336,"action":{"type":"block"},"condition":{"urlFilter":"||nutratainment.com"},"priority":1},{"id":37366,"action":{"type":"block"},"condition":{"urlFilter":"||observant-trader.com"},"priority":1},{"id":37399,"action":{"type":"block"},"condition":{"urlFilter":"||offthatsauce.com"},"priority":1},{"id":37428,"action":{"type":"block"},"condition":{"urlFilter":"||ogg.gold-meat.ru"},"priority":1},{"id":37457,"action":{"type":"block"},"condition":{"urlFilter":"||ohmcodes.com"},"priority":1},{"id":37482,"action":{"type":"block"},"condition":{"urlFilter":"||ok12ground.com"},"priority":1},{"id":37509,"action":{"type":"block"},"condition":{"urlFilter":"||olasphotography.com"},"priority":1},{"id":37541,"action":{"type":"block"},"condition":{"urlFilter":"||olegus8.com"},"priority":1},{"id":37565,"action":{"type":"block"},"condition":{"urlFilter":"||openvnu.com"},"priority":1},{"id":37589,"action":{"type":"block"},"condition":{"urlFilter":"||optimumloftdesign.com"},"priority":1},{"id":37623,"action":{"type":"block"},"condition":{"urlFilter":"||orderdeliveryprocess.com"},"priority":1},{"id":37660,"action":{"type":"block"},"condition":{"urlFilter":"||orthopedicspecialistslouisiana.com"},"priority":1},{"id":37707,"action":{"type":"block"},"condition":{"urlFilter":"||osinoco.com"},"priority":1},{"id":37731,"action":{"type":"block"},"condition":{"urlFilter":"||ouitogroup.com"},"priority":1},{"id":37758,"action":{"type":"block"},"condition":{"urlFilter":"||overstayjaffa.com"},"priority":1},{"id":37788,"action":{"type":"block"},"condition":{"urlFilter":"||oybcomics.com"},"priority":1},{"id":37814,"action":{"type":"block"},"condition":{"urlFilter":"||paisleycecil.com"},"priority":1},{"id":37843,"action":{"type":"block"},"condition":{"urlFilter":"||peace2home.com"},"priority":1},{"id":37870,"action":{"type":"block"},"condition":{"urlFilter":"||peshanga.com"},"priority":1},{"id":37895,"action":{"type":"block"},"condition":{"urlFilter":"||philipparmingeon.com"},"priority":1},{"id":37928,"action":{"type":"block"},"condition":{"urlFilter":"||philiprudy.com"},"priority":1},{"id":37955,"action":{"type":"block"},"condition":{"urlFilter":"||philosophicalengineer.com"},"priority":1},{"id":37993,"action":{"type":"block"},"condition":{"urlFilter":"||piptrip.com"},"priority":1},{"id":38017,"action":{"type":"block"},"condition":{"urlFilter":"||pixnot.com"},"priority":1},{"id":38040,"action":{"type":"block"},"condition":{"urlFilter":"||pixyvend.com"},"priority":1},{"id":38065,"action":{"type":"block"},"condition":{"urlFilter":"||plavins.com"},"priority":1},{"id":38089,"action":{"type":"block"},"condition":{"urlFilter":"||playamethyst.com"},"priority":1},{"id":38118,"action":{"type":"block"},"condition":{"urlFilter":"||pma.dev.prowallet.com"},"priority":1},{"id":38152,"action":{"type":"block"},"condition":{"urlFilter":"||podqueen.com"},"priority":1},{"id":38177,"action":{"type":"block"},"condition":{"urlFilter":"||polyglotcoding.com"},"priority":1},{"id":38208,"action":{"type":"block"},"condition":{"urlFilter":"||pop.prowallet.com"},"priority":1},{"id":38238,"action":{"type":"block"},"condition":{"urlFilter":"||prayerbeadstore.com"},"priority":1},{"id":38270,"action":{"type":"block"},"condition":{"urlFilter":"||prayerbeadsworld.com"},"priority":1},{"id":38303,"action":{"type":"block"},"condition":{"urlFilter":"||proceduresystems.com"},"priority":1},{"id":38336,"action":{"type":"block"},"condition":{"urlFilter":"||proflyr.com"},"priority":1},{"id":38360,"action":{"type":"block"},"condition":{"urlFilter":"||promocodepa.com"},"priority":1},{"id":38388,"action":{"type":"block"},"condition":{"urlFilter":"||prosus-zoom.com"},"priority":1},{"id":38416,"action":{"type":"block"},"condition":{"urlFilter":"||prowallet.com"},"priority":1},{"id":38442,"action":{"type":"block"},"condition":{"urlFilter":"||purekushconsulting.com"},"priority":1},{"id":38477,"action":{"type":"block"},"condition":{"urlFilter":"||qirinedu.com"},"priority":1},{"id":38502,"action":{"type":"block"},"condition":{"urlFilter":"||qlifemedicals.com"},"priority":1},{"id":38532,"action":{"type":"block"},"condition":{"urlFilter":"||queuelyte.com"},"priority":1},{"id":38558,"action":{"type":"block"},"condition":{"urlFilter":"||quicktypecode.com"},"priority":1},{"id":38588,"action":{"type":"block"},"condition":{"urlFilter":"||quizas-slachtoffers.fun"},"priority":1},{"id":38624,"action":{"type":"block"},"condition":{"urlFilter":"||quoteous.com"},"priority":1},{"id":38649,"action":{"type":"block"},"condition":{"urlFilter":"||radicalizeapp.com"},"priority":1},{"id":38679,"action":{"type":"block"},"condition":{"urlFilter":"||rafills.com"},"priority":1},{"id":38703,"action":{"type":"block"},"condition":{"urlFilter":"||ranchodemanolo.com"},"priority":1},{"id":38734,"action":{"type":"block"},"condition":{"urlFilter":"||rapidtrainsit.com"},"priority":1},{"id":38764,"action":{"type":"block"},"condition":{"urlFilter":"||reachood.com"},"priority":1},{"id":38789,"action":{"type":"block"},"condition":{"urlFilter":"||realityprotocol.com"},"priority":1},{"id":38821,"action":{"type":"block"},"condition":{"urlFilter":"||realmanz.com"},"priority":1},{"id":38846,"action":{"type":"block"},"condition":{"urlFilter":"||redlandhosting.com"},"priority":1},{"id":38877,"action":{"type":"block"},"condition":{"urlFilter":"||redmatch-dev.com"},"priority":1},{"id":38906,"action":{"type":"block"},"condition":{"urlFilter":"||redrose-samp.info"},"priority":1},{"id":38936,"action":{"type":"block"},"condition":{"urlFilter":"||regalxervice.com"},"priority":1},{"id":38965,"action":{"type":"block"},"condition":{"urlFilter":"||reinhard-winter.info"},"priority":1},{"id":38998,"action":{"type":"block"},"condition":{"urlFilter":"||rentabilizarte.com"},"priority":1},{"id":39029,"action":{"type":"block"},"condition":{"urlFilter":"||rentaphantom.info"},"priority":1},{"id":39059,"action":{"type":"block"},"condition":{"urlFilter":"||reponses.com"},"priority":1},{"id":39084,"action":{"type":"block"},"condition":{"urlFilter":"||restrainingorderlawyers.com"},"priority":1},{"id":39124,"action":{"type":"block"},"condition":{"urlFilter":"||reuseu.com"},"priority":1},{"id":39147,"action":{"type":"block"},"condition":{"urlFilter":"||rimpub.com"},"priority":1},{"id":39170,"action":{"type":"block"},"condition":{"urlFilter":"||rishigoutam.com"},"priority":1},{"id":39198,"action":{"type":"block"},"condition":{"urlFilter":"||riyanfashion.com"},"priority":1},{"id":39227,"action":{"type":"block"},"condition":{"urlFilter":"||rootboundmarketing.com"},"priority":1},{"id":39262,"action":{"type":"block"},"condition":{"urlFilter":"||runaroundthailand.com"},"priority":1},{"id":39296,"action":{"type":"block"},"condition":{"urlFilter":"||sabiomail.com"},"priority":1},{"id":39322,"action":{"type":"block"},"condition":{"urlFilter":"||saibamaisconteudo.com"},"priority":1},{"id":39356,"action":{"type":"block"},"condition":{"urlFilter":"||saiindustriesorg.com"},"priority":1},{"id":39389,"action":{"type":"block"},"condition":{"urlFilter":"||saleega.com"},"priority":1},{"id":39413,"action":{"type":"block"},"condition":{"urlFilter":"||salessugarlane.com"},"priority":1},{"id":39444,"action":{"type":"block"},"condition":{"urlFilter":"||sammeyerson.com"},"priority":1},{"id":39472,"action":{"type":"block"},"condition":{"urlFilter":"||samsautomation.com"},"priority":1},{"id":39503,"action":{"type":"block"},"condition":{"urlFilter":"||sanatoriohnopedro.com"},"priority":1},{"id":39537,"action":{"type":"block"},"condition":{"urlFilter":"||sareelo.com"},"priority":1},{"id":39561,"action":{"type":"block"},"condition":{"urlFilter":"||sb.gold-meat.ru"},"priority":1},{"id":39589,"action":{"type":"block"},"condition":{"urlFilter":"||scalawagsalon.com"},"priority":1},{"id":39619,"action":{"type":"block"},"condition":{"urlFilter":"||scottgmorton.com"},"priority":1},{"id":39648,"action":{"type":"block"},"condition":{"urlFilter":"||seekingthephilippines.com"},"priority":1},{"id":39686,"action":{"type":"block"},"condition":{"urlFilter":"||selunar.com"},"priority":1},{"id":39710,"action":{"type":"block"},"condition":{"urlFilter":"||seriosec.com"},"priority":1},{"id":39735,"action":{"type":"block"},"condition":{"urlFilter":"||seriosgames.com"},"priority":1},{"id":39763,"action":{"type":"block"},"condition":{"urlFilter":"||serpfect.com"},"priority":1},{"id":39788,"action":{"type":"block"},"condition":{"urlFilter":"||server.7primos.com"},"priority":1},{"id":39819,"action":{"type":"block"},"condition":{"urlFilter":"||servewish.com"},"priority":1},{"id":39845,"action":{"type":"block"},"condition":{"urlFilter":"||shambaboys.com"},"priority":1},{"id":39872,"action":{"type":"block"},"condition":{"urlFilter":"||sharky24.com"},"priority":1},{"id":39897,"action":{"type":"block"},"condition":{"urlFilter":"||shiftotter.com"},"priority":1},{"id":39924,"action":{"type":"block"},"condition":{"urlFilter":"||shop-tm.com"},"priority":1},{"id":39948,"action":{"type":"block"},"condition":{"urlFilter":"||shopinthedoor.com"},"priority":1},{"id":39978,"action":{"type":"block"},"condition":{"urlFilter":"||shortbiolink.com"},"priority":1},{"id":40007,"action":{"type":"block"},"condition":{"urlFilter":"||showthemreal.com"},"priority":1},{"id":40036,"action":{"type":"block"},"condition":{"urlFilter":"||siteswave.com"},"priority":1},{"id":40062,"action":{"type":"block"},"condition":{"urlFilter":"||slip-o-matic.com"},"priority":1},{"id":40091,"action":{"type":"block"},"condition":{"urlFilter":"||southpawflow.com"},"priority":1},{"id":40120,"action":{"type":"block"},"condition":{"urlFilter":"||storedelrisparmio.com"},"priority":1},{"id":40154,"action":{"type":"block"},"condition":{"urlFilter":"||storygine.com"},"priority":1},{"id":40180,"action":{"type":"block"},"condition":{"urlFilter":"||subtitle5.com"},"priority":1},{"id":40206,"action":{"type":"block"},"condition":{"urlFilter":"||sunsportpl.com"},"priority":1},{"id":40233,"action":{"type":"block"},"condition":{"urlFilter":"||suq-ye.com"},"priority":1},{"id":40256,"action":{"type":"block"},"condition":{"urlFilter":"||survivedthebear.com"},"priority":1},{"id":40288,"action":{"type":"block"},"condition":{"urlFilter":"||syllabirepository.com"},"priority":1},{"id":40322,"action":{"type":"block"},"condition":{"urlFilter":"||sypaze.com"},"priority":1},{"id":40345,"action":{"type":"block"},"condition":{"urlFilter":"||ta-mill.com"},"priority":1},{"id":40369,"action":{"type":"block"},"condition":{"urlFilter":"||ta-millwork.com"},"priority":1},{"id":40397,"action":{"type":"block"},"condition":{"urlFilter":"||talkortryforfun.com"},"priority":1},{"id":40429,"action":{"type":"block"},"condition":{"urlFilter":"||taqrebcenter.com"},"priority":1},{"id":40458,"action":{"type":"block"},"condition":{"urlFilter":"||tastesurta.com"},"priority":1},{"id":40485,"action":{"type":"block"},"condition":{"urlFilter":"||tau-enterprise.com"},"priority":1},{"id":40516,"action":{"type":"block"},"condition":{"urlFilter":"||tawgaming.com"},"priority":1},{"id":40542,"action":{"type":"block"},"condition":{"urlFilter":"||techcaffi.com"},"priority":1},{"id":40568,"action":{"type":"block"},"condition":{"urlFilter":"||techtokbuy.com"},"priority":1},{"id":40595,"action":{"type":"block"},"condition":{"urlFilter":"||tele-entrega.com"},"priority":1},{"id":40624,"action":{"type":"block"},"condition":{"urlFilter":"||test.goldsrc.ru"},"priority":1},{"id":40652,"action":{"type":"block"},"condition":{"urlFilter":"||testesistema.com"},"priority":1},{"id":40681,"action":{"type":"block"},"condition":{"urlFilter":"||testtraf.com"},"priority":1},{"id":40706,"action":{"type":"block"},"condition":{"urlFilter":"||theasianhomes.com"},"priority":1},{"id":40736,"action":{"type":"block"},"condition":{"urlFilter":"||thelittlestastronautbook.com"},"priority":1},{"id":40777,"action":{"type":"block"},"condition":{"urlFilter":"||themailupdate.com"},"priority":1},{"id":40807,"action":{"type":"block"},"condition":{"urlFilter":"||themightypuck.com"},"priority":1},{"id":40837,"action":{"type":"block"},"condition":{"urlFilter":"||themyngl.com"},"priority":1},{"id":40862,"action":{"type":"block"},"condition":{"urlFilter":"||thestringbook.com"},"priority":1},{"id":40892,"action":{"type":"block"},"condition":{"urlFilter":"||thesuperchargerguide.com"},"priority":1},{"id":40929,"action":{"type":"block"},"condition":{"urlFilter":"||theunsorted.com"},"priority":1},{"id":40957,"action":{"type":"block"},"condition":{"urlFilter":"||theviralpunjab.com"},"priority":1},{"id":40988,"action":{"type":"block"},"condition":{"urlFilter":"||thirstysocial.com"},"priority":1},{"id":41018,"action":{"type":"block"},"condition":{"urlFilter":"||thirtysevenpixel.com"},"priority":1},{"id":41051,"action":{"type":"block"},"condition":{"urlFilter":"||tiaa-us.com"},"priority":1},{"id":41075,"action":{"type":"block"},"condition":{"urlFilter":"||tiffanietru.com"},"priority":1},{"id":41103,"action":{"type":"block"},"condition":{"urlFilter":"||timiteadama.com"},"priority":1},{"id":41131,"action":{"type":"block"},"condition":{"urlFilter":"||tipex-express.com"},"priority":1},{"id":41161,"action":{"type":"block"},"condition":{"urlFilter":"||tofalado.com"},"priority":1},{"id":41186,"action":{"type":"block"},"condition":{"urlFilter":"||toplifestyleusa.com"},"priority":1},{"id":41218,"action":{"type":"block"},"condition":{"urlFilter":"||torymance.com"},"priority":1},{"id":41244,"action":{"type":"block"},"condition":{"urlFilter":"||trademarkwebapihost.com"},"priority":1},{"id":41280,"action":{"type":"block"},"condition":{"urlFilter":"||transformdoc.com"},"priority":1},{"id":41309,"action":{"type":"block"},"condition":{"urlFilter":"||travelwithpreeti.com"},"priority":1},{"id":41342,"action":{"type":"block"},"condition":{"urlFilter":"||trendyfoodllc.com"},"priority":1},{"id":41372,"action":{"type":"block"},"condition":{"urlFilter":"||trialbyfiredistro.com"},"priority":1},{"id":41406,"action":{"type":"block"},"condition":{"urlFilter":"||trucking-hub.com"},"priority":1},{"id":41435,"action":{"type":"block"},"condition":{"urlFilter":"||true-resilience.com"},"priority":1},{"id":41467,"action":{"type":"block"},"condition":{"urlFilter":"||tryenom.com"},"priority":1},{"id":41491,"action":{"type":"block"},"condition":{"urlFilter":"||trymiraclemade.com"},"priority":1},{"id":41522,"action":{"type":"block"},"condition":{"urlFilter":"||tsl-x-project.com"},"priority":1},{"id":41552,"action":{"type":"block"},"condition":{"urlFilter":"||tvinternetbestdeals.com"},"priority":1},{"id":41588,"action":{"type":"block"},"condition":{"urlFilter":"||uppook.com"},"priority":1},{"id":41611,"action":{"type":"block"},"condition":{"urlFilter":"||urprovidersapi.com"},"priority":1},{"id":41642,"action":{"type":"block"},"condition":{"urlFilter":"||usrmm.com"},"priority":1},{"id":41664,"action":{"type":"block"},"condition":{"urlFilter":"||v5.sammeyerson.com"},"priority":1},{"id":41695,"action":{"type":"block"},"condition":{"urlFilter":"||v7.sammeyerson.com"},"priority":1},{"id":41726,"action":{"type":"block"},"condition":{"urlFilter":"||valorantfantasy.com"},"priority":1},{"id":41758,"action":{"type":"block"},"condition":{"urlFilter":"||vamisola.com"},"priority":1},{"id":41783,"action":{"type":"block"},"condition":{"urlFilter":"||vapa.info"},"priority":1},{"id":41805,"action":{"type":"block"},"condition":{"urlFilter":"||verbal.com"},"priority":1},{"id":41828,"action":{"type":"block"},"condition":{"urlFilter":"||vicartz.com"},"priority":1},{"id":41852,"action":{"type":"block"},"condition":{"urlFilter":"||vintagewealthadvisor.com"},"priority":1},{"id":41889,"action":{"type":"block"},"condition":{"urlFilter":"||vishaldigha.com"},"priority":1},{"id":41917,"action":{"type":"block"},"condition":{"urlFilter":"||vittorehome.com"},"priority":1},{"id":41945,"action":{"type":"block"},"condition":{"urlFilter":"||vittoremobilya.com"},"priority":1},{"id":41976,"action":{"type":"block"},"condition":{"urlFilter":"||vmrentagreement.com"},"priority":1},{"id":42008,"action":{"type":"block"},"condition":{"urlFilter":"||vpn.7primos.com"},"priority":1},{"id":42036,"action":{"type":"block"},"condition":{"urlFilter":"||vps.7primos.com"},"priority":1},{"id":42064,"action":{"type":"block"},"condition":{"urlFilter":"||wandip.com"},"priority":1},{"id":42087,"action":{"type":"block"},"condition":{"urlFilter":"||watirna.com"},"priority":1},{"id":42111,"action":{"type":"block"},"condition":{"urlFilter":"||webairindia.com"},"priority":1},{"id":42139,"action":{"type":"block"},"condition":{"urlFilter":"||webcreative.cc"},"priority":1},{"id":42166,"action":{"type":"block"},"condition":{"urlFilter":"||webmail.meanderingmonarch.com"},"priority":1},{"id":42208,"action":{"type":"block"},"condition":{"urlFilter":"||westnileyouthcenter.info"},"priority":1},{"id":42245,"action":{"type":"block"},"condition":{"urlFilter":"||wetterkroatien.info"},"priority":1},{"id":42277,"action":{"type":"block"},"condition":{"urlFilter":"||whohascalled.com"},"priority":1},{"id":42306,"action":{"type":"block"},"condition":{"urlFilter":"||winswipe.com"},"priority":1},{"id":42331,"action":{"type":"block"},"condition":{"urlFilter":"||wisefacts.info"},"priority":1},{"id":42358,"action":{"type":"block"},"condition":{"urlFilter":"||wluvu.com"},"priority":1},{"id":42380,"action":{"type":"block"},"condition":{"urlFilter":"||wokebit.com"},"priority":1},{"id":42404,"action":{"type":"block"},"condition":{"urlFilter":"||wolfandthefox.com"},"priority":1},{"id":42434,"action":{"type":"block"},"condition":{"urlFilter":"||wolhyang.com"},"priority":1},{"id":42459,"action":{"type":"block"},"condition":{"urlFilter":"||womankind.info"},"priority":1},{"id":42486,"action":{"type":"block"},"condition":{"urlFilter":"||wpagoravideo.com"},"priority":1},{"id":42515,"action":{"type":"block"},"condition":{"urlFilter":"||ww-absher.com"},"priority":1},{"id":42541,"action":{"type":"block"},"condition":{"urlFilter":"||xantrexapp.com"},"priority":1},{"id":42568,"action":{"type":"block"},"condition":{"urlFilter":"||xrgreenland.com"},"priority":1},{"id":42596,"action":{"type":"block"},"condition":{"urlFilter":"||yoginikaliji.com"},"priority":1},{"id":42625,"action":{"type":"block"},"condition":{"urlFilter":"||youinu.com"},"priority":1},{"id":42648,"action":{"type":"block"},"condition":{"urlFilter":"||yugenzone.com"},"priority":1},{"id":42674,"action":{"type":"block"},"condition":{"urlFilter":"||yuvaresult.com"},"priority":1},{"id":42701,"action":{"type":"block"},"condition":{"urlFilter":"||yzxchange.com"},"priority":1},{"id":42727,"action":{"type":"block"},"condition":{"urlFilter":"||zackmusgrave.com"},"priority":1},{"id":42756,"action":{"type":"block"},"condition":{"urlFilter":"||zendarr.com"},"priority":1},{"id":42780,"action":{"type":"block"},"condition":{"urlFilter":"||zithex.com"},"priority":1},{"id":42803,"action":{"type":"block"},"condition":{"urlFilter":"||zithextoken.com"},"priority":1},{"id":42831,"action":{"type":"block"},"condition":{"urlFilter":"||zookymatt.com"},"priority":1},{"id":47671,"action":{"type":"block"},"condition":{"urlFilter":"||movie2free.com^","domainType":"thirdParty"},"priority":2},{"id":47714,"action":{"type":"block"},"condition":{"urlFilter":"||www.movie2free.com/wp-content/themes/next/images/*","resourceTypes":["image"]},"priority":101},{"id":48681,"action":{"type":"block"},"condition":{"urlFilter":"||yed365days.com/wp-content/*","resourceTypes":["image"]},"priority":101},{"id":48736,"action":{"type":"block"},"condition":{"urlFilter":"||nung-sub.com/images/banners/"},"priority":1},{"id":49026,"action":{"type":"block"},"condition":{"urlFilter":"||baner.msa-video.com"},"priority":1},{"id":49058,"action":{"type":"block"},"condition":{"urlFilter":"||movie87hd.com/*.gif","resourceTypes":["image"]},"priority":101},{"id":50443,"action":{"type":"block"},"condition":{"urlFilter":"||nungde.com/wp-content/uploads/*/*.gif"},"priority":1},{"id":52230,"action":{"type":"block"},"condition":{"urlFilter":"||techtalkthai.com/wp-content/*banner*","resourceTypes":["image"]},"priority":101},{"id":52612,"action":{"type":"block"},"condition":{"urlFilter":"||www.thaiboyslove.com/webboard/banner/*","resourceTypes":["image"]},"priority":101},{"id":53482,"action":{"type":"block"},"condition":{"urlFilter":"||iwilldoforking.com/coverpage.js","domainType":"thirdParty","resourceTypes":["script"]},"priority":102},{"id":53550,"action":{"type":"block"},"condition":{"urlFilter":"||marketingoops.com/*/itro-popup/*"},"priority":1},{"id":53595,"action":{"type":"block"},"condition":{"urlFilter":"||marketingoops.com/popup-ad*"},"priority":1},{"id":53635,"action":{"type":"block"},"condition":{"urlFilter":"||marketingoops.com/truehitsstat.php?"},"priority":1},{"id":53683,"action":{"type":"block"},"condition":{"urlFilter":"||sistacafe.com/assets/jquery.cookie-*.js","resourceTypes":["script"]},"priority":101},{"id":53750,"action":{"type":"block"},"condition":{"urlFilter":"||sistacafe.com/assets/popup_notification-*.js","resourceTypes":["script"]},"priority":101},{"id":53822,"action":{"type":"block"},"condition":{"urlFilter":"||thaiidol.com/*/popup-by-supsystic/*"},"priority":1},{"id":53870,"action":{"type":"block"},"condition":{"urlFilter":"||thailandbestbeauty.com/*colorbox*"},"priority":1},{"id":53916,"action":{"type":"block"},"condition":{"urlFilter":"||webtoons.com/js/lib/*_logger*"},"priority":1},{"id":53958,"action":{"type":"block"},"condition":{"urlFilter":"||webtoons.com/js/lib/dfp_helper*"},"priority":1},{"id":54002,"action":{"type":"block"},"condition":{"urlFilter":"||webtoons.com/js/lib/gak*"},"priority":1},{"id":54265,"action":{"type":"allow"},"condition":{"urlFilter":"||gelbooru.com/ads.js?"},"priority":100001},{"id":54298,"action":{"type":"block"},"condition":{"urlFilter":"||ads.bumq.com"},"priority":1},{"id":54323,"action":{"type":"block"},"condition":{"urlFilter":"||cdn.popcash.net"},"priority":1},{"id":54351,"action":{"type":"block"},"condition":{"urlFilter":"||cdn.popmyads.com"},"priority":1},{"id":54380,"action":{"type":"block"},"condition":{"urlFilter":"||code.nytive.com"},"priority":1},{"id":54408,"action":{"type":"block"},"condition":{"urlFilter":"||code.yengo.com"},"priority":1},{"id":54435,"action":{"type":"block"},"condition":{"urlFilter":"||comenu.ais.co.th"},"priority":1},{"id":54464,"action":{"type":"block"},"condition":{"urlFilter":"||digital.ais.co.th/file/common/js/sub-store.js"},"priority":1},{"id":54522,"action":{"type":"block"},"condition":{"urlFilter":"||mds.nipa.co.th"},"priority":1},{"id":54549,"action":{"type":"block"},"condition":{"urlFilter":"||metrics.brightcove.com"},"priority":1},{"id":54584,"action":{"type":"block"},"condition":{"urlFilter":"||netdna-ssl.com/*/advanced-ads/"},"priority":1},{"id":54627,"action":{"type":"block"},"condition":{"urlFilter":"||netdna-ssl.com/*/easy-social-share-buttons3/"},"priority":1},{"id":54684,"action":{"type":"block"},"condition":{"urlFilter":"||saxp.zedo.com"},"priority":1},{"id":54710,"action":{"type":"block"},"condition":{"urlFilter":"||sistacafe.com/scripts/nytive"},"priority":1},{"id":54751,"action":{"type":"block"},"condition":{"urlFilter":"||sistacafe.com/scripts/truehits"},"priority":1},{"id":54794,"action":{"type":"block"},"condition":{"urlFilter":"||sistacafe.com/scripts/yengo"},"priority":1},{"id":54834,"action":{"type":"block"},"condition":{"urlFilter":"||srf.ais.co.th"},"priority":1},{"id":54860,"action":{"type":"block"},"condition":{"urlFilter":"||thaiza.com/nodo.html"},"priority":1},{"id":54893,"action":{"type":"block"},"condition":{"urlFilter":"||viu.com/ott/*/tracking/*"},"priority":1},{"id":54930,"action":{"type":"block"},"condition":{"urlFilter":"||wp.com/media.go2*.*/*"},"priority":1},{"id":54964,"action":{"type":"block"},"condition":{"urlFilter":"||ws-adv.ais.co.th"},"priority":1},{"id":58446,"action":{"type":"block"},"condition":{"urlFilter":"||soccersuck.com/img/banner"},"priority":1},{"id":60224,"action":{"type":"block"},"condition":{"urlFilter":"||notebookspec.com/*/nbs-ilightbox/*"},"priority":1},{"id":60271,"action":{"type":"block"},"condition":{"urlFilter":"||notebookspec.com/*/nbs_custom_ads_skin.php"},"priority":1},{"id":60326,"action":{"type":"block"},"condition":{"urlFilter":"||notebookspec.com/tracker^"},"priority":1},{"id":60364,"action":{"type":"block"},"condition":{"urlFilter":"||oopsmobile.net/*/arscode-ninja-popups/*"},"priority":1},{"id":60416,"action":{"type":"block"},"condition":{"urlFilter":"||specphone.com/*/nbs-ilightbox/*"},"priority":1},{"id":60460,"action":{"type":"block"},"condition":{"urlFilter":"||techmoblog.com/*colorbox*"},"priority":1},{"id":60498,"action":{"type":"block"},"condition":{"urlFilter":"||techmoblog.com/tmb-advertise^","resourceTypes":["sub_frame"]},"priority":101},{"id":60555,"action":{"type":"block"},"condition":{"urlFilter":"||techxcite.com/ads/revive/"},"priority":1},{"id":60593,"action":{"type":"block"},"condition":{"urlFilter":"||techxcite.com/stats.php?"},"priority":1},{"id":60630,"action":{"type":"block"},"condition":{"urlFilter":"||techxcite.com/truehitsstat.php?"},"priority":1},{"id":60674,"action":{"type":"block"},"condition":{"urlFilter":"||thaimobilecenter.com/colorbox^"},"priority":1},{"id":60717,"action":{"type":"block"},"condition":{"urlFilter":"||thetechr.com/*/jinda-facebook-lightbox/*"},"priority":1},{"id":54039,"action":{"type":"block"},"condition":{"regexFilter":"plugins/add-to-any","initiatorDomains":["compgamer.com","tgpl.in.th"]},"priority":151},{"id":54114,"action":{"type":"block"},"condition":{"regexFilter":"plugins/popups","initiatorDomains":["coregamerth.com","fmone1035.com","get1025.com","miru-anime.net","miruanime.net","shopspotapp.com"],"resourceTypes":["stylesheet","script"]},"priority":193}]