[{"id":330,"action":{"type":"block"},"condition":{"urlFilter":"/js/ads_"},"priority":1},{"id":448,"action":{"type":"block"},"condition":{"urlFilter":"://ads."},"priority":1},{"id":466,"action":{"type":"block"},"condition":{"urlFilter":"://ads2."},"priority":1},{"id":485,"action":{"type":"allow"},"condition":{"urlFilter":"ado.delfi.ee/files/js/ado.js"},"priority":100001},{"id":524,"action":{"type":"allow"},"condition":{"urlFilter":"http://ads.postimees.ee/ads/list/*telecast*"},"priority":100001},{"id":578,"action":{"type":"allow"},"condition":{"urlFilter":"http://ads.postimees.ee/crossdomain.xml"},"priority":100001},{"id":628,"action":{"type":"allow"},"condition":{"urlFilter":"||adform.net/banners/scripts/adx.js","initiatorDomains":["delfi.ee"],"resourceTypes":["script"]},"priority":100301},{"id":711,"action":{"type":"allow"},"condition":{"urlFilter":"||autonet.ee/showads.js"},"priority":100001},{"id":745,"action":{"type":"allow"},"condition":{"urlFilter":"||delfi.ee*/js/ads."},"priority":100001},{"id":812,"action":{"type":"allow"},"condition":{"urlFilter":"||emediate.se","domainType":"thirdParty","initiatorDomains":["tartupostimees.ee","postimees.ee"]},"priority":100152},{"id":895,"action":{"type":"allow"},"condition":{"urlFilter":"||fwmrm.net^","initiatorDomains":["tv3play.tv3.ee"]},"priority":100201},{"id":952,"action":{"type":"allow"},"condition":{"urlFilter":"||imasdk.googleapis.com^","initiatorDomains":["duoplay.ee"],"resourceTypes":["script"]},"priority":100301},{"id":1080,"action":{"type":"allow"},"condition":{"urlFilter":"||kinnistuportaal.rik.ee/KAEP/Media/img/logos/exchange_banner_idkaart.gif"},"priority":100001},{"id":1164,"action":{"type":"allow"},"condition":{"urlFilter":"||mssl.fwmrm.net/libs/adm/*","initiatorDomains":["play.tv3.ee"],"resourceTypes":["script"]},"priority":100301},{"id":1242,"action":{"type":"allow"},"condition":{"urlFilter":"||newrelic.com^","initiatorDomains":["tv3play.tv3.ee"]},"priority":100201},{"id":1302,"action":{"type":"allow"},"condition":{"urlFilter":"||play.tv3.ee/static/scripts/ima3.js","initiatorDomains":["play.tv3.ee"],"resourceTypes":["script"]},"priority":100301},{"id":1389,"action":{"type":"allow"},"condition":{"urlFilter":"||play.tv3.ee/static/scripts/trackdb/events.gif","initiatorDomains":["play.tv3.ee"],"resourceTypes":["image"]},"priority":100301},{"id":1487,"action":{"type":"allow"},"condition":{"urlFilter":"||static.go3.tv/file/go3/resources/scripts/tv3play/onetrust/lv/onetrust.html","initiatorDomains":["play.tv3.ee"],"resourceTypes":["xmlhttprequest"]},"priority":100301},{"id":1614,"action":{"type":"allow"},"condition":{"urlFilter":"||tv3play.tv3.ee/ad/banner/*"},"priority":100001},{"id":1653,"action":{"type":"allow"},"condition":{"urlFilter":"||ui-portal.de^","initiatorDomains":["web.de","gmx.net"]},"priority":100151},{"id":2511,"action":{"type":"block"},"condition":{"urlFilter":"cdn.playapi.mtgx.tv/*/banners/*"},"priority":1},{"id":5168,"action":{"type":"block"},"condition":{"urlFilter":"http://*.rr.ru"},"priority":1},{"id":5457,"action":{"type":"block"},"condition":{"urlFilter":"kalale.ee/upload/images/reklaam/*"},"priority":1},{"id":7388,"action":{"type":"block"},"condition":{"urlFilter":"lounaeestlane.ee/*/banners/*"},"priority":1},{"id":7902,"action":{"type":"block"},"condition":{"urlFilter":"mail.ee/banners/2.0/bx.js*"},"priority":1},{"id":8232,"action":{"type":"block"},"condition":{"urlFilter":"mallukas.com/reklaamid/*"},"priority":1},{"id":9127,"action":{"type":"block"},"condition":{"urlFilter":"openx.static.kava.ee"},"priority":1},{"id":9295,"action":{"type":"block"},"condition":{"urlFilter":"pay4results.ee","domainType":"thirdParty"},"priority":2},{"id":9450,"action":{"type":"block"},"condition":{"urlFilter":"perekool.ee/pkfiles/adjs.php"},"priority":1},{"id":12251,"action":{"type":"block"},"condition":{"urlFilter":"soccernet.ee/img/reklaam/*"},"priority":1},{"id":12331,"action":{"type":"block"},"condition":{"urlFilter":"static.kava.ee/openx"},"priority":1},{"id":12878,"action":{"type":"block"},"condition":{"urlFilter":"video.reporter.ee/files*.flv?start=0"},"priority":1},{"id":13388,"action":{"type":"block"},"condition":{"urlFilter":"whatcar.ee/ads/"},"priority":1},{"id":13414,"action":{"type":"block"},"condition":{"urlFilter":"www.ehitusfoorum.com/bannerid/www/delivery/ajs.php"},"priority":1},{"id":13593,"action":{"type":"block"},"condition":{"urlFilter":"|http://www.auto24.ee/js/Auto24Popup.js"},"priority":1},{"id":13643,"action":{"type":"block"},"condition":{"urlFilter":"||212.47.219.162/banners"},"priority":1},{"id":13678,"action":{"type":"block"},"condition":{"urlFilter":"||2mdn.net","domainType":"thirdParty"},"priority":2},{"id":13714,"action":{"type":"block"},"condition":{"urlFilter":"||ad.dumedia.ru","domainType":"thirdParty"},"priority":2},{"id":13755,"action":{"type":"block"},"condition":{"urlFilter":"||ad.mylook.ee","domainType":"thirdParty"},"priority":2},{"id":13795,"action":{"type":"block"},"condition":{"urlFilter":"||adbox.lv","domainType":"thirdParty"},"priority":2},{"id":13831,"action":{"type":"block"},"condition":{"urlFilter":"||adbrite.com","domainType":"thirdParty"},"priority":2},{"id":13870,"action":{"type":"block"},"condition":{"urlFilter":"||adbull.com","domainType":"thirdParty"},"priority":2},{"id":13908,"action":{"type":"block"},"condition":{"urlFilter":"||adbureau.net","domainType":"thirdParty"},"priority":2},{"id":13948,"action":{"type":"block"},"condition":{"urlFilter":"||adclick.co.ee","domainType":"thirdParty"},"priority":2},{"id":13989,"action":{"type":"block"},"condition":{"urlFilter":"||adengage.com","domainType":"thirdParty"},"priority":2},{"id":14029,"action":{"type":"block"},"condition":{"urlFilter":"||adform.net","domainType":"thirdParty"},"priority":2},{"id":14067,"action":{"type":"block"},"condition":{"urlFilter":"||adition.com","domainType":"thirdParty"},"priority":2},{"id":14106,"action":{"type":"block"},"condition":{"urlFilter":"||adkontekst.pl","domainType":"thirdParty"},"priority":2},{"id":14147,"action":{"type":"block"},"condition":{"urlFilter":"||adland.ru","domainType":"thirdParty"},"priority":2},{"id":14184,"action":{"type":"block"},"condition":{"urlFilter":"||adlegend.com","domainType":"thirdParty"},"priority":2},{"id":14224,"action":{"type":"block"},"condition":{"urlFilter":"||admeld.com","domainType":"thirdParty"},"priority":2},{"id":14262,"action":{"type":"block"},"condition":{"urlFilter":"||admin.naistemaailm.ee/upload/images/reklaam/*"},"priority":1},{"id":14320,"action":{"type":"block"},"condition":{"urlFilter":"||admixer.net","domainType":"thirdParty"},"priority":2},{"id":14359,"action":{"type":"block"},"condition":{"urlFilter":"||admp-tc.delfi.ee"},"priority":1},{"id":14388,"action":{"type":"block"},"condition":{"urlFilter":"||admulti.com","domainType":"thirdParty"},"priority":2},{"id":14427,"action":{"type":"block"},"condition":{"urlFilter":"||adnet.ee","domainType":"thirdParty"},"priority":2},{"id":14463,"action":{"type":"block"},"condition":{"urlFilter":"||adnetmedia.ee","domainType":"thirdParty"},"priority":2},{"id":14504,"action":{"type":"block"},"condition":{"urlFilter":"||adnxs.com","domainType":"thirdParty"},"priority":2},{"id":14541,"action":{"type":"block"},"condition":{"urlFilter":"||adocean.pl","domainType":"thirdParty"},"priority":2},{"id":14579,"action":{"type":"block"},"condition":{"urlFilter":"||adonspot.com","domainType":"thirdParty"},"priority":2},{"id":14619,"action":{"type":"block"},"condition":{"urlFilter":"||adonweb.ru","domainType":"thirdParty"},"priority":2},{"id":14657,"action":{"type":"block"},"condition":{"urlFilter":"||adreactor.com","domainType":"thirdParty"},"priority":2},{"id":14698,"action":{"type":"block"},"condition":{"urlFilter":"||adriver.ru","domainType":"thirdParty"},"priority":2},{"id":14736,"action":{"type":"block"},"condition":{"urlFilter":"||ads.ee","domainType":"thirdParty"},"priority":2},{"id":14770,"action":{"type":"block"},"condition":{"urlFilter":"||adserver.com","domainType":"thirdParty"},"priority":2},{"id":14810,"action":{"type":"block"},"condition":{"urlFilter":"||adsfac.eu","domainType":"thirdParty"},"priority":2},{"id":14847,"action":{"type":"block"},"condition":{"urlFilter":"||adtaily.pl","domainType":"thirdParty"},"priority":2},{"id":14885,"action":{"type":"block"},"condition":{"urlFilter":"||adtarget.me","domainType":"thirdParty"},"priority":2},{"id":14924,"action":{"type":"block"},"condition":{"urlFilter":"||adtech.de","domainType":"thirdParty"},"priority":2},{"id":14961,"action":{"type":"block"},"condition":{"urlFilter":"||adtechus.com","domainType":"thirdParty"},"priority":2},{"id":15001,"action":{"type":"block"},"condition":{"urlFilter":"||adtegrity.net","domainType":"thirdParty"},"priority":2},{"id":15042,"action":{"type":"block"},"condition":{"urlFilter":"||adultadvertising.net","domainType":"thirdParty"},"priority":2},{"id":15090,"action":{"type":"block"},"condition":{"urlFilter":"||adultfriendfinder.com","domainType":"thirdParty"},"priority":2},{"id":15139,"action":{"type":"block"},"condition":{"urlFilter":"||advertising.aol.com","domainType":"thirdParty"},"priority":2},{"id":15186,"action":{"type":"block"},"condition":{"urlFilter":"||advertising.com","domainType":"thirdParty"},"priority":2},{"id":15229,"action":{"type":"block"},"condition":{"urlFilter":"||advertserve.com","domainType":"thirdParty"},"priority":2},{"id":15272,"action":{"type":"block"},"condition":{"urlFilter":"||afilo.pl","domainType":"thirdParty"},"priority":2},{"id":15308,"action":{"type":"block"},"condition":{"urlFilter":"||afy11.net","domainType":"thirdParty"},"priority":2},{"id":15345,"action":{"type":"block"},"condition":{"urlFilter":"||ahcdns.com","domainType":"thirdParty"},"priority":2},{"id":15383,"action":{"type":"block"},"condition":{"urlFilter":"||aimatch.com","domainType":"thirdParty"},"priority":2},{"id":15422,"action":{"type":"block"},"condition":{"urlFilter":"||ajaleht.ekspress.ee/*/reklaam_*"},"priority":1},{"id":15466,"action":{"type":"block"},"condition":{"urlFilter":"||am10.ru","domainType":"thirdParty"},"priority":2},{"id":15501,"action":{"type":"block"},"condition":{"urlFilter":"||am11.ru","domainType":"thirdParty"},"priority":2},{"id":15536,"action":{"type":"block"},"condition":{"urlFilter":"||an.yandex.ru/system/context.js"},"priority":1},{"id":15579,"action":{"type":"block"},"condition":{"urlFilter":"||ap.delfi.ee","domainType":"thirdParty"},"priority":2},{"id":15618,"action":{"type":"block"},"condition":{"urlFilter":"||apex-ad.com","domainType":"thirdParty"},"priority":2},{"id":15657,"action":{"type":"block"},"condition":{"urlFilter":"||aripaev.ee/js/banners.min.js"},"priority":1},{"id":15698,"action":{"type":"block"},"condition":{"urlFilter":"||atdmt.com","domainType":"thirdParty"},"priority":2},{"id":15735,"action":{"type":"block"},"condition":{"urlFilter":"||axf8.net","domainType":"thirdParty"},"priority":2},{"id":15771,"action":{"type":"block"},"condition":{"urlFilter":"||bannerboxes.com","domainType":"thirdParty"},"priority":2},{"id":15814,"action":{"type":"block"},"condition":{"urlFilter":"||bannerhost.ru","domainType":"thirdParty"},"priority":2},{"id":15855,"action":{"type":"block"},"condition":{"urlFilter":"||bannex.ee","domainType":"thirdParty"},"priority":2},{"id":15892,"action":{"type":"block"},"condition":{"urlFilter":"||bbelements.com","domainType":"thirdParty"},"priority":2},{"id":15934,"action":{"type":"block"},"condition":{"urlFilter":"||begun.ru","domainType":"thirdParty"},"priority":2},{"id":15970,"action":{"type":"block"},"condition":{"urlFilter":"||bepolite.eu","domainType":"thirdParty"},"priority":2},{"id":16009,"action":{"type":"block"},"condition":{"urlFilter":"||bidvertiser.com","domainType":"thirdParty"},"priority":2},{"id":16052,"action":{"type":"block"},"condition":{"urlFilter":"||bizographics.com","domainType":"thirdParty"},"priority":2},{"id":16096,"action":{"type":"block"},"condition":{"urlFilter":"||bkrtx.com","domainType":"thirdParty"},"priority":2},{"id":16133,"action":{"type":"block"},"condition":{"urlFilter":"||blog.tr.ee/banner"},"priority":1},{"id":16163,"action":{"type":"block"},"condition":{"urlFilter":"||blogads.com","domainType":"thirdParty"},"priority":2},{"id":16202,"action":{"type":"block"},"condition":{"urlFilter":"||bluekai.com","domainType":"thirdParty"},"priority":2},{"id":16241,"action":{"type":"block"},"condition":{"urlFilter":"||bluelithium.com","domainType":"thirdParty"},"priority":2},{"id":16284,"action":{"type":"block"},"condition":{"urlFilter":"||bnrs.ilm.ee"},"priority":1},{"id":16308,"action":{"type":"block"},"condition":{"urlFilter":"||brazzers.com","domainType":"thirdParty"},"priority":2},{"id":16348,"action":{"type":"block"},"condition":{"urlFilter":"||budsinc.com","domainType":"thirdParty"},"priority":2},{"id":16387,"action":{"type":"block"},"condition":{"urlFilter":"||buduaar.ee/files/Upload/Banners"},"priority":1},{"id":16431,"action":{"type":"block"},"condition":{"urlFilter":"||buduaar.ee/files/Upload/marketItems"},"priority":1},{"id":16479,"action":{"type":"block"},"condition":{"urlFilter":"||casalemedia.com","domainType":"thirdParty"},"priority":2},{"id":16522,"action":{"type":"block"},"condition":{"urlFilter":"||chartbeat.com","domainType":"thirdParty"},"priority":2},{"id":16563,"action":{"type":"block"},"condition":{"urlFilter":"||chartbeat.net","domainType":"thirdParty"},"priority":2},{"id":16604,"action":{"type":"block"},"condition":{"urlFilter":"||cherry.ee","domainType":"thirdParty"},"priority":2},{"id":16641,"action":{"type":"block"},"condition":{"urlFilter":"||cherrystatic.net","domainType":"thirdParty","excludedInitiatorDomains":["cherry.ee"]},"priority":3},{"id":16709,"action":{"type":"block"},"condition":{"urlFilter":"||cherrystatic.net/banners"},"priority":1},{"id":16746,"action":{"type":"block"},"condition":{"urlFilter":"||chitika.net","domainType":"thirdParty"},"priority":2},{"id":16785,"action":{"type":"block"},"condition":{"urlFilter":"||city24.ee","domainType":"thirdParty","excludedInitiatorDomains":["city24.postimees.ee"]},"priority":3},{"id":16856,"action":{"type":"block"},"condition":{"urlFilter":"||collective-media.com","domainType":"thirdParty"},"priority":2},{"id":16904,"action":{"type":"block"},"condition":{"urlFilter":"||connextra.com","domainType":"thirdParty"},"priority":2},{"id":16945,"action":{"type":"block"},"condition":{"urlFilter":"||contextweb.com","domainType":"thirdParty"},"priority":2},{"id":16987,"action":{"type":"block"},"condition":{"urlFilter":"||cpxinteractive.com","domainType":"thirdParty"},"priority":2},{"id":17033,"action":{"type":"block"},"condition":{"urlFilter":"||crowdscience.com","domainType":"thirdParty"},"priority":2},{"id":17077,"action":{"type":"block"},"condition":{"urlFilter":"||crwdcntrl.net","domainType":"thirdParty"},"priority":2},{"id":17118,"action":{"type":"block"},"condition":{"urlFilter":"||cxense.com","domainType":"thirdParty"},"priority":2},{"id":17156,"action":{"type":"block"},"condition":{"urlFilter":"||dclick.ru","domainType":"thirdParty"},"priority":2},{"id":17193,"action":{"type":"block"},"condition":{"urlFilter":"||delfi.ee/misc/cobancar/*.php"},"priority":1},{"id":17234,"action":{"type":"block"},"condition":{"urlFilter":"||domdex.com","domainType":"thirdParty"},"priority":2},{"id":17272,"action":{"type":"block"},"condition":{"urlFilter":"||doubleclick.be","domainType":"thirdParty"},"priority":2},{"id":17314,"action":{"type":"block"},"condition":{"urlFilter":"||doubleclick.com","domainType":"thirdParty"},"priority":2},{"id":17357,"action":{"type":"block"},"condition":{"urlFilter":"||doubleclick.de","domainType":"thirdParty"},"priority":2},{"id":17399,"action":{"type":"block"},"condition":{"urlFilter":"||doubleclick.net","domainType":"thirdParty"},"priority":2},{"id":17442,"action":{"type":"block"},"condition":{"urlFilter":"||doublepimp.com","domainType":"thirdParty"},"priority":2},{"id":17484,"action":{"type":"block"},"condition":{"urlFilter":"||dowjoneson.com","domainType":"thirdParty"},"priority":2},{"id":17526,"action":{"type":"block"},"condition":{"urlFilter":"||dt00.net","domainType":"thirdParty"},"priority":2},{"id":17562,"action":{"type":"block"},"condition":{"urlFilter":"||eloqua.com","domainType":"thirdParty"},"priority":2},{"id":17600,"action":{"type":"block"},"condition":{"urlFilter":"||estara.com","domainType":"thirdParty"},"priority":2},{"id":17638,"action":{"type":"block"},"condition":{"urlFilter":"||etology.com","domainType":"thirdParty"},"priority":2},{"id":17677,"action":{"type":"block"},"condition":{"urlFilter":"||extreme-dm.com","domainType":"thirdParty"},"priority":2},{"id":17719,"action":{"type":"block"},"condition":{"urlFilter":"||fastclick.net","domainType":"thirdParty"},"priority":2},{"id":17760,"action":{"type":"block"},"condition":{"urlFilter":"||fastonlineusers.com","domainType":"thirdParty"},"priority":2},{"id":17807,"action":{"type":"block"},"condition":{"urlFilter":"||fortumo.ee","domainType":"thirdParty"},"priority":2},{"id":17845,"action":{"type":"block"},"condition":{"urlFilter":"||freeze.com","domainType":"thirdParty"},"priority":2},{"id":17883,"action":{"type":"block"},"condition":{"urlFilter":"||fwmrm.net","domainType":"thirdParty","excludedInitiatorDomains":["tv3play.ee","tv3.ee"]},"priority":3},{"id":17953,"action":{"type":"block"},"condition":{"urlFilter":"||gemius.pl","domainType":"thirdParty"},"priority":2},{"id":17990,"action":{"type":"block"},"condition":{"urlFilter":"||getclicky.com","domainType":"thirdParty"},"priority":2},{"id":18031,"action":{"type":"block"},"condition":{"urlFilter":"||googleadservices.com","domainType":"thirdParty"},"priority":2},{"id":18079,"action":{"type":"block"},"condition":{"urlFilter":"||googlesyndication.com","domainType":"thirdParty"},"priority":2},{"id":18128,"action":{"type":"block"},"condition":{"urlFilter":"||harjuelu.ee/wp-content/banners/"},"priority":1},{"id":18172,"action":{"type":"block"},"condition":{"urlFilter":"||harrenmedianetwork.com","domainType":"thirdParty"},"priority":2},{"id":18222,"action":{"type":"block"},"condition":{"urlFilter":"||hbmediapro.com","domainType":"thirdParty"},"priority":2},{"id":18264,"action":{"type":"block"},"condition":{"urlFilter":"||hitbox.com","domainType":"thirdParty"},"priority":2},{"id":18302,"action":{"type":"block"},"condition":{"urlFilter":"||hitfarm.com","domainType":"thirdParty"},"priority":2},{"id":18341,"action":{"type":"block"},"condition":{"urlFilter":"||i.hinnavaatlus.ee/s/*","resourceTypes":["image"]},"priority":101},{"id":18390,"action":{"type":"block"},"condition":{"urlFilter":"||ilm24.ee/uus/ban/"},"priority":1},{"id":18420,"action":{"type":"block"},"condition":{"urlFilter":"||img.auto24.ee/banners/ox/*"},"priority":1},{"id":18459,"action":{"type":"block"},"condition":{"urlFilter":"||imgsrv.kuldnebors.ee/banners/","resourceTypes":["image"]},"priority":101},{"id":18516,"action":{"type":"block"},"condition":{"urlFilter":"||imgsrv.kuldnebors.ee/static/banners/","resourceTypes":["image"]},"priority":101},{"id":18580,"action":{"type":"block"},"condition":{"urlFilter":"||imlive.com","domainType":"thirdParty"},"priority":2},{"id":18618,"action":{"type":"block"},"condition":{"urlFilter":"||impartner.lt","domainType":"thirdParty"},"priority":2},{"id":18658,"action":{"type":"block"},"condition":{"urlFilter":"||invitemedia.com","domainType":"thirdParty"},"priority":2},{"id":18701,"action":{"type":"block"},"condition":{"urlFilter":"||ixnp.com","domainType":"thirdParty"},"priority":2},{"id":18737,"action":{"type":"block"},"condition":{"urlFilter":"||kalale.ee/media/b2nnerid"},"priority":1},{"id":18774,"action":{"type":"block"},"condition":{"urlFilter":"||klikivabrik.ee","domainType":"thirdParty"},"priority":2},{"id":18816,"action":{"type":"block"},"condition":{"urlFilter":"||klikki.com","domainType":"thirdParty"},"priority":2},{"id":18854,"action":{"type":"block"},"condition":{"urlFilter":"||kqzyfj.com","domainType":"thirdParty"},"priority":2},{"id":18892,"action":{"type":"block"},"condition":{"urlFilter":"||laanlane.ee/reklaam*"},"priority":1},{"id":18925,"action":{"type":"block"},"condition":{"urlFilter":"||lekane.net","domainType":"thirdParty"},"priority":2},{"id":18963,"action":{"type":"block"},"condition":{"urlFilter":"||lpdigileht.epl.ee/*/reklaam_*"},"priority":1},{"id":19005,"action":{"type":"block"},"condition":{"urlFilter":"||luxup.ru","domainType":"thirdParty"},"priority":2},{"id":19041,"action":{"type":"block"},"condition":{"urlFilter":"||magnetic.is","domainType":"thirdParty"},"priority":2},{"id":19080,"action":{"type":"block"},"condition":{"urlFilter":"||marketgid.com","domainType":"thirdParty"},"priority":2},{"id":19121,"action":{"type":"block"},"condition":{"urlFilter":"||maxtraffic.com","domainType":"thirdParty"},"priority":2},{"id":19163,"action":{"type":"block"},"condition":{"urlFilter":"||maxtraffic.eu","domainType":"thirdParty"},"priority":2},{"id":19204,"action":{"type":"block"},"condition":{"urlFilter":"||mediaindex.ee","domainType":"thirdParty"},"priority":2},{"id":19245,"action":{"type":"block"},"condition":{"urlFilter":"||mediaplex.com","domainType":"thirdParty"},"priority":2},{"id":19286,"action":{"type":"block"},"condition":{"urlFilter":"||metaffiliation.com","domainType":"thirdParty"},"priority":2},{"id":19332,"action":{"type":"block"},"condition":{"urlFilter":"||msads.net","domainType":"thirdParty"},"priority":2},{"id":19369,"action":{"type":"block"},"condition":{"urlFilter":"||neoffic.com","domainType":"thirdParty"},"priority":2},{"id":19408,"action":{"type":"block"},"condition":{"urlFilter":"||netaffiliation.com","domainType":"thirdParty"},"priority":2},{"id":19454,"action":{"type":"block"},"condition":{"urlFilter":"||neti.ee/reklaam"},"priority":1},{"id":19482,"action":{"type":"block"},"condition":{"urlFilter":"||netsales.pl","domainType":"thirdParty"},"priority":2},{"id":19521,"action":{"type":"block"},"condition":{"urlFilter":"||newrelic.com","domainType":"thirdParty"},"priority":2},{"id":19561,"action":{"type":"block"},"condition":{"urlFilter":"||novem.pl","domainType":"thirdParty"},"priority":2},{"id":19597,"action":{"type":"block"},"condition":{"urlFilter":"||olark.com","domainType":"thirdParty"},"priority":2},{"id":19634,"action":{"type":"block"},"condition":{"urlFilter":"||onthe.io","domainType":"thirdParty"},"priority":2},{"id":19670,"action":{"type":"block"},"condition":{"urlFilter":"||openx.org","domainType":"thirdParty"},"priority":2},{"id":19707,"action":{"type":"block"},"condition":{"urlFilter":"||overture.com","domainType":"thirdParty"},"priority":2},{"id":19747,"action":{"type":"block"},"condition":{"urlFilter":"||oxado.com","domainType":"thirdParty"},"priority":2},{"id":19784,"action":{"type":"block"},"condition":{"urlFilter":"||pakkumised.ee","domainType":"thirdParty"},"priority":2},{"id":19825,"action":{"type":"block"},"condition":{"urlFilter":"||pardot.com","domainType":"thirdParty"},"priority":2},{"id":19863,"action":{"type":"block"},"condition":{"urlFilter":"||passion.com","domainType":"thirdParty"},"priority":2},{"id":19902,"action":{"type":"block"},"condition":{"urlFilter":"||pcads.ru","domainType":"thirdParty"},"priority":2},{"id":19938,"action":{"type":"block"},"condition":{"urlFilter":"||perefoorum.ee/banner"},"priority":1},{"id":19971,"action":{"type":"block"},"condition":{"urlFilter":"||perekool.ee/banners"},"priority":1},{"id":20003,"action":{"type":"block"},"condition":{"urlFilter":"||pheedo.com","domainType":"thirdParty"},"priority":2},{"id":20041,"action":{"type":"block"},"condition":{"urlFilter":"||pmo.ee/*/banners/*"},"priority":1},{"id":20072,"action":{"type":"block"},"condition":{"urlFilter":"||pop6.com","domainType":"thirdParty"},"priority":2},{"id":20108,"action":{"type":"block"},"condition":{"urlFilter":"||pro-9.com","domainType":"thirdParty"},"priority":2},{"id":20145,"action":{"type":"block"},"condition":{"urlFilter":"||pro-market.net","domainType":"thirdParty"},"priority":2},{"id":20187,"action":{"type":"block"},"condition":{"urlFilter":"||realmedia.com","domainType":"thirdParty"},"priority":2},{"id":20228,"action":{"type":"block"},"condition":{"urlFilter":"||reklaam.kava.ee"},"priority":1},{"id":20256,"action":{"type":"block"},"condition":{"urlFilter":"||reklaam.keskus.ee","domainType":"thirdParty"},"priority":2},{"id":20301,"action":{"type":"block"},"condition":{"urlFilter":"||reklaam.nagi.ee","domainType":"thirdParty"},"priority":2},{"id":20344,"action":{"type":"block"},"condition":{"urlFilter":"||reklaam.naistemaailm.ee"},"priority":1},{"id":20380,"action":{"type":"block"},"condition":{"urlFilter":"||relevant.fi","domainType":"thirdParty"},"priority":2},{"id":20419,"action":{"type":"block"},"condition":{"urlFilter":"||rmxads.com","domainType":"thirdParty"},"priority":2},{"id":20457,"action":{"type":"block"},"condition":{"urlFilter":"||roiservice.com","domainType":"thirdParty"},"priority":2},{"id":20499,"action":{"type":"block"},"condition":{"urlFilter":"||scorecardresearch.com","domainType":"thirdParty"},"priority":2},{"id":20548,"action":{"type":"block"},"condition":{"urlFilter":"||searchco.com","domainType":"thirdParty"},"priority":2},{"id":20588,"action":{"type":"block"},"condition":{"urlFilter":"||serving-sys.com","domainType":"thirdParty"},"priority":2},{"id":20631,"action":{"type":"block"},"condition":{"urlFilter":"||sexinyourcity.com","domainType":"thirdParty"},"priority":2},{"id":20676,"action":{"type":"block"},"condition":{"urlFilter":"||smartad.ee","domainType":"thirdParty"},"priority":2},{"id":20714,"action":{"type":"block"},"condition":{"urlFilter":"||smartadserver.com","domainType":"thirdParty"},"priority":2},{"id":20759,"action":{"type":"block"},"condition":{"urlFilter":"||sn00.net","domainType":"thirdParty"},"priority":2},{"id":20795,"action":{"type":"block"},"condition":{"urlFilter":"||specificclick.net","domainType":"thirdParty"},"priority":2},{"id":20840,"action":{"type":"block"},"condition":{"urlFilter":"||spring-tns.net","domainType":"thirdParty"},"priority":2},{"id":20882,"action":{"type":"block"},"condition":{"urlFilter":"||spylog.com","domainType":"thirdParty"},"priority":2},{"id":20920,"action":{"type":"block"},"condition":{"urlFilter":"||spylog.ru","domainType":"thirdParty"},"priority":2},{"id":20957,"action":{"type":"block"},"condition":{"urlFilter":"||starwave.com","domainType":"thirdParty"},"priority":2},{"id":20997,"action":{"type":"block"},"condition":{"urlFilter":"||static.chilli.ee","domainType":"thirdParty"},"priority":2},{"id":21041,"action":{"type":"block"},"condition":{"urlFilter":"||statistik-gallup.net","domainType":"thirdParty"},"priority":2},{"id":21089,"action":{"type":"block"},"condition":{"urlFilter":"||streamray.com","domainType":"thirdParty"},"priority":2},{"id":21130,"action":{"type":"block"},"condition":{"urlFilter":"||sweetmedia.org","domainType":"thirdParty"},"priority":2},{"id":21172,"action":{"type":"block"},"condition":{"urlFilter":"||tacoda.net","domainType":"thirdParty"},"priority":2},{"id":21210,"action":{"type":"block"},"condition":{"urlFilter":"||teasernet.com","domainType":"thirdParty"},"priority":2},{"id":21251,"action":{"type":"block"},"condition":{"urlFilter":"||textads.ee","domainType":"thirdParty"},"priority":2},{"id":21289,"action":{"type":"block"},"condition":{"urlFilter":"||tns-counter.ru","domainType":"thirdParty"},"priority":2},{"id":21331,"action":{"type":"block"},"condition":{"urlFilter":"||toidutare.ee/img/ads"},"priority":1},{"id":21364,"action":{"type":"block"},"condition":{"urlFilter":"||traceworks.com","domainType":"thirdParty"},"priority":2},{"id":21406,"action":{"type":"block"},"condition":{"urlFilter":"||trackalyzer.com","domainType":"thirdParty"},"priority":2},{"id":21449,"action":{"type":"block"},"condition":{"urlFilter":"||tradedoubler.com","domainType":"thirdParty"},"priority":2},{"id":21493,"action":{"type":"block"},"condition":{"urlFilter":"||trafficjunky.net","domainType":"thirdParty"},"priority":2},{"id":21537,"action":{"type":"block"},"condition":{"urlFilter":"||tribalfusion.com","domainType":"thirdParty"},"priority":2},{"id":21581,"action":{"type":"block"},"condition":{"urlFilter":"||trigger.ee","domainType":"thirdParty"},"priority":2},{"id":21619,"action":{"type":"block"},"condition":{"urlFilter":"||ui-portal.de^","domainType":"thirdParty","excludedInitiatorDomains":["mail.com","gmx.com"]},"priority":3},{"id":21692,"action":{"type":"block"},"condition":{"urlFilter":"||uimserv.net","domainType":"thirdParty"},"priority":2},{"id":21731,"action":{"type":"block"},"condition":{"urlFilter":"||underclick.ru","domainType":"thirdParty"},"priority":2},{"id":21772,"action":{"type":"block"},"condition":{"urlFilter":"||v.postimees.ee/proxy-ads/*"},"priority":1},{"id":21811,"action":{"type":"block"},"condition":{"urlFilter":"||ventivmedia.com","domainType":"thirdParty"},"priority":2},{"id":21854,"action":{"type":"block"},"condition":{"urlFilter":"||viglink.com","domainType":"thirdParty"},"priority":2},{"id":21893,"action":{"type":"block"},"condition":{"urlFilter":"||way2traffic.com","domainType":"thirdParty"},"priority":2},{"id":21936,"action":{"type":"block"},"condition":{"urlFilter":"||webtrendslive.com","domainType":"thirdParty"},"priority":2},{"id":21981,"action":{"type":"block"},"condition":{"urlFilter":"||wsod.com","domainType":"thirdParty"},"priority":2},{"id":22017,"action":{"type":"block"},"condition":{"urlFilter":"||www.postimees.ee/newsletter/block"},"priority":1},{"id":22063,"action":{"type":"block"},"condition":{"urlFilter":"||xgraph.net","domainType":"thirdParty"},"priority":2},{"id":22101,"action":{"type":"block"},"condition":{"urlFilter":"||xiti.com","domainType":"thirdParty"},"priority":2},{"id":22137,"action":{"type":"block"},"condition":{"urlFilter":"||xtendmedia.com","domainType":"thirdParty"},"priority":2},{"id":22179,"action":{"type":"block"},"condition":{"urlFilter":"||yadro.ru","domainType":"thirdParty"},"priority":2},{"id":22215,"action":{"type":"block"},"condition":{"urlFilter":"||yceml.net","domainType":"thirdParty"},"priority":2},{"id":22252,"action":{"type":"block"},"condition":{"urlFilter":"||yieldmanager.com","domainType":"thirdParty"},"priority":2},{"id":22296,"action":{"type":"block"},"condition":{"urlFilter":"||ytsa.net","domainType":"thirdParty"},"priority":2},{"id":22332,"action":{"type":"block"},"condition":{"urlFilter":"||yyr.ee/images/banners"},"priority":1},{"id":22366,"action":{"type":"block"},"condition":{"urlFilter":"||zangocash.com","domainType":"thirdParty"},"priority":2},{"id":22407,"action":{"type":"block"},"condition":{"urlFilter":"||zanox-affiliate.de","domainType":"thirdParty"},"priority":2},{"id":22453,"action":{"type":"block"},"condition":{"urlFilter":"||zedo.com","domainType":"thirdParty"},"priority":2},{"id":22489,"action":{"type":"block"},"condition":{"urlFilter":"||ztod.com","domainType":"thirdParty"},"priority":2}]