[{"id":16055,"action":{"type":"block"},"condition":{"urlFilter":"||glasistre.hr/SliderBanner^"},"priority":1},{"id":16094,"action":{"type":"block"},"condition":{"urlFilter":"||avalaads.com^","domainType":"thirdParty"},"priority":2},{"id":16135,"action":{"type":"block"},"condition":{"urlFilter":"||linker.hr^"},"priority":1},{"id":16158,"action":{"type":"block"},"condition":{"urlFilter":"||native.tportal.hr^","domainType":"thirdParty"},"priority":2},{"id":16204,"action":{"type":"block"},"condition":{"urlFilter":"||lupon.media^","domainType":"thirdParty"},"priority":2},{"id":16244,"action":{"type":"block"},"condition":{"urlFilter":"||a.mabipa.com^","domainType":"thirdParty"},"priority":2},{"id":16285,"action":{"type":"block"},"condition":{"urlFilter":"||farmer.ba/files/banners^","resourceTypes":["image"]},"priority":101},{"id":16337,"action":{"type":"block"},"condition":{"urlFilter":"||nap.ba/storage/userfiles/images/Slike","resourceTypes":["image"]},"priority":101},{"id":16402,"action":{"type":"block"},"condition":{"urlFilter":"||navidiku.rs/banerslike^","resourceTypes":["image"]},"priority":101},{"id":16453,"action":{"type":"block"},"condition":{"urlFilter":"||oglasi.rs/serve^","resourceTypes":["image"]},"priority":101},{"id":16497,"action":{"type":"block"},"condition":{"urlFilter":"||pcpress.rs/pcincludes^","resourceTypes":["image"]},"priority":101},{"id":16547,"action":{"type":"block"},"condition":{"urlFilter":"||pcpress.rs/video/vesimpex/vesimpex.mp4^"},"priority":1},{"id":16599,"action":{"type":"block"},"condition":{"urlFilter":"||pcpress.rs/wp-content/baner^","resourceTypes":["image"]},"priority":101},{"id":16655,"action":{"type":"block"},"condition":{"urlFilter":"||saznajnovo.com/*-baner.jpg^","resourceTypes":["image"]},"priority":101},{"id":16710,"action":{"type":"block"},"condition":{"urlFilter":"||html-load.com/loader.min.js^","initiatorDomains":["gloria.hr"]},"priority":201},{"id":16780,"action":{"type":"block"},"condition":{"urlFilter":"||krajina.ba/wp-content/uploads/*/baner-","resourceTypes":["image"]},"priority":101},{"id":16846,"action":{"type":"block"},"condition":{"urlFilter":"||opcinakupres.ba/images/stories/gsshbz.png^"},"priority":1},{"id":16901,"action":{"type":"block"},"condition":{"urlFilter":"||opcinakupres.ba/images/stories/Logo","resourceTypes":["image"]},"priority":101},{"id":16964,"action":{"type":"block"},"condition":{"urlFilter":"||dalmacijadanas.hr/wp-content/banners^","resourceTypes":["image"]},"priority":101},{"id":17029,"action":{"type":"block"},"condition":{"urlFilter":"||naxi.rs/media/*-naxi-2010x1000-","resourceTypes":["image"]},"priority":101},{"id":17088,"action":{"type":"block"},"condition":{"urlFilter":"||paragraf.rs/img/*-float-baner.png^"},"priority":1},{"id":17135,"action":{"type":"block"},"condition":{"urlFilter":"||barinfo.me/wp-content/uploads/*/*Banner-*.gif^"},"priority":1},{"id":17194,"action":{"type":"block"},"condition":{"urlFilter":"||betwidget.admiralbet.rs^","initiatorDomains":["sportske.net"],"resourceTypes":["sub_frame"]},"priority":301},{"id":17272,"action":{"type":"block"},"condition":{"urlFilter":"||bokanews.me/wp-content/uploads/*.336x280-*.gif^"},"priority":1},{"id":17332,"action":{"type":"block"},"condition":{"urlFilter":"||onogost.me/wp-content/uploads/*-baner*.png.webp^"},"priority":1},{"id":17393,"action":{"type":"block"},"condition":{"urlFilter":"||onogost.me/wp-content/uploads/*.gif^"},"priority":1},{"id":17442,"action":{"type":"block"},"condition":{"urlFilter":"||rtnk.me/files/documents/*Cedis*.gif^"},"priority":1},{"id":17491,"action":{"type":"block"},"condition":{"urlFilter":"||widgets.jutarnji.hr^"},"priority":1},{"id":17524,"action":{"type":"block"},"condition":{"urlFilter":"||media.tangosix.rs/*/banner.","resourceTypes":["image"]},"priority":101},{"id":17579,"action":{"type":"block"},"condition":{"urlFilter":"||infovranjske.rs/ads^","resourceTypes":["image"]},"priority":101},{"id":17627,"action":{"type":"block"},"condition":{"urlFilter":"||widget.admiral.hr^","domainType":"thirdParty"},"priority":2},{"id":17673,"action":{"type":"block"},"condition":{"urlFilter":"||traffic.styria.hr^","domainType":"thirdParty"},"priority":2},{"id":17719,"action":{"type":"block"},"condition":{"urlFilter":"||sk.rs/slike/baneri^"},"priority":1},{"id":17751,"action":{"type":"block"},"condition":{"urlFilter":"||redakcija.alo.rs^","domainType":"thirdParty","resourceTypes":["image"]},"priority":102},{"id":17805,"action":{"type":"block"},"condition":{"urlFilter":"||info-ks.net/assets/img/banners^"},"priority":1},{"id":17849,"action":{"type":"block"},"condition":{"urlFilter":"|https://html-load.com^","domainType":"thirdParty","initiatorDomains":["slobodnadalmacija.hr","tportal.hr"],"resourceTypes":["script"]},"priority":252},{"id":17952,"action":{"type":"block"},"condition":{"urlFilter":"||arhivanalitika.hr/*/uploads/*/ICAM_*x","resourceTypes":["image"]},"priority":101},{"id":18017,"action":{"type":"block"},"condition":{"urlFilter":"||arhivanalitika.hr/*/uploads/*/Bon.hr-*x","resourceTypes":["image"]},"priority":101},{"id":18084,"action":{"type":"block"},"condition":{"urlFilter":"||klik-slider.morgancode.com^","resourceTypes":["sub_frame"]},"priority":101},{"id":18139,"action":{"type":"block"},"condition":{"urlFilter":"||cxpublic.com^","domainType":"thirdParty"},"priority":2},{"id":18252,"action":{"type":"block"},"condition":{"urlFilter":"/image/baneri^","resourceTypes":["image"]},"priority":101},{"id":18456,"action":{"type":"block"},"condition":{"urlFilter":"/avala-press/*"},"priority":1},{"id":18481,"action":{"type":"block"},"condition":{"urlFilter":"/ad-space-right.html^"},"priority":1},{"id":18513,"action":{"type":"block"},"condition":{"urlFilter":"/bannerright/*"},"priority":1},{"id":18538,"action":{"type":"block"},"condition":{"urlFilter":"/MicroBanner^"},"priority":1},{"id":19144,"action":{"type":"block"},"condition":{"urlFilter":"||ba/images/banners^"},"priority":1},{"id":19281,"action":{"type":"block"},"condition":{"urlFilter":"||rs/images/banners^"},"priority":1},{"id":19312,"action":{"type":"block"},"condition":{"urlFilter":"||hr/content/banner^"},"priority":1},{"id":19343,"action":{"type":"block"},"condition":{"urlFilter":"||hr/Portal/Banner?"},"priority":1},{"id":19373,"action":{"type":"allow"},"condition":{"urlFilter":"||ads.api.24ur.si/adserver/adblock.","resourceTypes":["sub_frame"]},"priority":100101},{"id":21985,"action":{"type":"block"},"condition":{"urlFilter":"||aviatica.rs/static/uploads/*/*/*-banner-*x*.gif^"},"priority":1},{"id":22046,"action":{"type":"block"},"condition":{"urlFilter":"||aviatica.rs/static/uploads/*/*/aviatica-1atravel-*.gif^"},"priority":1},{"id":22114,"action":{"type":"block"},"condition":{"urlFilter":"||banner.mob.hr^"},"priority":1},{"id":22141,"action":{"type":"block"},"condition":{"urlFilter":"||bug.hr/ads/"},"priority":1},{"id":22165,"action":{"type":"block"},"condition":{"urlFilter":"||contentexchange.me^","initiatorDomains":["nova.rs"]},"priority":201},{"id":22224,"action":{"type":"block"},"condition":{"urlFilter":"||filmotopia.org/sw.js"},"priority":1},{"id":22257,"action":{"type":"block"},"condition":{"urlFilter":"||kupujemprodajem.com/bShow.php^"},"priority":1},{"id":22300,"action":{"type":"block"},"condition":{"urlFilter":"||mob.hr/blog/wp-content/uploads/noviupload/NOA-E1-BANNER"},"priority":1},{"id":22368,"action":{"type":"block"},"condition":{"urlFilter":"||mob.hr/h18.jpg^"},"priority":1},{"id":22396,"action":{"type":"block"},"condition":{"urlFilter":"||mob.hr^*-300x250."},"priority":1},{"id":22426,"action":{"type":"block"},"condition":{"urlFilter":"||pcchip.hr/wp-content/uploads*BANNER"},"priority":1},{"id":22474,"action":{"type":"block"},"condition":{"urlFilter":"||subs.vingd.com^","domainType":"thirdParty"},"priority":2},{"id":22517,"action":{"type":"block"},"condition":{"urlFilter":"||sultanovic.net/?*%","resourceTypes":["script"]},"priority":101},{"id":22563,"action":{"type":"block"},"condition":{"urlFilter":"||zotabox.com^","initiatorDomains":["animesrbija.com"]},"priority":201},{"id":22623,"action":{"type":"block"},"condition":{"urlFilter":"||widget.halooglasi.com/nekretnine.html","domainType":"thirdParty","resourceTypes":["sub_frame"]},"priority":102},{"id":22697,"action":{"type":"block"},"condition":{"urlFilter":"||eph-adsjutarnji.cdn.sysbee.net^"},"priority":1}]