[{"id":7386,"action":{"type":"block"},"condition":{"urlFilter":"-reclameplaatjes/"},"priority":1},{"id":7414,"action":{"type":"block"},"condition":{"urlFilter":"/adbron."},"priority":1},{"id":7433,"action":{"type":"block"},"condition":{"urlFilter":"/adtwee/*"},"priority":1},{"id":7453,"action":{"type":"block"},"condition":{"urlFilter":"/adv_tekstlinks."},"priority":1},{"id":7480,"action":{"type":"block"},"condition":{"urlFilter":"/adverteerders/*"},"priority":1},{"id":7507,"action":{"type":"block"},"condition":{"urlFilter":"/advertentie-banner-"},"priority":1},{"id":7538,"action":{"type":"block"},"condition":{"urlFilter":"/advertentie.","excludedInitiatorDomains":["anzeigen-aufgabe-alpha.de","anzeigen-aufgabe-beta.de","anzeigen-aufgabe-test.de","rd.nl"]},"priority":2},{"id":7667,"action":{"type":"block"},"condition":{"urlFilter":"/advertentie/*","excludedInitiatorDomains":["anzeigen-aufgabe-alpha.de","anzeigen-aufgabe-beta.de","anzeigen-aufgabe-test.de","rd.nl"]},"priority":2},{"id":7797,"action":{"type":"block"},"condition":{"urlFilter":"/advertentie1."},"priority":1},{"id":7822,"action":{"type":"block"},"condition":{"urlFilter":"/advertentie2/*"},"priority":1},{"id":7848,"action":{"type":"block"},"condition":{"urlFilter":"/advertentie_head."},"priority":1},{"id":7877,"action":{"type":"block"},"condition":{"urlFilter":"/advertentieblokje120x20."},"priority":1},{"id":7913,"action":{"type":"block"},"condition":{"urlFilter":"/advertentieblokje300x20."},"priority":1},{"id":7949,"action":{"type":"block"},"condition":{"urlFilter":"/advertenties."},"priority":1},{"id":7974,"action":{"type":"block"},"condition":{"urlFilter":"/advertenties/*"},"priority":1},{"id":8000,"action":{"type":"block"},"condition":{"urlFilter":"/bannerlookup."},"priority":1},{"id":8025,"action":{"type":"block"},"condition":{"urlFilter":"/big_reclames/*"},"priority":1},{"id":8051,"action":{"type":"block"},"condition":{"urlFilter":"/bolcom-partnerprogramma-wordpress-plugin/*"},"priority":1},{"id":8105,"action":{"type":"block"},"condition":{"urlFilter":"/img/recl/*"},"priority":1},{"id":8127,"action":{"type":"block"},"condition":{"urlFilter":"/mediahuis-ads/*"},"priority":1},{"id":8154,"action":{"type":"block"},"condition":{"urlFilter":"/nmc/adv/*"},"priority":1},{"id":8175,"action":{"type":"block"},"condition":{"urlFilter":"/pebble-adhese."},"priority":1},{"id":8201,"action":{"type":"block"},"condition":{"urlFilter":"/prikbordAdvertentie_"},"priority":1},{"id":8233,"action":{"type":"block"},"condition":{"urlFilter":"/reclame-extra."},"priority":1},{"id":8259,"action":{"type":"block"},"condition":{"urlFilter":"/reclame-nieuws."},"priority":1},{"id":8286,"action":{"type":"block"},"condition":{"urlFilter":"/reclame2."},"priority":1},{"id":8307,"action":{"type":"block"},"condition":{"urlFilter":"/reclamebanners/*"},"priority":1},{"id":8335,"action":{"type":"block"},"condition":{"urlFilter":"/small_reclames/*"},"priority":1},{"id":8363,"action":{"type":"block"},"condition":{"urlFilter":"/tekst_advertentie_"},"priority":1},{"id":8393,"action":{"type":"block"},"condition":{"urlFilter":"/topadvertentie."},"priority":1},{"id":8420,"action":{"type":"block"},"condition":{"urlFilter":"://promotie.","domainType":"thirdParty"},"priority":2},{"id":8458,"action":{"type":"block"},"condition":{"urlFilter":"_advertentie300x250_"},"priority":1},{"id":8489,"action":{"type":"block"},"condition":{"urlFilter":"_advertentieleaderboardhome."},"priority":1},{"id":8528,"action":{"type":"block"},"condition":{"urlFilter":"||2k19.nl^","domainType":"thirdParty"},"priority":2},{"id":8564,"action":{"type":"block"},"condition":{"urlFilter":"||adrequest.net^","domainType":"thirdParty"},"priority":2},{"id":8606,"action":{"type":"block"},"condition":{"urlFilter":"||adshim.com^","domainType":"thirdParty"},"priority":2},{"id":8645,"action":{"type":"block"},"condition":{"urlFilter":"||affilaxy.com^","domainType":"thirdParty"},"priority":2},{"id":8686,"action":{"type":"block"},"condition":{"urlFilter":"||affiliatepartners.com^","domainType":"thirdParty"},"priority":2},{"id":8736,"action":{"type":"block"},"condition":{"urlFilter":"||affiliateprogramma.eu^","domainType":"thirdParty"},"priority":2},{"id":8786,"action":{"type":"block"},"condition":{"urlFilter":"||banner-online.nl^","domainType":"thirdParty"},"priority":2},{"id":8831,"action":{"type":"block"},"condition":{"urlFilter":"||believe-the-hype.be^","domainType":"thirdParty"},"priority":2},{"id":8879,"action":{"type":"block"},"condition":{"urlFilter":"||botndm.nl^","domainType":"thirdParty"},"priority":2},{"id":8917,"action":{"type":"block"},"condition":{"urlFilter":"||cashpartners.eu^","domainType":"thirdParty"},"priority":2},{"id":8961,"action":{"type":"block"},"condition":{"urlFilter":"||crnsgngrpj.nl^"},"priority":1},{"id":8988,"action":{"type":"block"},"condition":{"urlFilter":"||dntblckmpls.nl^"},"priority":1},{"id":9016,"action":{"type":"block"},"condition":{"urlFilter":"||ds1.nl^","domainType":"thirdParty"},"priority":2},{"id":9051,"action":{"type":"block"},"condition":{"urlFilter":"||dt51.net^","domainType":"thirdParty"},"priority":2},{"id":9088,"action":{"type":"block"},"condition":{"urlFilter":"||dt71.net^","domainType":"thirdParty"},"priority":2},{"id":9125,"action":{"type":"block"},"condition":{"urlFilter":"||gratis-neuken.com^","domainType":"thirdParty"},"priority":2},{"id":9171,"action":{"type":"block"},"condition":{"urlFilter":"||mt67.net^"},"priority":1},{"id":9193,"action":{"type":"block"},"condition":{"urlFilter":"||nojazz.eu^"},"priority":1},{"id":9216,"action":{"type":"block"},"condition":{"urlFilter":"||nonstoppartner.net^","domainType":"thirdParty"},"priority":2},{"id":9263,"action":{"type":"block"},"condition":{"urlFilter":"||online-banners.nl^","domainType":"thirdParty"},"priority":2},{"id":9309,"action":{"type":"block"},"condition":{"urlFilter":"||optoutadvertising.com^","domainType":"thirdParty"},"priority":2},{"id":9359,"action":{"type":"block"},"condition":{"urlFilter":"||sponsorkliks.com^","domainType":"thirdParty"},"priority":2},{"id":9404,"action":{"type":"block"},"condition":{"urlFilter":"||static-dscn.net^","domainType":"thirdParty"},"priority":2},{"id":9448,"action":{"type":"block"},"condition":{"urlFilter":"||tools-affil2.com^","domainType":"thirdParty"},"priority":2},{"id":9493,"action":{"type":"block"},"condition":{"urlFilter":"||tools.islive.nl^","domainType":"thirdParty"},"priority":2},{"id":9537,"action":{"type":"block"},"condition":{"urlFilter":"||travelads.be^","domainType":"thirdParty"},"priority":2},{"id":9578,"action":{"type":"block"},"condition":{"urlFilter":"||viadata.store^"},"priority":1},{"id":9605,"action":{"type":"block"},"condition":{"urlFilter":"||vpscash.nl^","domainType":"thirdParty"},"priority":2},{"id":9644,"action":{"type":"block"},"condition":{"urlFilter":"||xpartners.nl^","domainType":"thirdParty"},"priority":2},{"id":9685,"action":{"type":"block"},"condition":{"urlFilter":".nl/adurl/","initiatorDomains":["start-player.npo.nl"],"resourceTypes":["xmlhttprequest"]},"priority":301},{"id":9754,"action":{"type":"block"},"condition":{"urlFilter":"||adcdn.ster.nl^","domainType":"thirdParty"},"priority":2},{"id":9796,"action":{"type":"block"},"condition":{"urlFilter":"||ads.nextday.media^"},"priority":1},{"id":9827,"action":{"type":"block"},"condition":{"urlFilter":"||advertising-cdn.dpgmedia.cloud^"},"priority":1},{"id":9871,"action":{"type":"block"},"condition":{"urlFilter":"||advertising-module.api.dpgmedia.cloud^"},"priority":1},{"id":9922,"action":{"type":"block"},"condition":{"urlFilter":"||bannersimages.s-bol.com^","domainType":"thirdParty"},"priority":2},{"id":9974,"action":{"type":"block"},"condition":{"urlFilter":"||bnpparibasmarkets.nl/widget/","domainType":"thirdParty"},"priority":2},{"id":10030,"action":{"type":"block"},"condition":{"urlFilter":"||bol.com/nl/upload/banners/"},"priority":1},{"id":10069,"action":{"type":"block"},"condition":{"urlFilter":"||bol.com/nl/upload/partnerprogramma/"},"priority":1},{"id":10117,"action":{"type":"block"},"condition":{"urlFilter":"||centraal.helpmij.nl/images/nieuwsbrief/nod32-colofon.jpg"},"priority":1},{"id":10186,"action":{"type":"block"},"condition":{"urlFilter":"||cloudfront.net/-/media/6-parnerships/","initiatorDomains":["feyenoord.nl"]},"priority":201},{"id":10268,"action":{"type":"block"},"condition":{"urlFilter":"||cloudfront.net/Assets/images/partners/","initiatorDomains":["feyenoord.nl"]},"priority":201},{"id":10351,"action":{"type":"block"},"condition":{"urlFilter":"||cloudfront.net/banners/","initiatorDomains":["eredivisie.nl"]},"priority":201},{"id":10420,"action":{"type":"block"},"condition":{"urlFilter":"||feenstra-internetservices.nl/?_dnid=","domainType":"thirdParty"},"priority":2},{"id":10484,"action":{"type":"block"},"condition":{"urlFilter":"||fx.nl/_ext/widget/","domainType":"thirdParty"},"priority":2},{"id":10530,"action":{"type":"block"},"condition":{"urlFilter":"||go2.go2cloud.org^"},"priority":1},{"id":10560,"action":{"type":"block"},"condition":{"urlFilter":"||infotalia.com/worktalia_promo_"},"priority":1},{"id":10603,"action":{"type":"block"},"condition":{"urlFilter":"||jobat.be/extra/trackuityhn/ticker_new.html","domainType":"thirdParty"},"priority":2},{"id":10673,"action":{"type":"block"},"condition":{"urlFilter":"||jobfish.nl/widget/","domainType":"thirdParty"},"priority":2},{"id":10719,"action":{"type":"block"},"condition":{"urlFilter":"||kjdsfjisdfjr23.azurewebsites.net^"},"priority":1},{"id":10765,"action":{"type":"block"},"condition":{"urlFilter":"||mmcdn.nl/tags/"},"priority":1},{"id":10792,"action":{"type":"block"},"condition":{"urlFilter":"||nextdaymedia-ads.s3.amazonaws.com^"},"priority":1},{"id":10839,"action":{"type":"block"},"condition":{"urlFilter":"||ouders.nl/uploads/alt/","initiatorDomains":["viafora.nl"]},"priority":201},{"id":10904,"action":{"type":"block"},"condition":{"urlFilter":"||partner.bol.com^","domainType":"thirdParty"},"priority":2},{"id":10948,"action":{"type":"block"},"condition":{"urlFilter":"||partnerprogramma.bol.com^","domainType":"thirdParty"},"priority":2},{"id":11001,"action":{"type":"block"},"condition":{"urlFilter":"||pexi.nl/dpos/widget-","initiatorDomains":["intermediair.nl"]},"priority":201},{"id":11069,"action":{"type":"block"},"condition":{"urlFilter":"||pornokartel.nl^","domainType":"thirdParty","resourceTypes":["image"]},"priority":102},{"id":11121,"action":{"type":"block"},"condition":{"urlFilter":"||pubble.nl/Content.svc/getAdCollection?"},"priority":1},{"id":11172,"action":{"type":"block"},"condition":{"urlFilter":"||recreatief.nl/kerstarrangementen.gif"},"priority":1},{"id":11221,"action":{"type":"block"},"condition":{"urlFilter":"||s-bol.com/nl/upload/partnerprogramma/"},"priority":1},{"id":11271,"action":{"type":"block"},"condition":{"urlFilter":"||search-result.com^*/klokad2.js"},"priority":1},{"id":11314,"action":{"type":"block"},"condition":{"urlFilter":"||sedproductions.nl/banners/"},"priority":1},{"id":11353,"action":{"type":"block"},"condition":{"urlFilter":"||seks.com/img/bnr.gif"},"priority":1},{"id":11386,"action":{"type":"block"},"condition":{"urlFilter":"||seksbuddy.nl/img/frontend/banners/"},"priority":1},{"id":11433,"action":{"type":"block"},"condition":{"urlFilter":"||sociaaldigitaal.nl/img/Banner-","domainType":"thirdParty"},"priority":2},{"id":11491,"action":{"type":"block"},"condition":{"urlFilter":"||sp.dpgmedia.net^","domainType":"thirdParty"},"priority":2},{"id":11535,"action":{"type":"block"},"condition":{"urlFilter":"||stepstone.be/*?event=widgettool.","domainType":"thirdParty"},"priority":2},{"id":11595,"action":{"type":"block"},"condition":{"urlFilter":"||strafrechtadvocaten.nl/media/banner/","domainType":"thirdParty"},"priority":2},{"id":11659,"action":{"type":"block"},"condition":{"urlFilter":"||swpportal.com/upload/squarebanners/"},"priority":1},{"id":11707,"action":{"type":"block"},"condition":{"urlFilter":"||t.bazarow.com^","domainType":"thirdParty"},"priority":2},{"id":11749,"action":{"type":"block"},"condition":{"urlFilter":"||traffic.12flirt.com^"},"priority":1},{"id":11782,"action":{"type":"block"},"condition":{"urlFilter":"||viralize.tv/display/","initiatorDomains":["startpagina.nl"]},"priority":201},{"id":11849,"action":{"type":"block"},"condition":{"urlFilter":"||wertuipsertj34.azurewebsites.net^","resourceTypes":["xmlhttprequest"]},"priority":101},{"id":11910,"action":{"type":"block"},"condition":{"urlFilter":"||widget.vpnnederland.nl^","initiatorDomains":["nzbserver.com"]},"priority":201},{"id":11979,"action":{"type":"block"},"condition":{"urlFilter":"||widgets.skyscanner.net^","initiatorDomains":["puuropreis.nl"]},"priority":201},{"id":12048,"action":{"type":"block"},"condition":{"urlFilter":"||windows.net/banners/","initiatorDomains":["agf.nl","bpnieuws.nl","groentennieuws.nl","uiennieuws.nl"]},"priority":126},{"id":12151,"action":{"type":"block"},"condition":{"urlFilter":"||wp.com/www.bol.com/nl/upload/partnerprogramma/"},"priority":1},{"id":12210,"action":{"type":"block"},"condition":{"urlFilter":"||xmissy.nl/admnfiles1809/sinclub/freechatbanner_"},"priority":1},{"id":12270,"action":{"type":"block"},"condition":{"urlFilter":"||123video.nl^*/300x100_"},"priority":1},{"id":12305,"action":{"type":"block"},"condition":{"urlFilter":"||1twente.nl/Ads/"},"priority":1},{"id":12333,"action":{"type":"block"},"condition":{"urlFilter":"||2link.be/banners/"},"priority":1},{"id":12363,"action":{"type":"block"},"condition":{"urlFilter":"||aa.tweakers.nl^"},"priority":1},{"id":12391,"action":{"type":"block"},"condition":{"urlFilter":"||aafm.nl/cms/wp-content/themes/omroepalmelo/img/banners/"},"priority":1},{"id":12459,"action":{"type":"block"},"condition":{"urlFilter":"||abcsuriname.com/images/banners/"},"priority":1},{"id":12503,"action":{"type":"block"},"condition":{"urlFilter":"||adodenhaag.nl/images/banners/"},"priority":1},{"id":12545,"action":{"type":"block"},"condition":{"urlFilter":"||agconnect.nl/sites/ag/files/styles/partner_"},"priority":1},{"id":12601,"action":{"type":"block"},"condition":{"urlFilter":"||am-forum.nl/upload/logo_elektrodump.png"},"priority":1},{"id":12653,"action":{"type":"block"},"condition":{"urlFilter":"||antilliaansdagblad.com/images/banners/"},"priority":1},{"id":12704,"action":{"type":"block"},"condition":{"urlFilter":"||apintie.sr/bannerz/"},"priority":1},{"id":12736,"action":{"type":"block"},"condition":{"urlFilter":"||autosport.nl/images/Banner-"},"priority":1},{"id":12776,"action":{"type":"block"},"condition":{"urlFilter":"||autosport.nl/images/banners/"},"priority":1},{"id":12817,"action":{"type":"block"},"condition":{"urlFilter":"||baarsclassicrock.nl/wp-content/uploads/*/banner_"},"priority":1},{"id":12878,"action":{"type":"block"},"condition":{"urlFilter":"||bdsm-vrienden.nl/sb_data/modules/mod_aav/"},"priority":1},{"id":12932,"action":{"type":"block"},"condition":{"urlFilter":"||bdsmgirl.nl/banners/"},"priority":1},{"id":12965,"action":{"type":"block"},"condition":{"urlFilter":"||bdsmgirl.nl^*/banner/"},"priority":1},{"id":12999,"action":{"type":"block"},"condition":{"urlFilter":"||belgiancycling.be^*/Banners/"},"priority":1},{"id":13040,"action":{"type":"block"},"condition":{"urlFilter":"||belgiancycling.be^*/Logo%27s%20partners/"},"priority":1},{"id":13093,"action":{"type":"block"},"condition":{"urlFilter":"||bloovi.be/frontend/files/banners/"},"priority":1},{"id":13139,"action":{"type":"block"},"condition":{"urlFilter":"||bodemvondstenwereld.nl/images/banners/"},"priority":1},{"id":13190,"action":{"type":"block"},"condition":{"urlFilter":"||boek9.nl/sites/default/files/advertisements/"},"priority":1},{"id":13247,"action":{"type":"block"},"condition":{"urlFilter":"||boek9.nl/sites/default/files/rotating-banners/"},"priority":1},{"id":13306,"action":{"type":"block"},"condition":{"urlFilter":"||bol-an.nl/wp-content/uploads/*/Adv_"},"priority":1},{"id":13354,"action":{"type":"block"},"condition":{"urlFilter":"||brandweerspotters.nl/modules/banners/"},"priority":1},{"id":13404,"action":{"type":"block"},"condition":{"urlFilter":"||buzzbie.nl/uploads/banners/"},"priority":1},{"id":13444,"action":{"type":"block"},"condition":{"urlFilter":"||cdn-webcam-harlingen.nl/adv/"},"priority":1},{"id":13485,"action":{"type":"block"},"condition":{"urlFilter":"||chatmetvreemden.be/static/html/"},"priority":1},{"id":13529,"action":{"type":"block"},"condition":{"urlFilter":"||chatmetvreemden.nl/static/html/"},"priority":1},{"id":13573,"action":{"type":"block"},"condition":{"urlFilter":"||christelijknieuws.nl^*/banner/"},"priority":1},{"id":13616,"action":{"type":"block"},"condition":{"urlFilter":"||ciaotutti.nl/wp-content/uploads/Banner_"},"priority":1},{"id":13668,"action":{"type":"block"},"condition":{"urlFilter":"||clubbrugge.be^*/partner/"},"priority":1},{"id":13705,"action":{"type":"block"},"condition":{"urlFilter":"||coastline945fm.nl/cache/partners/"},"priority":1},{"id":13751,"action":{"type":"block"},"condition":{"urlFilter":"||coastlinefm.nl/cache/partners/"},"priority":1},{"id":13794,"action":{"type":"block"},"condition":{"urlFilter":"||content1.pcmweb.nl^"},"priority":1},{"id":13826,"action":{"type":"block"},"condition":{"urlFilter":"||content1.pu.nl^"},"priority":1},{"id":13854,"action":{"type":"block"},"condition":{"urlFilter":"||content1.wasmachines.nl^"},"priority":1},{"id":13891,"action":{"type":"block"},"condition":{"urlFilter":"||content1.zoom.nl^"},"priority":1},{"id":13921,"action":{"type":"block"},"condition":{"urlFilter":"||content2.besteproduct.nl^"},"priority":1},{"id":13959,"action":{"type":"block"},"condition":{"urlFilter":"||content2.kieskeurig.nl^"},"priority":1},{"id":13995,"action":{"type":"block"},"condition":{"urlFilter":"||content2.pu.nl^"},"priority":1},{"id":14023,"action":{"type":"block"},"condition":{"urlFilter":"||content2.wasmachines.nl^"},"priority":1},{"id":14060,"action":{"type":"block"},"condition":{"urlFilter":"||content2.zoom.nl^"},"priority":1},{"id":14090,"action":{"type":"block"},"condition":{"urlFilter":"||cryptobenelux.com/wp-content/uploads/*-banner-"},"priority":1},{"id":14149,"action":{"type":"block"},"condition":{"urlFilter":"||cryptobenelux.com/wp-content/uploads/*-Banner."},"priority":1},{"id":14208,"action":{"type":"block"},"condition":{"urlFilter":"||cryptobenelux.com/wp-content/uploads/*/banner_"},"priority":1},{"id":14267,"action":{"type":"block"},"condition":{"urlFilter":"||cryptoprijzen.com/cryptoprijzen-widget/"},"priority":1},{"id":14319,"action":{"type":"block"},"condition":{"urlFilter":"||debestevpn.nl/wp-content/*-banner."},"priority":1},{"id":14366,"action":{"type":"block"},"condition":{"urlFilter":"||decibel.nl/wp-content/uploads/*/banner-"},"priority":1},{"id":14418,"action":{"type":"block"},"condition":{"urlFilter":"||dewereldmorgen.be/wp-content/banners/"},"priority":1},{"id":14468,"action":{"type":"block"},"condition":{"urlFilter":"||digitaalburg.com/rn02/wp-content/uploads/*/CornetAnimationA-"},"priority":1},{"id":14541,"action":{"type":"block"},"condition":{"urlFilter":"||digitaalburg.com/rn02/wp-content/uploads/*/MERKX11.png"},"priority":1},{"id":14608,"action":{"type":"block"},"condition":{"urlFilter":"||digitaalburg.com/rn02/wp-content/uploads/*/Roel.jpg"},"priority":1},{"id":14672,"action":{"type":"block"},"condition":{"urlFilter":"||digitaalburg.com/rn02/wp-content/uploads/*/uitwaard21.jpg"},"priority":1},{"id":14742,"action":{"type":"block"},"condition":{"urlFilter":"||digitaalburg.com/rn02/wp-content/uploads/*/Vacature-"},"priority":1},{"id":14807,"action":{"type":"block"},"condition":{"urlFilter":"||digitaalburg.com/rn02/wp-content/uploads/*/vertiadvies_"},"priority":1},{"id":14875,"action":{"type":"block"},"condition":{"urlFilter":"||digitaalburg.com/rn02/wp-content/uploads/*/webbanner-"},"priority":1},{"id":14941,"action":{"type":"block"},"condition":{"urlFilter":"||dolcevia.com^*/Banners/"},"priority":1},{"id":14977,"action":{"type":"block"},"condition":{"urlFilter":"||duurzaam-actueel.nl^*banner"},"priority":1},{"id":15017,"action":{"type":"block"},"condition":{"urlFilter":"||edelmetaal-info.nl/cdfund-336x280.html"},"priority":1},{"id":15068,"action":{"type":"block"},"condition":{"urlFilter":"||edelmetaal-info.nl/wp-content/uploads/images/goudpensioen/"},"priority":1},{"id":15139,"action":{"type":"block"},"condition":{"urlFilter":"||eredivisie.nl/images/logos/partners/"},"priority":1},{"id":15188,"action":{"type":"block"},"condition":{"urlFilter":"||excellentfm.nl/images/aanbieding/"},"priority":1},{"id":15234,"action":{"type":"block"},"condition":{"urlFilter":"||fanclubbarcelona.nl/viewfile/mainbanner/"},"priority":1},{"id":15287,"action":{"type":"block"},"condition":{"urlFilter":"||farmaline.be/assets/banners/"},"priority":1},{"id":15328,"action":{"type":"block"},"condition":{"urlFilter":"||fcupdate.nl/js/adslot.js"},"priority":1},{"id":15365,"action":{"type":"block"},"condition":{"urlFilter":"||fcutrecht.net/img/banners/"},"priority":1},{"id":15404,"action":{"type":"block"},"condition":{"urlFilter":"||flirtmee.nl/img/160x70_sponsor-"},"priority":1},{"id":15448,"action":{"type":"block"},"condition":{"urlFilter":"||floranews.com/img/banner/"},"priority":1},{"id":15486,"action":{"type":"block"},"condition":{"urlFilter":"||fonkmagazine.nl/adds/"},"priority":1},{"id":15520,"action":{"type":"block"},"condition":{"urlFilter":"||fonkonline.nl/adds/"},"priority":1},{"id":15552,"action":{"type":"block"},"condition":{"urlFilter":"||forum.spaarinformatie.nl/si-info.html"},"priority":1},{"id":15602,"action":{"type":"block"},"condition":{"urlFilter":"||genemuidenactueel.nl^*banner"},"priority":1},{"id":15643,"action":{"type":"block"},"condition":{"urlFilter":"||gic.nl/uploads/fckconnector/"},"priority":1},{"id":15684,"action":{"type":"block"},"condition":{"urlFilter":"||gigantfm.nl/upload/20170420110645812.jpg"},"priority":1},{"id":15737,"action":{"type":"block"},"condition":{"urlFilter":"||gigantfm.nl/upload/20210730122903794.gif"},"priority":1},{"id":15790,"action":{"type":"block"},"condition":{"urlFilter":"||gigantfm.nl/upload/autoonderdelen24_1.png"},"priority":1},{"id":15844,"action":{"type":"block"},"condition":{"urlFilter":"||gigantfm.nl/upload/onderdelenshop.gif"},"priority":1},{"id":15894,"action":{"type":"block"},"condition":{"urlFilter":"||goedkoopstekeukensduitsland.nl/wp-content/uploads/*/I-kook-banner.jpg"},"priority":1},{"id":15976,"action":{"type":"block"},"condition":{"urlFilter":"||goedkoopstekeukensduitsland.nl/wp-content/uploads/*/Keuken-ontwerp-aan-huis.jpg"},"priority":1},{"id":16068,"action":{"type":"block"},"condition":{"urlFilter":"||goedkoopstekeukensduitsland.nl/wp-content/uploads/*/Keukenplaats.jpg"},"priority":1},{"id":16149,"action":{"type":"block"},"condition":{"urlFilter":"||golf.be/files/BannerImage/"},"priority":1},{"id":16188,"action":{"type":"block"},"condition":{"urlFilter":"||gratissextube.be/banners/"},"priority":1},{"id":16226,"action":{"type":"block"},"condition":{"urlFilter":"||greenkeeper.nl/upload/banners/"},"priority":1},{"id":16269,"action":{"type":"block"},"condition":{"urlFilter":"||greenkeeper.nl/upload/relaties/"},"priority":1},{"id":16313,"action":{"type":"block"},"condition":{"urlFilter":"||groentennieuws.nl^*/banners/"},"priority":1},{"id":16354,"action":{"type":"block"},"condition":{"urlFilter":"||halstadcentraal.nl/images/banners/"},"priority":1},{"id":16401,"action":{"type":"block"},"condition":{"urlFilter":"||handbalstartpunt.nl/content/schoonkapje.gif"},"priority":1},{"id":16457,"action":{"type":"block"},"condition":{"urlFilter":"||handbalstartpunt.nl/images/mizuno-small.jpg"},"priority":1},{"id":16513,"action":{"type":"block"},"condition":{"urlFilter":"||hoekschnieuws.nl/banner/"},"priority":1},{"id":16550,"action":{"type":"block"},"condition":{"urlFilter":"||hoekschnieuws.nl/wp-content/uploads/*/Banner-"},"priority":1},{"id":16608,"action":{"type":"block"},"condition":{"urlFilter":"||hotradiohits.nl/image/picture/*_banner."},"priority":1},{"id":16660,"action":{"type":"block"},"condition":{"urlFilter":"||htforum.nl/yabbse/*-banner2.gif"},"priority":1},{"id":16704,"action":{"type":"block"},"condition":{"urlFilter":"||htforum.nl/yabbse/banners/"},"priority":1},{"id":16743,"action":{"type":"block"},"condition":{"urlFilter":"||htforum.nl/yabbse/topframe_v3.php"},"priority":1},{"id":16789,"action":{"type":"block"},"condition":{"urlFilter":"||iex.nl/uploads/banners/"},"priority":1},{"id":16825,"action":{"type":"block"},"condition":{"urlFilter":"||katholiek.nl/wp-content/uploads/*/banner-"},"priority":1},{"id":16879,"action":{"type":"block"},"condition":{"urlFilter":"||kavelplatform.nl/assets/uploads/banners/"},"priority":1},{"id":16932,"action":{"type":"block"},"condition":{"urlFilter":"||kilroynews.net^*banner"},"priority":1},{"id":16967,"action":{"type":"block"},"condition":{"urlFilter":"||klokradio.nl/wp-content/uploads/*/adv-"},"priority":1},{"id":17018,"action":{"type":"block"},"condition":{"urlFilter":"||kranenwebsite.nl/banners/"},"priority":1},{"id":17056,"action":{"type":"block"},"condition":{"urlFilter":"||landenweb.nl/imgBoeking/"},"priority":1},{"id":17093,"action":{"type":"block"},"condition":{"urlFilter":"||linqmedia.nl/cwm/fm/userfiles/banner/"},"priority":1},{"id":17143,"action":{"type":"block"},"condition":{"urlFilter":"||loemedia.nl/wp-content/uploads/*/BannerPruisSchilderwerken-"},"priority":1},{"id":17215,"action":{"type":"block"},"condition":{"urlFilter":"||loemedia.nl/wp-content/uploads/*/HemaBannerGroot-"},"priority":1},{"id":17277,"action":{"type":"block"},"condition":{"urlFilter":"||lokaleomroepzeewolde.nl/images/banners/"},"priority":1},{"id":17329,"action":{"type":"block"},"condition":{"urlFilter":"||luister.nl/wp-content/uploads/*/Banner_"},"priority":1},{"id":17381,"action":{"type":"block"},"condition":{"urlFilter":"||maarkelsnieuws.nl/banners/"},"priority":1},{"id":17420,"action":{"type":"block"},"condition":{"urlFilter":"||maaslandradio.nl/wp-content/uploads/*/autodoc."},"priority":1},{"id":17479,"action":{"type":"block"},"condition":{"urlFilter":"||maaslandradio.nl/wp-content/uploads/*/Banner-"},"priority":1},{"id":17537,"action":{"type":"block"},"condition":{"urlFilter":"||maaslandradio.nl/wp-content/uploads/*/Hekwerkland."},"priority":1},{"id":17600,"action":{"type":"block"},"condition":{"urlFilter":"||mandelnieuws.be^*/Sponsors/"},"priority":1},{"id":17640,"action":{"type":"block"},"condition":{"urlFilter":"||mannennieuws.nl/wp-content/uploads/*-banner."},"priority":1},{"id":17697,"action":{"type":"block"},"condition":{"urlFilter":"||marktplaats.nl/*/api/complementary-listings?"},"priority":1},{"id":17754,"action":{"type":"block"},"condition":{"urlFilter":"||meerdangewenst.nl^*/sponsors/"},"priority":1},{"id":17796,"action":{"type":"block"},"condition":{"urlFilter":"||metalfan.nl/banners/"},"priority":1},{"id":17829,"action":{"type":"block"},"condition":{"urlFilter":"||midvliet.nl/images/advertenties-"},"priority":1},{"id":17874,"action":{"type":"block"},"condition":{"urlFilter":"||mo.be/sites/default/files/banners/"},"priority":1},{"id":17921,"action":{"type":"block"},"condition":{"urlFilter":"||motocrossplanet.nl/banner/"},"priority":1},{"id":17960,"action":{"type":"block"},"condition":{"urlFilter":"||motocrossplanet.nl/wwwuploads/banners/"},"priority":1},{"id":18011,"action":{"type":"block"},"condition":{"urlFilter":"||motokicx.com/wp-content/uploads/*/BANNER-"},"priority":1},{"id":18065,"action":{"type":"block"},"condition":{"urlFilter":"||motokicx.com/wp-content/uploads/*/Website-ad-"},"priority":1},{"id":18123,"action":{"type":"block"},"condition":{"urlFilter":"||netonline.be/slices/banners/"},"priority":1},{"id":18164,"action":{"type":"block"},"condition":{"urlFilter":"||nevobo.nl^*/sponsor/"},"priority":1},{"id":18197,"action":{"type":"block"},"condition":{"urlFilter":"||niburu.co/images/banners/"},"priority":1},{"id":18235,"action":{"type":"block"},"condition":{"urlFilter":"||nieuwsopbeeld.nl/wp-content/uploads/*/Advertentie-"},"priority":1},{"id":18298,"action":{"type":"block"},"condition":{"urlFilter":"||nieuwsuitnijmegen.nl/gfx/banners/"},"priority":1},{"id":18344,"action":{"type":"block"},"condition":{"urlFilter":"||nieuwsuitnijmegen.nl/uploads/banners/"},"priority":1},{"id":18394,"action":{"type":"block"},"condition":{"urlFilter":"||noordkopcentraal.nl^*/banner_"},"priority":1},{"id":18436,"action":{"type":"block"},"condition":{"urlFilter":"||notebookcheck.nl/fileadmin/Sonstiges/amaz_","resourceTypes":["xmlhttprequest"]},"priority":101},{"id":18506,"action":{"type":"block"},"condition":{"urlFilter":"||nrc.nl/tag/tag.js"},"priority":1},{"id":18536,"action":{"type":"block"},"condition":{"urlFilter":"||omroeppenm.nl^*/banner/"},"priority":1},{"id":18572,"action":{"type":"block"},"condition":{"urlFilter":"||onderwijsland.com/files/banners/"},"priority":1},{"id":18617,"action":{"type":"block"},"condition":{"urlFilter":"||onderwijsland.com/files/partners/"},"priority":1},{"id":18663,"action":{"type":"block"},"condition":{"urlFilter":"||onlinecorrectie.nl/cnc/"},"priority":1},{"id":18699,"action":{"type":"block"},"condition":{"urlFilter":"||ontdek-amerika.nl/marketing/bartsbanner.gif"},"priority":1},{"id":18755,"action":{"type":"block"},"condition":{"urlFilter":"||oogtv.nl/wp-content/banners/"},"priority":1},{"id":18796,"action":{"type":"block"},"condition":{"urlFilter":"||oops.nl/banner/"},"priority":1},{"id":18824,"action":{"type":"block"},"condition":{"urlFilter":"||openingsurengids.be/includes/js/checkblockv2.js"},"priority":1},{"id":18884,"action":{"type":"block"},"condition":{"urlFilter":"||openingsurengids.be/template/images/publi/"},"priority":1},{"id":18939,"action":{"type":"block"},"condition":{"urlFilter":"||opwindend.net/Promotie/"},"priority":1},{"id":18975,"action":{"type":"block"},"condition":{"urlFilter":"||pdd-nos.nl/footer.html"},"priority":1},{"id":19010,"action":{"type":"block"},"condition":{"urlFilter":"||persberichten.com/Images/Banners/"},"priority":1},{"id":19056,"action":{"type":"block"},"condition":{"urlFilter":"||persberichten.com/Images/marcommit/"},"priority":1},{"id":19104,"action":{"type":"block"},"condition":{"urlFilter":"||popinstituut.nl/wp-content/uploads/2014/02/Huren.nl"},"priority":1},{"id":19168,"action":{"type":"block"},"condition":{"urlFilter":"||pornokartel.nl/wp-content/uploads/*/wp-script-leaderboard.gif"},"priority":1},{"id":19242,"action":{"type":"block"},"condition":{"urlFilter":"||promootjesite.nl/images/affliateBanner/"},"priority":1},{"id":19294,"action":{"type":"block"},"condition":{"urlFilter":"||puurnaturisme.nl/images/banners/"},"priority":1},{"id":19339,"action":{"type":"block"},"condition":{"urlFilter":"||racexpress.nl/advertising/"},"priority":1},{"id":19378,"action":{"type":"block"},"condition":{"urlFilter":"||racingnews365.nl/images/banners/"},"priority":1},{"id":19423,"action":{"type":"block"},"condition":{"urlFilter":"||radioacacia.nl/sponsoren/"},"priority":1},{"id":19461,"action":{"type":"block"},"condition":{"urlFilter":"||radioeenhoorn.nl/images/Maxaro-badkamers-tegels.png"},"priority":1},{"id":19525,"action":{"type":"block"},"condition":{"urlFilter":"||radiolelystad.nl/images/stories/Banners/"},"priority":1},{"id":19578,"action":{"type":"block"},"condition":{"urlFilter":"||radioluisteren.fm/ads/"},"priority":1},{"id":19613,"action":{"type":"block"},"condition":{"urlFilter":"||radionl.fm/wp-content/uploads/*/Maxiaxi_"},"priority":1},{"id":19666,"action":{"type":"block"},"condition":{"urlFilter":"||radiostadmontfoort.nl/cms/img/ads/"},"priority":1},{"id":19713,"action":{"type":"block"},"condition":{"urlFilter":"||radiovisie.eu/wp-content/banners/"},"priority":1},{"id":19759,"action":{"type":"block"},"condition":{"urlFilter":"||railhobby.nl/wp-content/uploads/*_banner-"},"priority":1},{"id":19813,"action":{"type":"block"},"condition":{"urlFilter":"||rd.nl/deliver.js"},"priority":1},{"id":19842,"action":{"type":"block"},"condition":{"urlFilter":"||resources.planetnine.com/scripts/","initiatorDomains":["topgear.nl","voetbalverslaafd.nl"]},"priority":151},{"id":19938,"action":{"type":"block"},"condition":{"urlFilter":"||retaildetail.be/sites/default/files/banner/"},"priority":1},{"id":19994,"action":{"type":"block"},"condition":{"urlFilter":"||retaildetail.nl/sites/default/files/banner/"},"priority":1},{"id":20050,"action":{"type":"block"},"condition":{"urlFilter":"||rickfm.nl/cwm/fm/userfiles/banner/"},"priority":1},{"id":20097,"action":{"type":"block"},"condition":{"urlFilter":"||rivierenland-radio.nl/banners/"},"priority":1},{"id":20140,"action":{"type":"block"},"condition":{"urlFilter":"||rtvdordrecht.nl/cwm/fm/userfiles/banner/"},"priority":1},{"id":20193,"action":{"type":"block"},"condition":{"urlFilter":"||rtveen.nl/wp-content/uploads/*-Banner-"},"priority":1},{"id":20244,"action":{"type":"block"},"condition":{"urlFilter":"||rtveen.nl/wp-content/uploads/*/banner-"},"priority":1},{"id":20295,"action":{"type":"block"},"condition":{"urlFilter":"||rtvlansingerland.nl/wp-content/uploads/*/Zorgvilla.gif"},"priority":1},{"id":20362,"action":{"type":"block"},"condition":{"urlFilter":"||rtvmaastricht.nl/banners/"},"priority":1},{"id":20400,"action":{"type":"block"},"condition":{"urlFilter":"||rtvnof.nl/prowurk/"},"priority":1},{"id":20431,"action":{"type":"block"},"condition":{"urlFilter":"||schie.nu/images/banner/"},"priority":1},{"id":20467,"action":{"type":"block"},"condition":{"urlFilter":"||schuttevaer.nl/partnersites/"},"priority":1},{"id":20508,"action":{"type":"block"},"condition":{"urlFilter":"||seksverhalen.org/telefoonsex.png"},"priority":1},{"id":20553,"action":{"type":"block"},"condition":{"urlFilter":"||seksverhalen.org/vluggertjes.png"},"priority":1},{"id":20598,"action":{"type":"block"},"condition":{"urlFilter":"||sexchatlounge.nl/bannerlinks.html"},"priority":1},{"id":20644,"action":{"type":"block"},"condition":{"urlFilter":"||sexchatlounge.nl/bannerrechts.html"},"priority":1},{"id":20691,"action":{"type":"block"},"condition":{"urlFilter":"||sexervaringendelen.nl/porno/"},"priority":1},{"id":20732,"action":{"type":"block"},"condition":{"urlFilter":"||simone.nl/wp-content/uploads/*-banner-"},"priority":1},{"id":20783,"action":{"type":"block"},"condition":{"urlFilter":"||simone.nl/wp-content/uploads/*-besteonderdelen.nl-"},"priority":1},{"id":20846,"action":{"type":"block"},"condition":{"urlFilter":"||simone.nl/wp-content/uploads/*-onderdelenexpert.nl-"},"priority":1},{"id":20910,"action":{"type":"block"},"condition":{"urlFilter":"||simone.nl/wp-content/uploads/*/tijdelijkkkkk.png"},"priority":1},{"id":20971,"action":{"type":"block"},"condition":{"urlFilter":"||solarmagazine.nl/u/edwin/"},"priority":1},{"id":21009,"action":{"type":"block"},"condition":{"urlFilter":"||spreekbuis.nl/wp-content/uploads/*-banner-"},"priority":1},{"id":21064,"action":{"type":"block"},"condition":{"urlFilter":"||spreekbuis.nl/wp-content/uploads/*/Banner-"},"priority":1},{"id":21119,"action":{"type":"block"},"condition":{"urlFilter":"||srherald.com/wp-content/banners/"},"priority":1},{"id":21164,"action":{"type":"block"},"condition":{"urlFilter":"||streamwijzer.be/wp-content/uploads/*-banner."},"priority":1},{"id":21221,"action":{"type":"block"},"condition":{"urlFilter":"||te-les-koop.nl/images/B_"},"priority":1},{"id":21258,"action":{"type":"block"},"condition":{"urlFilter":"||techgaming.nl/image_uploads/sponsored/"},"priority":1},{"id":21309,"action":{"type":"block"},"condition":{"urlFilter":"||tennisplaza.be/wp-content/uploads/*/tennisdirect-"},"priority":1},{"id":21371,"action":{"type":"block"},"condition":{"urlFilter":"||tennisvlaanderen.be/documents/*/19Sponsorblok-"},"priority":1},{"id":21430,"action":{"type":"block"},"condition":{"urlFilter":"||tennisvlaanderen.be/documents/*/21Sponsorblok-"},"priority":1},{"id":21489,"action":{"type":"block"},"condition":{"urlFilter":"||tijd.be/ad/"},"priority":1},{"id":21513,"action":{"type":"block"},"condition":{"urlFilter":"||touretappe.nl/images/topposblock.html"},"priority":1},{"id":21563,"action":{"type":"block"},"condition":{"urlFilter":"||touretappe.nl/images/xtra/"},"priority":1},{"id":21602,"action":{"type":"block"},"condition":{"urlFilter":"||tpo.nl/broodplank/"},"priority":1},{"id":21633,"action":{"type":"block"},"condition":{"urlFilter":"||tradeidee.nl/banners/"},"priority":1},{"id":21667,"action":{"type":"block"},"condition":{"urlFilter":"||transport-online.nl/site/includes/uploads/banner-"},"priority":1},{"id":21729,"action":{"type":"block"},"condition":{"urlFilter":"||twentefm.nl/directcast/custom/rtvnot/playout/commercials/"},"priority":1},{"id":21799,"action":{"type":"block"},"condition":{"urlFilter":"||uecl-voetbal.nl/derden/"},"priority":1},{"id":21835,"action":{"type":"block"},"condition":{"urlFilter":"||uel-voetbal.nl/derden/"},"priority":1},{"id":21870,"action":{"type":"block"},"condition":{"urlFilter":"||uitslagen.nl/banner/"},"priority":1},{"id":21903,"action":{"type":"block"},"condition":{"urlFilter":"||unity.nu^*/Banners/"},"priority":1},{"id":21935,"action":{"type":"block"},"condition":{"urlFilter":"||vagina.nl/fish-hooks/fetch.json"},"priority":1},{"id":21979,"action":{"type":"block"},"condition":{"urlFilter":"||vbro.be/wp-content/uploads/*/autoonderdelen24_"},"priority":1},{"id":22038,"action":{"type":"block"},"condition":{"urlFilter":"||verkeerplaza.nl/js/banner.js"},"priority":1},{"id":22079,"action":{"type":"block"},"condition":{"urlFilter":"||visserijnieuws.nl/images/banners/"},"priority":1},{"id":22125,"action":{"type":"block"},"condition":{"urlFilter":"||vitesse.nl/assets/img/layout/etoro-logo.png"},"priority":1},{"id":22181,"action":{"type":"block"},"condition":{"urlFilter":"||vitesse.nl^*_sponsors_footer.png"},"priority":1},{"id":22226,"action":{"type":"block"},"condition":{"urlFilter":"||vives.nl/wp-content/uploads/*-Banner-"},"priority":1},{"id":22276,"action":{"type":"block"},"condition":{"urlFilter":"||vives.nl/wp-content/uploads/Banner_"},"priority":1},{"id":22324,"action":{"type":"block"},"condition":{"urlFilter":"||voetbalkrant.com/images/pub/"},"priority":1},{"id":22365,"action":{"type":"block"},"condition":{"urlFilter":"||voetbalnederland.nl/img/bravo.gif"},"priority":1},{"id":22411,"action":{"type":"block"},"condition":{"urlFilter":"||voetbalrotterdam.nl/wp-content/uploads/*/soccerdealbanner1170.jpg"},"priority":1},{"id":22489,"action":{"type":"block"},"condition":{"urlFilter":"||volleybal.nl/uploads/images/Banners/"},"priority":1},{"id":22538,"action":{"type":"block"},"condition":{"urlFilter":"||volleybal.nl/uploads/images/Logos/"},"priority":1},{"id":22585,"action":{"type":"block"},"condition":{"urlFilter":"||vtm.be^*-achtergrond-","initiatorDomains":["koken.vtm.be"]},"priority":201},{"id":22651,"action":{"type":"block"},"condition":{"urlFilter":"||vtm.be^*-header-","initiatorDomains":["koken.vtm.be"]},"priority":201},{"id":22712,"action":{"type":"block"},"condition":{"urlFilter":"||waarzo.nl/imagestore/banners/"},"priority":1},{"id":22754,"action":{"type":"block"},"condition":{"urlFilter":"||waarzo.nl/imagestore/site-banners/"},"priority":1},{"id":22801,"action":{"type":"block"},"condition":{"urlFilter":"||waldnet.nl/images/ac/"},"priority":1},{"id":22835,"action":{"type":"block"},"condition":{"urlFilter":"||wanttoknow.nl^*Banner"},"priority":1},{"id":22869,"action":{"type":"block"},"condition":{"urlFilter":"||watersport-tv.nl/content/31400/pages/clnt/"},"priority":1},{"id":22924,"action":{"type":"block"},"condition":{"urlFilter":"||webcam-aalsmeer.nl/media/banners/"},"priority":1},{"id":22970,"action":{"type":"block"},"condition":{"urlFilter":"||webcam-aalsmeer.nl/media/banners2/"},"priority":1},{"id":23017,"action":{"type":"block"},"condition":{"urlFilter":"||webcam-airport.nl/media/banners/"},"priority":1},{"id":23062,"action":{"type":"block"},"condition":{"urlFilter":"||webcam-airport.nl/media/banners2/"},"priority":1},{"id":23108,"action":{"type":"block"},"condition":{"urlFilter":"||webcam-binnenvaart.nl/media/banners/"},"priority":1},{"id":23157,"action":{"type":"block"},"condition":{"urlFilter":"||webcam-binnenvaart.nl/media/banners2/"},"priority":1},{"id":23207,"action":{"type":"block"},"condition":{"urlFilter":"||webcam-blokzijl.nl/media/banners/"},"priority":1},{"id":23253,"action":{"type":"block"},"condition":{"urlFilter":"||webcam-blokzijl.nl/media/banners2/"},"priority":1},{"id":23300,"action":{"type":"block"},"condition":{"urlFilter":"||webcam-brandaris.nl/media/banners/"},"priority":1},{"id":23347,"action":{"type":"block"},"condition":{"urlFilter":"||webcam-brandaris.nl/media/banners2/"},"priority":1},{"id":23395,"action":{"type":"block"},"condition":{"urlFilter":"||webcam-delfzijl.nl/media/banners/"},"priority":1},{"id":23441,"action":{"type":"block"},"condition":{"urlFilter":"||webcam-delfzijl.nl/media/banners2/"},"priority":1},{"id":23488,"action":{"type":"block"},"condition":{"urlFilter":"||webcam-denhelder.nl/media/banners/"},"priority":1},{"id":23535,"action":{"type":"block"},"condition":{"urlFilter":"||webcam-denhelder.nl/media/banners2/"},"priority":1},{"id":23583,"action":{"type":"block"},"condition":{"urlFilter":"||webcam-denoever.nl/media/banners/"},"priority":1},{"id":23629,"action":{"type":"block"},"condition":{"urlFilter":"||webcam-denoever.nl/media/banners2/"},"priority":1},{"id":23676,"action":{"type":"block"},"condition":{"urlFilter":"||webcam-dokkum.nl/media/banners/"},"priority":1},{"id":23720,"action":{"type":"block"},"condition":{"urlFilter":"||webcam-dokkum.nl/media/banners2/"},"priority":1},{"id":23765,"action":{"type":"block"},"condition":{"urlFilter":"||webcam-dordrecht.nl/media/banners/"},"priority":1},{"id":23812,"action":{"type":"block"},"condition":{"urlFilter":"||webcam-dordrecht.nl/media/banners2/"},"priority":1},{"id":23860,"action":{"type":"block"},"condition":{"urlFilter":"||webcam-enkhuizen.nl/media/banners/"},"priority":1},{"id":23907,"action":{"type":"block"},"condition":{"urlFilter":"||webcam-enkhuizen.nl/media/banners2/"},"priority":1},{"id":23955,"action":{"type":"block"},"condition":{"urlFilter":"||webcam-friesemeren.nl/media/banners/"},"priority":1},{"id":24004,"action":{"type":"block"},"condition":{"urlFilter":"||webcam-friesemeren.nl/media/banners2/"},"priority":1},{"id":24054,"action":{"type":"block"},"condition":{"urlFilter":"||webcam-grou.nl/media/banners/"},"priority":1},{"id":24096,"action":{"type":"block"},"condition":{"urlFilter":"||webcam-grou.nl/media/banners2/"},"priority":1},{"id":24139,"action":{"type":"block"},"condition":{"urlFilter":"||webcam-harlingen.nl/media/banners/"},"priority":1},{"id":24186,"action":{"type":"block"},"condition":{"urlFilter":"||webcam-harlingen.nl/media/banners2/"},"priority":1},{"id":24234,"action":{"type":"block"},"condition":{"urlFilter":"||webcam-havenijmuiden.nl/media/banners/"},"priority":1},{"id":24285,"action":{"type":"block"},"condition":{"urlFilter":"||webcam-havenijmuiden.nl/media/banners2/"},"priority":1},{"id":24337,"action":{"type":"block"},"condition":{"urlFilter":"||webcam-hindeloopen.nl/media/banners/"},"priority":1},{"id":24386,"action":{"type":"block"},"condition":{"urlFilter":"||webcam-hindeloopen.nl/media/banners2/"},"priority":1},{"id":24436,"action":{"type":"block"},"condition":{"urlFilter":"||webcam-hoekvanholland.nl/media/banners/"},"priority":1},{"id":24488,"action":{"type":"block"},"condition":{"urlFilter":"||webcam-hoekvanholland.nl/media/banners2/"},"priority":1},{"id":24541,"action":{"type":"block"},"condition":{"urlFilter":"||webcam-kampen.nl/media/banners/"},"priority":1},{"id":24585,"action":{"type":"block"},"condition":{"urlFilter":"||webcam-kampen.nl/media/banners2/"},"priority":1},{"id":24630,"action":{"type":"block"},"condition":{"urlFilter":"||webcam-lauwersoog.nl/media/banners/"},"priority":1},{"id":24678,"action":{"type":"block"},"condition":{"urlFilter":"||webcam-lauwersoog.nl/media/banners2/"},"priority":1},{"id":24727,"action":{"type":"block"},"condition":{"urlFilter":"||webcam-leeuwarden.nl/media/banners/"},"priority":1},{"id":24775,"action":{"type":"block"},"condition":{"urlFilter":"||webcam-leeuwarden.nl/media/banners2/"},"priority":1},{"id":24824,"action":{"type":"block"},"condition":{"urlFilter":"||webcam-lelystad.nl/media/banners/"},"priority":1},{"id":24870,"action":{"type":"block"},"condition":{"urlFilter":"||webcam-lelystad.nl/media/banners2/"},"priority":1},{"id":24917,"action":{"type":"block"},"condition":{"urlFilter":"||webcam-maassluis.nl/media/banners/"},"priority":1},{"id":24964,"action":{"type":"block"},"condition":{"urlFilter":"||webcam-maassluis.nl/media/banners2/"},"priority":1},{"id":25012,"action":{"type":"block"},"condition":{"urlFilter":"||webcam-maastricht.nl/media/banners/"},"priority":1},{"id":25060,"action":{"type":"block"},"condition":{"urlFilter":"||webcam-maastricht.nl/media/banners2/"},"priority":1},{"id":25109,"action":{"type":"block"},"condition":{"urlFilter":"||webcam-marken.nl/media/banners/"},"priority":1},{"id":25153,"action":{"type":"block"},"condition":{"urlFilter":"||webcam-marken.nl/media/banners2/"},"priority":1},{"id":25198,"action":{"type":"block"},"condition":{"urlFilter":"||webcam-monnickendam.nl/media/banners/"},"priority":1},{"id":25248,"action":{"type":"block"},"condition":{"urlFilter":"||webcam-monnickendam.nl/media/banners2/"},"priority":1},{"id":25299,"action":{"type":"block"},"condition":{"urlFilter":"||webcam-rotterdam.nl/media/banners/"},"priority":1},{"id":25346,"action":{"type":"block"},"condition":{"urlFilter":"||webcam-rotterdam.nl/media/banners2/"},"priority":1},{"id":25394,"action":{"type":"block"},"condition":{"urlFilter":"||webcam-sneek.nl/media/banners/"},"priority":1},{"id":25437,"action":{"type":"block"},"condition":{"urlFilter":"||webcam-sneek.nl/media/banners2/"},"priority":1},{"id":25481,"action":{"type":"block"},"condition":{"urlFilter":"||webcam-terneuzen.nl/media/banners/"},"priority":1},{"id":25528,"action":{"type":"block"},"condition":{"urlFilter":"||webcam-terneuzen.nl/media/banners2/"},"priority":1},{"id":25576,"action":{"type":"block"},"condition":{"urlFilter":"||webcam-vlaardingen.nl/media/banners/"},"priority":1},{"id":25625,"action":{"type":"block"},"condition":{"urlFilter":"||webcam-vlaardingen.nl/media/banners2/"},"priority":1},{"id":25675,"action":{"type":"block"},"condition":{"urlFilter":"||webcam-volendam.nl/media/banners/"},"priority":1},{"id":25721,"action":{"type":"block"},"condition":{"urlFilter":"||webcam-volendam.nl/media/banners2/"},"priority":1},{"id":25768,"action":{"type":"block"},"condition":{"urlFilter":"||webcam-workum.nl//media/banners/"},"priority":1},{"id":25813,"action":{"type":"block"},"condition":{"urlFilter":"||webcam-workum.nl/media/banners2/"},"priority":1},{"id":25858,"action":{"type":"block"},"condition":{"urlFilter":"||webcam-zaanzicht.nl/media/banners/"},"priority":1},{"id":25905,"action":{"type":"block"},"condition":{"urlFilter":"||webcam-zaanzicht.nl/media/banners2/"},"priority":1},{"id":25953,"action":{"type":"block"},"condition":{"urlFilter":"||webcam-zoutkamp.nl/media/banners/"},"priority":1},{"id":25999,"action":{"type":"block"},"condition":{"urlFilter":"||webcam-zoutkamp.nl/media/banners2/"},"priority":1},{"id":26046,"action":{"type":"block"},"condition":{"urlFilter":"||webcam-zwartsluis.nl/media/banners/"},"priority":1},{"id":26094,"action":{"type":"block"},"condition":{"urlFilter":"||webcam-zwartsluis.nl/media/banners2/"},"priority":1},{"id":26143,"action":{"type":"block"},"condition":{"urlFilter":"||webcams-ameland.nl/media/banners/"},"priority":1},{"id":26189,"action":{"type":"block"},"condition":{"urlFilter":"||webcams-ameland.nl/media/banners2/"},"priority":1},{"id":26236,"action":{"type":"block"},"condition":{"urlFilter":"||webcams-scheveningen.nl/media/banners/"},"priority":1},{"id":26287,"action":{"type":"block"},"condition":{"urlFilter":"||webcams-scheveningen.nl/media/banners2/"},"priority":1},{"id":26339,"action":{"type":"block"},"condition":{"urlFilter":"||webcams-texel.nl/media/banners/"},"priority":1},{"id":26383,"action":{"type":"block"},"condition":{"urlFilter":"||webcams-texel.nl/media/banners2/"},"priority":1},{"id":26428,"action":{"type":"block"},"condition":{"urlFilter":"||webcams-vlissingen.nl/media/banners/"},"priority":1},{"id":26477,"action":{"type":"block"},"condition":{"urlFilter":"||webcams-vlissingen.nl/media/banners2/"},"priority":1},{"id":26527,"action":{"type":"block"},"condition":{"urlFilter":"||webcamschiermonnikoog.nl/media/banners/"},"priority":1},{"id":26579,"action":{"type":"block"},"condition":{"urlFilter":"||webcamschiermonnikoog.nl/media/banners2/"},"priority":1},{"id":26632,"action":{"type":"block"},"condition":{"urlFilter":"||webcamvlieland.nl/media/banners/"},"priority":1},{"id":26677,"action":{"type":"block"},"condition":{"urlFilter":"||webcamvlieland.nl/media/banners2/"},"priority":1},{"id":26723,"action":{"type":"block"},"condition":{"urlFilter":"||webstick.nl/images/images-ads/"},"priority":1},{"id":26766,"action":{"type":"block"},"condition":{"urlFilter":"||wereldstopcontacten.nl/wp-content/uploads/*/image-aff-nl.jpg"},"priority":1},{"id":26839,"action":{"type":"block"},"condition":{"urlFilter":"||wieringernieuws.nl/gfx/ads/"},"priority":1},{"id":26879,"action":{"type":"block"},"condition":{"urlFilter":"||wijchensnieuws.nl/uploads/banners/"},"priority":1},{"id":26926,"action":{"type":"block"},"condition":{"urlFilter":"||wildfm.nl/wp-content/uploads/*/thumbnail_image002.png"},"priority":1},{"id":26992,"action":{"type":"block"},"condition":{"urlFilter":"||willem-ii.nl/banner/"},"priority":1},{"id":27025,"action":{"type":"block"},"condition":{"urlFilter":"||wp.com/amsterdamactueel.nl/wp-content/uploads/*/728x60_"},"priority":1},{"id":27093,"action":{"type":"block"},"condition":{"urlFilter":"||wp.com/romagazine.nl/14nwsite/wp-content/uploads/2021/07/amstelveen.jpg"},"priority":1},{"id":27177,"action":{"type":"block"},"condition":{"urlFilter":"||wp.com/romagazine.nl/14nwsite/wp-content/uploads/2021/07/Coordinatoromgevingsvergunningen-Rijksoverheid-"},"priority":1},{"id":27294,"action":{"type":"block"},"condition":{"urlFilter":"||wp.com/romagazine.nl/14nwsite/wp-content/uploads/2021/07/enschede.png"},"priority":1},{"id":27376,"action":{"type":"block"},"condition":{"urlFilter":"||wp.com/romagazine.nl/14nwsite/wp-content/uploads/2021/07/rijksoverheid-"},"priority":1},{"id":27460,"action":{"type":"block"},"condition":{"urlFilter":"||wp.com/romagazine.nl/14nwsite/wp-content/uploads/2021/07/seniorprojectleideralmelo.jpg"},"priority":1},{"id":27559,"action":{"type":"block"},"condition":{"urlFilter":"||wp.com/www.appletips.nl/wp-content/uploads/amacdeals.jpg"},"priority":1},{"id":27628,"action":{"type":"block"},"condition":{"urlFilter":"||wp.com/www.appletips.nl/wp-content/uploads/cnmx.png"},"priority":1},{"id":27692,"action":{"type":"block"},"condition":{"urlFilter":"||wp.com/www.appletips.nl/wp-content/uploads/upgreatest1.png"},"priority":1},{"id":27763,"action":{"type":"block"},"condition":{"urlFilter":"||wp.com/www.regionoordkop.nl/wp-content/uploads/*/banner-"},"priority":1},{"id":27832,"action":{"type":"block"},"condition":{"urlFilter":"||wp.com/www.regionoordkop.nl/wp-content/uploads/*/Bdijknov2016336x280.gif"},"priority":1},{"id":27917,"action":{"type":"block"},"condition":{"urlFilter":"||wp.com/www.regionoordkop.nl/wp-content/uploads/*/Costa.jpg"},"priority":1},{"id":27988,"action":{"type":"block"},"condition":{"urlFilter":"||yachtfocus.com^*/bnr/"},"priority":1},{"id":28022,"action":{"type":"block"},"condition":{"urlFilter":"||zilverengoudkopen.nl/banners/"},"priority":1},{"id":28064,"action":{"type":"block"},"condition":{"urlFilter":"||zoekhulp.nl/img/bnr-"},"priority":1},{"id":28097,"action":{"type":"block"},"condition":{"urlFilter":"||zwartewaterfm.nl/images/SponsorenZwarteWaterFM.jpg"},"priority":1},{"id":28400,"action":{"type":"allow"},"condition":{"urlFilter":"||2mdn.net/instream/html5/ima3.js","initiatorDomains":["autoblog.bbvms.com","omroepbrabant.nl"],"resourceTypes":["script"]},"priority":100251},{"id":28508,"action":{"type":"allow"},"condition":{"urlFilter":"||ads.nextday.media/prebid/jw-video/7.43.0.min.js","initiatorDomains":["vi.nl"]},"priority":100201},{"id":28593,"action":{"type":"allow"},"condition":{"urlFilter":"||ads.viralize.tv/display/?zid=","initiatorDomains":["crime-nieuws.nl"],"resourceTypes":["script"]},"priority":100301},{"id":28679,"action":{"type":"allow"},"condition":{"urlFilter":"||advertising-module.api.dpgmedia.cloud/video/","initiatorDomains":["sportnieuws.nl"],"resourceTypes":["xmlhttprequest"]},"priority":100301},{"id":28779,"action":{"type":"allow"},"condition":{"urlFilter":"||aka.spotxcdn.com/integration/ados/v1/ados.js","initiatorDomains":["radioluisteren.fm"],"resourceTypes":["script"]},"priority":100301},{"id":28882,"action":{"type":"allow"},"condition":{"urlFilter":"||cdn.bluebillywig.com/scripts/prebid/*/bluebillywig_pbjs.js","initiatorDomains":["autoblog.bbvms.com"],"resourceTypes":["script"]},"priority":100301},{"id":29000,"action":{"type":"allow"},"condition":{"urlFilter":"||cdn.spotxcdn.com/integration/easi/v1/easi.js","initiatorDomains":["radioluisteren.fm"],"resourceTypes":["script"]},"priority":100301},{"id":29103,"action":{"type":"allow"},"condition":{"urlFilter":"||files.skoften.net/website/lib/vjs/plugins/ads/videojs.ads.min.js","domainType":"firstParty","resourceTypes":["script"]},"priority":100102},{"id":29204,"action":{"type":"allow"},"condition":{"urlFilter":"||imasdk.googleapis.com/js/core/bridge*.html","initiatorDomains":["vtm.be"],"resourceTypes":["sub_frame"]},"priority":100301},{"id":29294,"action":{"type":"allow"},"condition":{"urlFilter":"||imasdk.googleapis.com/js/sdkloader/ima3.js","initiatorDomains":["crime-nieuws.nl","dailybuzz.nl","skoften.net","sportnieuws.nl","vtm.be","weerplaza.nl"]},"priority":100118},{"id":29444,"action":{"type":"allow"},"condition":{"urlFilter":"||improvedigital.com/pbw/headerlift.min.js","initiatorDomains":["spelletjes.nl"]},"priority":100201},{"id":29530,"action":{"type":"allow"},"condition":{"urlFilter":"||js.spotx.tv/ados/v1/106185.js","initiatorDomains":["radioluisteren.fm"],"resourceTypes":["script"]},"priority":100301},{"id":29618,"action":{"type":"allow"},"condition":{"urlFilter":"||massariuscdn.com/pubs/","initiatorDomains":["dailybuzz.nl","radio.nl","welingelichtekringen.nl"],"resourceTypes":["script"]},"priority":100235},{"id":29727,"action":{"type":"allow"},"condition":{"urlFilter":"||mmcdn.nl/tags/vkmag.com/pagina.js","initiatorDomains":["vkmag.com"],"resourceTypes":["script"]},"priority":100301},{"id":29811,"action":{"type":"allow"},"condition":{"urlFilter":"||monetize-static.viralize.tv/viralize_player_content.","initiatorDomains":["crime-nieuws.nl"],"resourceTypes":["script"]},"priority":100301},{"id":29920,"action":{"type":"allow"},"condition":{"urlFilter":"||search.spotxchange.com/js/spotx.js","initiatorDomains":["radioluisteren.fm"],"resourceTypes":["script"]},"priority":100301},{"id":30013,"action":{"type":"allow"},"condition":{"urlFilter":"||sync.search.spotxchange.com/partner?source=easi","initiatorDomains":["radioluisteren.fm"],"resourceTypes":["image"]},"priority":100301},{"id":30119,"action":{"type":"allow"},"condition":{"urlFilter":"||tools.vpscash.nl/datingv3/docs/plug_and_play/","initiatorDomains":["flirtmee.nl"],"resourceTypes":["sub_frame"]},"priority":100301},{"id":30217,"action":{"type":"allow"},"condition":{"urlFilter":"||adserver.hollandcasino.nl^","initiatorDomains":["onlinecasinoground.nl"],"resourceTypes":["main_frame"]},"priority":100201},{"id":30306,"action":{"type":"allow"},"condition":{"urlFilter":"||images.2dehands.com/api/v1/listing-twh-p/images/ad/","initiatorDomains":["2dehands.be"],"resourceTypes":["image"]},"priority":100301},{"id":30410,"action":{"type":"allow"},"condition":{"urlFilter":"||showmodeluitverkoop.nl/upload/advertentie/"},"priority":100001},{"id":30465,"action":{"type":"allow"},"condition":{"urlFilter":"||sliedrecht24.nl/wp-content/uploads/2022/02/Banner-300x250-1.jpg.webp"},"priority":100001},{"id":30546,"action":{"type":"allow"},"condition":{"urlFilter":"||te-les-koop.nl/advertenties.php"},"priority":100001},{"id":30590,"action":{"type":"allow"},"condition":{"urlFilter":"||zilverengoudkopen.nl/banners/header.jpg"},"priority":100001},{"id":30642,"action":{"type":"allow"},"condition":{"urlFilter":"||zilverengoudkopen.nl/banners/onder.jpg"},"priority":100001},{"id":30693,"action":{"type":"allow"},"condition":{"urlFilter":"||vinatera.be/wp-content/uploads/*_300x600.","domainType":"firstParty","resourceTypes":["image"]},"priority":100102},{"id":105143,"action":{"type":"block"},"condition":{"urlFilter":"||cryptosplash.care^"},"priority":1},{"id":105174,"action":{"type":"block"},"condition":{"urlFilter":"||cryptobeneluxbanner.care^"},"priority":1},{"id":105212,"action":{"type":"block"},"condition":{"urlFilter":"||cdn.optoutadvertising.com^"},"priority":1},{"id":105251,"action":{"type":"block"},"condition":{"urlFilter":"||pexi.nl^","domainType":"thirdParty"},"priority":2},{"id":105287,"action":{"type":"block"},"condition":{"urlFilter":"||adconfigproxy.azurewebsites.net^","domainType":"thirdParty"},"priority":2},{"id":105347,"action":{"type":"block"},"condition":{"urlFilter":"||kjdsfjisdfjr23.azurewebsites.net^"},"priority":1},{"id":105393,"action":{"type":"block"},"condition":{"urlFilter":"||content2.nrc.nl^"},"priority":1},{"id":105422,"action":{"type":"block"},"condition":{"urlFilter":"||aa.hwigroup.com^"},"priority":1},{"id":105451,"action":{"type":"block"},"condition":{"urlFilter":"||ab.hwigroup.com^"},"priority":1},{"id":105480,"action":{"type":"block"},"condition":{"urlFilter":"||aa.tweakers.nl^"},"priority":1},{"id":105508,"action":{"type":"block"},"condition":{"urlFilter":"||ab.tweakers.nl^"},"priority":1},{"id":105536,"action":{"type":"allow"},"condition":{"urlFilter":"/ad_pics/*","initiatorDomains":["computerworld.nl","webwereld.nl"],"resourceTypes":["image"]},"priority":100251},{"id":105615,"action":{"type":"allow"},"condition":{"urlFilter":"||tweakers.net/i^"},"priority":100001},{"id":105643,"action":{"type":"allow"},"condition":{"urlFilter":"||content.hwigroup.net/images^","initiatorDomains":["hardware.info"]},"priority":100201},{"id":105985,"action":{"type":"allow"},"condition":{"urlFilter":"||looopings.nl/*.js","domainType":"firstParty","resourceTypes":["script"]},"priority":100102},{"id":107481,"action":{"type":"allow"},"condition":{"urlFilter":"||aa.tweakers.nl/json","initiatorDomains":["tweakers.net"]},"priority":100201},{"id":107545,"action":{"type":"allow"},"condition":{"urlFilter":"/prebid/ad.gif?user=*&adId=","initiatorDomains":["kijk.nl"]},"priority":100201},{"id":107610,"action":{"type":"allow"},"condition":{"urlFilter":"||ads-talpa.adhese.com/json/","initiatorDomains":["kijk.nl"]},"priority":100201},{"id":107843,"action":{"type":"redirect","redirect":{"extensionPath":"/web-accessible-resources/redirects/googletagservices-gpt.js"}},"condition":{"urlFilter":"||securepubads.g.doubleclick.net/tag/js/gpt.js","initiatorDomains":["goplay.be"],"resourceTypes":["script"]},"priority":1301},{"id":107952,"action":{"type":"allow"},"condition":{"urlFilter":"||pubads.g.doubleclick.net/ondemand/*/content/*/vid/*/streams","initiatorDomains":["goplay.be"]},"priority":100201},{"id":108053,"action":{"type":"block"},"condition":{"urlFilter":"||pubads.g.doubleclick.net/ondemand/*/content/*/vid/*/streams/*/time-events.json","initiatorDomains":["goplay.be"]},"priority":1000201},{"id":108385,"action":{"type":"allow"},"condition":{"urlFilter":"||imasdk.googleapis.com/js/sdkloader/ima3_dai.js","initiatorDomains":["goplay.be"],"resourceTypes":["script"]},"priority":100301},{"id":108482,"action":{"type":"redirect","redirect":{"extensionPath":"/web-accessible-resources/redirects/noopjs.js"}},"condition":{"urlFilter":"||imasdk.googleapis.com/js/sdkloader/ima3.js","initiatorDomains":["goplay.be"],"resourceTypes":["script"]},"priority":1301},{"id":108589,"action":{"type":"block"},"condition":{"urlFilter":"||goplay.be/js/sourcepoint/msg?v="},"priority":1},{"id":109088,"action":{"type":"allow"},"condition":{"urlFilter":"||videoplayer.dpgmedia.net/*/ad_smartads_.js","initiatorDomains":["vtm.be"]},"priority":100201},{"id":109169,"action":{"type":"block"},"condition":{"urlFilter":"||knack.be/js/responsive/rmgAdCheck.js"},"priority":1},{"id":109448,"action":{"type":"allow"},"condition":{"urlFilter":"||indeleiderstrui.nl/media/","resourceTypes":["image"]},"priority":100101},{"id":109501,"action":{"type":"allow"},"condition":{"urlFilter":"||videoplayer.persgroep.be/*/ad_smartads_.js","initiatorDomains":["vtm.be"]},"priority":100201},{"id":109582,"action":{"type":"block"},"condition":{"urlFilter":"||a.medialaancdn.be^"},"priority":1},{"id":109613,"action":{"type":"allow"},"condition":{"urlFilter":"||embed.kijk.nl/talpa-jw-skin/js/adsbygoogle.js","initiatorDomains":["embed.kijk.nl"],"resourceTypes":["script"]},"priority":100301},{"id":109778,"action":{"type":"allow"},"condition":{"urlFilter":"||static.webwereld.nl/javascripts/advert.js"},"priority":100001},{"id":109832,"action":{"type":"allow"},"condition":{"urlFilter":"||v.fwmrm.net/ad/g/1","initiatorDomains":["player.medialaancdn.be","vtm.be"]},"priority":100151},{"id":110235,"action":{"type":"allow"},"condition":{"urlFilter":"||static.buienradar.nl/resources/js/advertisement.js"},"priority":100001},{"id":111360,"action":{"type":"block"},"condition":{"urlFilter":"||hfg.iuknyw5evnygw9v.nl/*?*=omroepzeeland&direct="},"priority":1},{"id":111421,"action":{"type":"block"},"condition":{"urlFilter":"||2mdn.net/instream/html5/ima3.js","initiatorDomains":["omroepzeeland.nl"]},"priority":1000201},{"id":112059,"action":{"type":"block"},"condition":{"urlFilter":"||biernet.nl/site/plugins/bja_new/redirect.php"},"priority":1},{"id":112516,"action":{"type":"block"},"condition":{"urlFilter":"||cdn.aa.onstuimig.nl/mega-publishers/nieuwspaal.nl.js"},"priority":1},{"id":117741,"action":{"type":"block"},"condition":{"urlFilter":"||e*.knack.be/rest/dialogues/files/*/Banner_Notificaties_AppInstall"},"priority":1},{"id":118165,"action":{"type":"block"},"condition":{"urlFilter":"||tweakers.net/*/build/banners.*.js"},"priority":1},{"id":118492,"action":{"type":"block"},"condition":{"urlFilter":"||itnijs.frl/wp-content/uploads/2017/10/bannerItNijs"},"priority":1},{"id":119412,"action":{"type":"block"},"condition":{"urlFilter":"||widget.vpnnederland.nl/VPNNederland-widget.js","initiatorDomains":["nzbserver.com"]},"priority":201},{"id":120413,"action":{"type":"block"},"condition":{"urlFilter":"||almere-nieuws.nl/banners_*.html"},"priority":1},{"id":120719,"action":{"type":"block"},"condition":{"urlFilter":"||developers.affiliateprogramma.eu/content-wrapper/general.js","initiatorDomains":["autobahn.eu"]},"priority":201},{"id":120822,"action":{"type":"block"},"condition":{"urlFilter":"||cdn.ster.nl/banners^"},"priority":1},{"id":121747,"action":{"type":"block"},"condition":{"urlFilter":"||handbalstartpunt.nl/*/uploads_filemanager/Banner"},"priority":1},{"id":121979,"action":{"type":"block"},"condition":{"urlFilter":"||gic.nl/uploads/fckconnector/","resourceTypes":["image"]},"priority":101},{"id":122305,"action":{"type":"block"},"condition":{"urlFilter":"||nnieuws.be/sites/default/files/banner-*.gif"},"priority":1},{"id":122361,"action":{"type":"block"},"condition":{"urlFilter":"||nnieuws.be/sites/default/files/*-300x300*.gif"},"priority":1},{"id":122419,"action":{"type":"block"},"condition":{"urlFilter":"||oozo.nl/images/zzpbanner.png"},"priority":1},{"id":123495,"action":{"type":"block"},"condition":{"urlFilter":"||mediareader.omroepwest.nl/gaslicht^"},"priority":1},{"id":123543,"action":{"type":"block"},"condition":{"urlFilter":"||unity.nu/media/*/BANNERS/"},"priority":1},{"id":123581,"action":{"type":"block"},"condition":{"urlFilter":"||topomania.net/sites/topomania.net/images/pacnum-promo.png"},"priority":1},{"id":123713,"action":{"type":"block"},"condition":{"urlFilter":"||pornozot.com/js/compiled/exo-"},"priority":1},{"id":123755,"action":{"type":"block"},"condition":{"urlFilter":"||pornozot.com/js/compiled/custom-vendor.js"},"priority":1},{"id":124258,"action":{"type":"block"},"condition":{"urlFilter":"||iframe.gsminfo.nl/*/populair-beknopt^","initiatorDomains":["allaboutphones.nl"]},"priority":201},{"id":126110,"action":{"type":"block"},"condition":{"urlFilter":"||bs.serving-sys.com/BurstingPipe/adServer.bs","initiatorDomains":["kijk.nl"]},"priority":201},{"id":126193,"action":{"type":"block"},"condition":{"urlFilter":"||cdn.sbsnet.nl/creatives/assets/*.mp4","initiatorDomains":["kijk.nl"]},"priority":201},{"id":126269,"action":{"type":"block"},"condition":{"urlFilter":"||d33t3vvu2t2yu5.cloudfront.net^","initiatorDomains":["nl.express.live"]},"priority":201},{"id":126347,"action":{"type":"block"},"condition":{"urlFilter":"||diomerc.com/baner/"},"priority":1},{"id":126378,"action":{"type":"block"},"condition":{"urlFilter":"||m.telegraaf.nl/static/lib/bva-widget.html?without-raid"},"priority":1},{"id":126445,"action":{"type":"block"},"condition":{"urlFilter":"||pcnltelecom.tdsapi.com/portal/iframe.js"},"priority":1},{"id":126497,"action":{"type":"block"},"condition":{"urlFilter":"||serving-sys.com/*.mp4^","initiatorDomains":["kijk.nl"]},"priority":201},{"id":126559,"action":{"type":"block"},"condition":{"urlFilter":"||totaaltv.nl/upload/Banner-sep-astrasat.gif"},"priority":1},{"id":126873,"action":{"type":"allow"},"condition":{"urlFilter":"||mmcdn.nl/tags/vkmag.com/"},"priority":100001},{"id":127030,"action":{"type":"allow"},"condition":{"urlFilter":"||markup.nieuwsblad.be/extra/assets/advertising/dfp-setup.js"},"priority":100001},{"id":127101,"action":{"type":"allow"},"condition":{"urlFilter":"||markup.nieuwsblad.be/extra/assets/advertising/prebid.js"},"priority":100001},{"id":127169,"action":{"type":"redirect","redirect":{"extensionPath":"/web-accessible-resources/redirects/googletagservices-gpt.js"}},"condition":{"urlFilter":"||securepubads.g.doubleclick.net/tag/js/gpt.js","initiatorDomains":["nieuwsblad.be"],"resourceTypes":["script"]},"priority":1301},{"id":127282,"action":{"type":"allow"},"condition":{"urlFilter":"||securepubads.g.doubleclick.net/gpt/pubads_impl_*.js","initiatorDomains":["standaard.be"]},"priority":100201},{"id":127378,"action":{"type":"allow"},"condition":{"urlFilter":"||securepubads.g.doubleclick.net/tag/js/gpt.js","initiatorDomains":["standaard.be"]},"priority":100201},{"id":127467,"action":{"type":"allow"},"condition":{"urlFilter":"||markup.standaard.be/extra/assets/advertising/dfp-setup.js"},"priority":100001},{"id":127537,"action":{"type":"allow"},"condition":{"urlFilter":"||markup.standaard.be/extra/assets/advertising/prebid.js"},"priority":100001},{"id":127604,"action":{"type":"allow"},"condition":{"urlFilter":"||player.ooyala.com/static/*/ad-plugin/","initiatorDomains":["qmusic.nl"]},"priority":100201},{"id":127683,"action":{"type":"allow"},"condition":{"urlFilter":"||kpn.com^","domainType":"thirdParty"},"priority":100002},{"id":127813,"action":{"type":"allow"},"condition":{"urlFilter":"||media.boomads.com/images^","initiatorDomains":["telegraaf.nl"]},"priority":100201},{"id":127883,"action":{"type":"allow"},"condition":{"urlFilter":"||publiekeomroep.nl^","initiatorDomains":["cinema.nl"],"resourceTypes":["stylesheet","script"]},"priority":100276}]