[{"id":5,"action":{"type":"block"},"condition":{"urlFilter":".com/cpc/","resourceTypes":["script"]},"priority":101},{"id":40,"action":{"type":"block"},"condition":{"urlFilter":".com/qc/"},"priority":1},{"id":59,"action":{"type":"block"},"condition":{"urlFilter":".net/ads/","excludedInitiatorDomains":["linkneverdie.net"]},"priority":2},{"id":116,"action":{"type":"block"},"condition":{"urlFilter":".net/cpf/","resourceTypes":["script"]},"priority":101},{"id":151,"action":{"type":"block"},"condition":{"urlFilter":".tv/ads/","resourceTypes":["sub_frame","script","image"]},"priority":68},{"id":203,"action":{"type":"block"},"condition":{"urlFilter":".vn/Ad/"},"priority":1},{"id":221,"action":{"type":"block"},"condition":{"urlFilter":".vn/c3s-ad/","resourceTypes":["xmlhttprequest"]},"priority":101},{"id":258,"action":{"type":"block"},"condition":{"urlFilter":".vn/qc/"},"priority":1},{"id":276,"action":{"type":"block"},"condition":{"urlFilter":"/Content/JS/jwplayer/vast.js","resourceTypes":["script"]},"priority":101},{"id":330,"action":{"type":"block"},"condition":{"urlFilter":"/_BannerSlot.aspx","initiatorDomains":["bongdaso66.net"],"resourceTypes":["sub_frame"]},"priority":301},{"id":401,"action":{"type":"block"},"condition":{"urlFilter":"/aas/r45d/vki/*","resourceTypes":["script"]},"priority":101},{"id":442,"action":{"type":"block"},"condition":{"urlFilter":"/ads/*.gif"},"priority":1},{"id":463,"action":{"type":"block"},"condition":{"urlFilter":"/ads/*.xml","resourceTypes":["xmlhttprequest"]},"priority":101},{"id":499,"action":{"type":"block"},"condition":{"urlFilter":"/ads/popup_"},"priority":1},{"id":521,"action":{"type":"block"},"condition":{"urlFilter":"/adv/*","initiatorDomains":["bongdaso66.net"],"resourceTypes":["image"]},"priority":301},{"id":581,"action":{"type":"block"},"condition":{"urlFilter":"/banner-ads."},"priority":1},{"id":604,"action":{"type":"block"},"condition":{"urlFilter":"/banner/*.gif","excludedInitiatorDomains":["marsvenus.vn"]},"priority":2},{"id":661,"action":{"type":"block"},"condition":{"urlFilter":"/beardeddragon","resourceTypes":["script"]},"priority":101},{"id":701,"action":{"type":"block"},"condition":{"urlFilter":"/blueserving."},"priority":1},{"id":725,"action":{"type":"block"},"condition":{"urlFilter":"/cms/Arfcc.min.js","domainType":"thirdParty","initiatorDomains":["cafef.vn","gamek.vn","genk.vn","kenh14.vn","soha.vn","tuoitre.vn","afamily.vn","thanhnien.vn"],"resourceTypes":["script"]},"priority":215},{"id":869,"action":{"type":"block"},"condition":{"urlFilter":"/cms/arf-","domainType":"thirdParty","initiatorDomains":["cafef.vn","gamek.vn","genk.vn","kenh14.vn","soha.vn","tuoitre.vn","afamily.vn"],"resourceTypes":["script"]},"priority":217},{"id":992,"action":{"type":"block"},"condition":{"urlFilter":"/core/*","initiatorDomains":["gamek.vn","genk.vn","kenh14.vn","cafef.vn","thanhnien.vn"],"resourceTypes":["script"]},"priority":221},{"id":1087,"action":{"type":"block"},"condition":{"urlFilter":"/detroitchicago","resourceTypes":["script"]},"priority":101},{"id":1128,"action":{"type":"block"},"condition":{"urlFilter":"/disable-devtool.min.js","resourceTypes":["script"]},"priority":101},{"id":1177,"action":{"type":"block"},"condition":{"urlFilter":"/giadinhonline.vn/files/qc/*"},"priority":1},{"id":1216,"action":{"type":"block"},"condition":{"urlFilter":"/i.imgur.com","initiatorDomains":["xemphimchill.xyz"]},"priority":201},{"id":1275,"action":{"type":"block"},"condition":{"urlFilter":"/i.imgur.com/*.gif","initiatorDomains":["keonhacai55.cc","phimlongtieng.net","www.phimdinhcaoz.com","phimdinhcao.net","xoilacxj.cc","90phutz46.live","vebozk.cc","cakhiai.cc","listnhacai88.com","xoilaczz63.live","xemtivingon.org","www.phimchaua.com","mitomvh.cc","rakhoih.cc","plcdn.xyz","phimmoi.ing","motphimww.net"]},"priority":107},{"id":1567,"action":{"type":"block"},"condition":{"urlFilter":"/mmo/*","initiatorDomains":["vuighe4.com"],"resourceTypes":["image","xmlhttprequest"]},"priority":276},{"id":1633,"action":{"type":"block"},"condition":{"urlFilter":"/newchill/*gif","resourceTypes":["image"]},"priority":101},{"id":1673,"action":{"type":"block"},"condition":{"urlFilter":"/polyad."},"priority":1},{"id":1692,"action":{"type":"block"},"condition":{"urlFilter":"/pop.js","initiatorDomains":["motchill.so","ohaytv.ad"],"resourceTypes":["script"]},"priority":251},{"id":1760,"action":{"type":"block"},"condition":{"urlFilter":"/popunder7."},"priority":1},{"id":1782,"action":{"type":"block"},"condition":{"urlFilter":"/porpoiseant","resourceTypes":["script"]},"priority":101},{"id":1820,"action":{"type":"block"},"condition":{"urlFilter":"/qcao/*","excludedInitiatorDomains":["thegioididong.com"]},"priority":2},{"id":1876,"action":{"type":"block"},"condition":{"urlFilter":"/quang%20cao/*"},"priority":1},{"id":1901,"action":{"type":"block"},"condition":{"urlFilter":"/quang_cao/*"},"priority":1},{"id":1924,"action":{"type":"block"},"condition":{"urlFilter":"/quangcao."},"priority":1},{"id":1945,"action":{"type":"block"},"condition":{"urlFilter":"/quangcao/*"},"priority":1},{"id":1967,"action":{"type":"block"},"condition":{"urlFilter":"/root/ads/*"},"priority":1},{"id":1989,"action":{"type":"block"},"condition":{"urlFilter":"/sbbanner.com"},"priority":1},{"id":2013,"action":{"type":"block"},"condition":{"urlFilter":"/script/oneAds.js","domainType":"firstParty","resourceTypes":["script"]},"priority":102},{"id":2065,"action":{"type":"block"},"condition":{"urlFilter":"/siropu/am/core.min.js","resourceTypes":["script"]},"priority":101},{"id":2113,"action":{"type":"block"},"condition":{"urlFilter":"/storage.adpia.vn","resourceTypes":["script","image"]},"priority":76},{"id":2165,"action":{"type":"block"},"condition":{"urlFilter":"/stores/ads_data/*"},"priority":1},{"id":2194,"action":{"type":"block"},"condition":{"urlFilter":"/taichinhdoanhnghiep.net.vn/files/qc"},"priority":1},{"id":2241,"action":{"type":"block"},"condition":{"urlFilter":"/tracking_info.gif","initiatorDomains":["cafef.vn","gamek.vn","genk.vn","kenh14.vn","soha.vn","tuoitre.vn","afamily.vn","thanhnien.vn"]},"priority":114},{"id":2368,"action":{"type":"block"},"condition":{"urlFilter":"/v/*/vast.js","excludedInitiatorDomains":["cdn2.kenhvn2.com"],"resourceTypes":["script"]},"priority":102},{"id":2437,"action":{"type":"block"},"condition":{"urlFilter":"/vast.js","initiatorDomains":["phimmoi.tuphim.net","boctem.com","hayhaytv.org","phimdacap.tv","hoathinhtq.site","tvhay26.com","tvzinghd.co","player.cloudbeta.win"],"resourceTypes":["script"]},"priority":214},{"id":2601,"action":{"type":"block"},"condition":{"urlFilter":"/videojs.ads.","excludedInitiatorDomains":["danet.vn"]},"priority":2},{"id":2654,"action":{"type":"block"},"condition":{"urlFilter":"/videojs.ima.js","excludedInitiatorDomains":["jut.su","earthcam.com"]},"priority":2},{"id":2721,"action":{"type":"block"},"condition":{"urlFilter":"/wp-auto-affiliate-links/*"},"priority":1},{"id":2758,"action":{"type":"block"},"condition":{"urlFilter":"||10gb.vn/assets/ads/"},"priority":1},{"id":2790,"action":{"type":"block"},"condition":{"urlFilter":"||123nhadatviet.com/Media/CK/banners/"},"priority":1},{"id":2838,"action":{"type":"block"},"condition":{"urlFilter":"||123nhadatviet.net/Media/CK/banners/"},"priority":1},{"id":2886,"action":{"type":"block"},"condition":{"urlFilter":"||2banh.vn/images/banners/"},"priority":1},{"id":2923,"action":{"type":"block"},"condition":{"urlFilter":"||acscdn.com/script/aclib.js","initiatorDomains":["ytstv.me"],"resourceTypes":["script"]},"priority":301},{"id":2999,"action":{"type":"block"},"condition":{"urlFilter":"||ads*.autodaily.vn"},"priority":1},{"id":3029,"action":{"type":"block"},"condition":{"urlFilter":"||ads.nghenhinvietnam.vn^","initiatorDomains":["nghenhinvietnam.vn"]},"priority":201},{"id":3103,"action":{"type":"block"},"condition":{"urlFilter":"||ahaphimz.com/js/pov.js","resourceTypes":["script"]},"priority":101},{"id":3153,"action":{"type":"redirect","redirect":{"extensionPath":"/web-accessible-resources/redirects/noopjs.js"}},"condition":{"urlFilter":"||alwingulla.com/88/tag.min.js","initiatorDomains":["apkmoddone.com"],"resourceTypes":["script","xmlhttprequest"]},"priority":1276},{"id":3260,"action":{"type":"block"},"condition":{"urlFilter":"||animehay.moe^*.gif"},"priority":1},{"id":3291,"action":{"type":"block"},"condition":{"urlFilter":"||animet3.site^*.gif"},"priority":1},{"id":3322,"action":{"type":"block"},"condition":{"urlFilter":"||animevietsub.video/ads/popup.js","resourceTypes":["script"]},"priority":101},{"id":3381,"action":{"type":"block"},"condition":{"urlFilter":"||animevietsubs.net/vast/","resourceTypes":["image"]},"priority":101},{"id":3432,"action":{"type":"block"},"condition":{"urlFilter":"||animew.info/_next/image?url=https%3A%2F%2Flh3.googleusercontent.com","resourceTypes":["image"]},"priority":101},{"id":3527,"action":{"type":"block"},"condition":{"urlFilter":"||animew.info/_next/image?url=https%3A%2F%2Fp21-ad-sg.ibyteimg.com","resourceTypes":["image"]},"priority":101},{"id":3619,"action":{"type":"block"},"condition":{"urlFilter":"||api.adda.link^","resourceTypes":["image"]},"priority":101},{"id":3661,"action":{"type":"block"},"condition":{"urlFilter":"||api.anime3s.com^*.gif","initiatorDomains":["hayhaytv.org"],"resourceTypes":["image"]},"priority":301},{"id":3736,"action":{"type":"block"},"condition":{"urlFilter":"||asecdn.w88media.com/VN/250x250-VN.gif","initiatorDomains":["mythethao.net"]},"priority":201},{"id":3819,"action":{"type":"block"},"condition":{"urlFilter":"||baohaugiang.com.vn/uploads/SlideHomeimg/"},"priority":1},{"id":3962,"action":{"type":"block"},"condition":{"urlFilter":"||baonga.com/FileUpload/Images/*banner"},"priority":1},{"id":4011,"action":{"type":"block"},"condition":{"urlFilter":"||bf.333xbet.com^","domainType":"thirdParty","resourceTypes":["media"]},"priority":102},{"id":4063,"action":{"type":"block"},"condition":{"urlFilter":"||biphim.lat/public/prom_ad/prom_ad.js","resourceTypes":["script"]},"priority":101},{"id":4127,"action":{"type":"block"},"condition":{"urlFilter":"||blog.abit.vn/wp-content/uploads/2020/05/abit_","resourceTypes":["image"]},"priority":101},{"id":4200,"action":{"type":"block"},"condition":{"urlFilter":"||blogger.googleusercontent.com^","initiatorDomains":["hhninja14.tv","xem15.com","hhtm.site","hoathinh3dtq.site","hhh3d.tv","hoathinhtq.site","hayphim.cc","yanhh3d.tv","phimhoathinh3d.vip"],"resourceTypes":["image"]},"priority":213},{"id":4388,"action":{"type":"block"},"condition":{"urlFilter":"||blvtap.com^*.gif","initiatorDomains":["phiimoi.net"],"resourceTypes":["image"]},"priority":301},{"id":4457,"action":{"type":"block"},"condition":{"urlFilter":"||bonbanh.com/ad/"},"priority":1},{"id":4485,"action":{"type":"block"},"condition":{"urlFilter":"||bp.blogspot.com","initiatorDomains":["timdaily.vn","xemtivi4k.com"],"resourceTypes":["image"]},"priority":251},{"id":4567,"action":{"type":"block"},"condition":{"urlFilter":"||bp.blogspot.com/*banner","excludedInitiatorDomains":["aowvn.org","www.umu.pro.vn"],"resourceTypes":["image"]},"priority":102},{"id":4658,"action":{"type":"block"},"condition":{"urlFilter":"||cdn-data.gtvplus.vn/banners/","initiatorDomains":["gametv.vn"],"resourceTypes":["image"]},"priority":301},{"id":4737,"action":{"type":"block"},"condition":{"urlFilter":"||cdn.lfastcdn.com^*.gif","initiatorDomains":["bongdainfox.tv","xoilaczz63.live","90phutz46.live","rakhoih.cc","cakhiai.cc","mitomvh.cc","90phutvs.cc"],"resourceTypes":["image"]},"priority":216},{"id":4891,"action":{"type":"block"},"condition":{"urlFilter":"||cdn.thichxemphim1.net/wp-content/themes/halimmovies-child/jscm.min.js","initiatorDomains":["thichxemphim1.net"]},"priority":201},{"id":5010,"action":{"type":"block"},"condition":{"urlFilter":"||cdn.webhoctienganh.com/asset/home/img/banner/","initiatorDomains":["webhoctienganh.com"],"resourceTypes":["image"]},"priority":301},{"id":5115,"action":{"type":"block"},"condition":{"urlFilter":"||cdn2-img.net^*.gif","initiatorDomains":["hhpanda.video","dongchill.pro","biphim.lat","motchill.vote","subnhanh.now","subnhanhvl.site","bichill.lat","dongphim.now"],"resourceTypes":["image"]},"priority":214},{"id":5281,"action":{"type":"block"},"condition":{"urlFilter":"||chillphimmoi.pro/assets/*.gif","resourceTypes":["image"]},"priority":101},{"id":5338,"action":{"type":"block"},"condition":{"urlFilter":"||chillphimmoi.pro/assets/js/popup.js"},"priority":1},{"id":5386,"action":{"type":"block"},"condition":{"urlFilter":"||chodansinh.net^*.gif"},"priority":1},{"id":5419,"action":{"type":"block"},"condition":{"urlFilter":"||chotlo3s.com^*gif"},"priority":1},{"id":5449,"action":{"type":"block"},"condition":{"urlFilter":"||cloud.motchill-stream.win/common/ads/","initiatorDomains":["motchilltv.now"],"resourceTypes":["image"]},"priority":301},{"id":5542,"action":{"type":"block"},"condition":{"urlFilter":"||code.gunnymienphi.net^*.gif"},"priority":1},{"id":5582,"action":{"type":"block"},"condition":{"urlFilter":"||danketoan.com/banner/"},"priority":1},{"id":5616,"action":{"type":"block"},"condition":{"urlFilter":"||datcang.vn/images/khicon.jpg"},"priority":1},{"id":5657,"action":{"type":"block"},"condition":{"urlFilter":"||docnhanh.vn/images/ads/","resourceTypes":["image"]},"priority":101},{"id":5708,"action":{"type":"block"},"condition":{"urlFilter":"||doctruyenchu.info/ads/","resourceTypes":["image"]},"priority":101},{"id":5758,"action":{"type":"block"},"condition":{"urlFilter":"||doctruyenchu.info/home/js/ads.js","domainType":"firstParty","resourceTypes":["script"]},"priority":102},{"id":5827,"action":{"type":"block"},"condition":{"urlFilter":"||domdomcomics.org/script.js","domainType":"firstParty","resourceTypes":["script"]},"priority":102},{"id":5890,"action":{"type":"block"},"condition":{"urlFilter":"||dongchill.pro/ads/ads_xx.js","domainType":"firstParty","resourceTypes":["script"]},"priority":102},{"id":5954,"action":{"type":"block"},"condition":{"urlFilter":"||dongphim.now/ads/ads_xx.js","resourceTypes":["script"]},"priority":101},{"id":6008,"action":{"type":"block"},"condition":{"urlFilter":"||down-cvs-vn.img.susercontent.com^","initiatorDomains":["forum.gocmod.com"],"resourceTypes":["image"]},"priority":301},{"id":6099,"action":{"type":"block"},"condition":{"urlFilter":"||fastscans5.net/_next/static/media/voucher.","resourceTypes":["image"]},"priority":101},{"id":6169,"action":{"type":"block"},"condition":{"urlFilter":"||ff.imacdn.com^","initiatorDomains":["xem1080.com"],"resourceTypes":["image"]},"priority":301},{"id":6236,"action":{"type":"block"},"condition":{"urlFilter":"||file1.dangcongsan.vn^*.gif","initiatorDomains":["dangcongsan.vn"],"resourceTypes":["image"]},"priority":301},{"id":6318,"action":{"type":"block"},"condition":{"urlFilter":"||forum.idichvuseo.com/images/quang-cao"},"priority":1},{"id":6368,"action":{"type":"block"},"condition":{"urlFilter":"||fshare.vn/lib/jwplayer/jwplayer.js"},"priority":1},{"id":6415,"action":{"type":"block"},"condition":{"urlFilter":"||fuhum.net/content/rest?t=ads_config","resourceTypes":["xmlhttprequest"]},"priority":101},{"id":6478,"action":{"type":"block"},"condition":{"urlFilter":"||fun6668.com/Banner/","initiatorDomains":["mythethao.net"]},"priority":201},{"id":6543,"action":{"type":"block"},"condition":{"urlFilter":"||fundingchoicesmessages.google.com^","domainType":"thirdParty"},"priority":2},{"id":6605,"action":{"type":"block"},"condition":{"urlFilter":"||gavangtv.cdn.vccloud.vn^*.gif","initiatorDomains":["xem19.gavang1.net","xem20.gavang1.net"],"resourceTypes":["image"]},"priority":251},{"id":6711,"action":{"type":"block"},"condition":{"urlFilter":"||ghienphim.now/client_assets/js/minijumb.js"},"priority":1},{"id":6766,"action":{"type":"block"},"condition":{"urlFilter":"||ghienphim.now^*.gif","resourceTypes":["image"]},"priority":101},{"id":6813,"action":{"type":"block"},"condition":{"urlFilter":"||ght.kernh41.com^","domainType":"thirdParty","resourceTypes":["script"]},"priority":102},{"id":6866,"action":{"type":"block"},"condition":{"urlFilter":"||github.com/vietcodeno1/basic-lesson/","initiatorDomains":["phimno1.me"]},"priority":201},{"id":6945,"action":{"type":"block"},"condition":{"urlFilter":"||github.com^","initiatorDomains":["xemphim18.net"],"resourceTypes":["image"]},"priority":301},{"id":7011,"action":{"type":"block"},"condition":{"urlFilter":"||goal.90phut24.xyz^*.gif","resourceTypes":["image"]},"priority":101},{"id":7062,"action":{"type":"block"},"condition":{"urlFilter":"||goal.thapcamtv.com^*.gif","initiatorDomains":["goal.thapcamtv.com","vv13.thapcamtivi.live"],"resourceTypes":["image"]},"priority":251},{"id":7168,"action":{"type":"block"},"condition":{"urlFilter":"||googleusercontent.com^","initiatorDomains":["hhtqvietsub.me"]},"priority":201},{"id":7237,"action":{"type":"block"},"condition":{"urlFilter":"||haychillz.com/*-pop","resourceTypes":["image"]},"priority":101},{"id":7284,"action":{"type":"block"},"condition":{"urlFilter":"||heovktgame.club/wp-content/plugins/banner-management/","resourceTypes":["image"]},"priority":101},{"id":7365,"action":{"type":"block"},"condition":{"urlFilter":"||hhhay.ink^*.gif","resourceTypes":["image"]},"priority":101},{"id":7408,"action":{"type":"block"},"condition":{"urlFilter":"||hhkungfu.club/88vn","initiatorDomains":["hhchina.my"],"resourceTypes":["image"]},"priority":301},{"id":7478,"action":{"type":"block"},"condition":{"urlFilter":"||hhpanda.video/ads/","domainType":"firstParty","resourceTypes":["script"]},"priority":102},{"id":7533,"action":{"type":"block"},"condition":{"urlFilter":"||hinhso.com^","initiatorDomains":["diendanmaychu.vn"],"resourceTypes":["image"]},"priority":301},{"id":7602,"action":{"type":"block"},"condition":{"urlFilter":"||hotphimvn.cc/disable.js","resourceTypes":["script"]},"priority":101},{"id":7653,"action":{"type":"block"},"condition":{"urlFilter":"||hsctvn.com/uploads/products/","domainType":"firstParty","resourceTypes":["image"]},"priority":102},{"id":7819,"action":{"type":"block"},"condition":{"urlFilter":"||huphimtv.com/assets/themes/js/wonderfarm68.js"},"priority":1},{"id":7877,"action":{"type":"block"},"condition":{"urlFilter":"||i.ex-cdn.com/nhadautu.vn/files/qc/","initiatorDomains":["nhadautu.vn"]},"priority":201},{"id":7955,"action":{"type":"block"},"condition":{"urlFilter":"||i.imgur.com/81uid6d.jpg","initiatorDomains":["vozer.net"]},"priority":201},{"id":8020,"action":{"type":"block"},"condition":{"urlFilter":"||i.imgur.com/FbUH5AQ.png","initiatorDomains":["vozer.net"]},"priority":201},{"id":8085,"action":{"type":"block"},"condition":{"urlFilter":"||i.imgur.com^","initiatorDomains":["nhacdj.vn","diendanit.net","banbuondalat.com","hoathinhtq.site","xem.tructiepnba.me","www.ssphim.us","phimbet.biz"],"resourceTypes":["image"]},"priority":216},{"id":8240,"action":{"type":"block"},"condition":{"urlFilter":"||i.imgur.com^*.gif","initiatorDomains":["ghienphim.now","mv.dailyphimz.com","mv.phimmoiaz.cc","phimgichill.net","mythethao.net","xemtivi4k.com","vtipster.net","huphimtv.com","phimmoi.club","xemtivi.tvhayhd.tv","hoathinh4k3.net","vutruphim.tv","ketqua247vn.vip"],"resourceTypes":["image"]},"priority":209},{"id":8494,"action":{"type":"block"},"condition":{"urlFilter":"||i.postimg.cc^","initiatorDomains":["www.phimmoichilla.xyz"],"resourceTypes":["image"]},"priority":301},{"id":8570,"action":{"type":"block"},"condition":{"urlFilter":"||i45.servimg.com/u/f45/","initiatorDomains":["gocmod.com"]},"priority":201},{"id":8635,"action":{"type":"block"},"condition":{"urlFilter":"||iamcdn.net/players/playera.dmins.js"},"priority":1},{"id":8683,"action":{"type":"block"},"condition":{"urlFilter":"||iamcdn.net/players/playhydraxs.min.js"},"priority":1},{"id":8733,"action":{"type":"block"},"condition":{"urlFilter":"||image-eu-na-ctnytbefjq.4shares.live/90link/*.gif","resourceTypes":["image"]},"priority":101},{"id":8809,"action":{"type":"block"},"condition":{"urlFilter":"||image.cdend.com^*.gif","initiatorDomains":["phimmoi.club"],"resourceTypes":["image"]},"priority":301},{"id":8884,"action":{"type":"block"},"condition":{"urlFilter":"||images.tuyensinh247.com^*.gif","domainType":"thirdParty"},"priority":2},{"id":8941,"action":{"type":"block"},"condition":{"urlFilter":"||img.iketqua.com^*.gif","resourceTypes":["image"]},"priority":101},{"id":8990,"action":{"type":"block"},"condition":{"urlFilter":"||img.phimmoi.in^*.gif","initiatorDomains":["phimmoi.ing"],"resourceTypes":["image"]},"priority":301},{"id":9063,"action":{"type":"block"},"condition":{"urlFilter":"||img.upanh.tv^*.gif","initiatorDomains":["phimtuoitho.site"],"resourceTypes":["image"]},"priority":301},{"id":9139,"action":{"type":"block"},"condition":{"urlFilter":"||imgyn.imageshh.com^*.gif","initiatorDomains":["mphim14.org"],"resourceTypes":["image"]},"priority":301},{"id":9216,"action":{"type":"block"},"condition":{"urlFilter":"||kenhgamez.co^*.gif"},"priority":1},{"id":9247,"action":{"type":"block"},"condition":{"urlFilter":"||kenhtin.net/upload/images/banner-"},"priority":1},{"id":9293,"action":{"type":"block"},"condition":{"urlFilter":"||kienthuc.net.vn/*.ads"},"priority":1},{"id":9327,"action":{"type":"block"},"condition":{"urlFilter":"||laodong.vn/*QuangcaoOnline"},"priority":1},{"id":9366,"action":{"type":"block"},"condition":{"urlFilter":"||lh3.googleusercontent.com/*=s0","initiatorDomains":["animevietsub.video","hoathinh4k3.net","hayghe.me"],"resourceTypes":["image"]},"priority":235},{"id":9482,"action":{"type":"block"},"condition":{"urlFilter":"||linkads.xyz^","initiatorDomains":["hayhaytv.cc"],"resourceTypes":["image"]},"priority":301},{"id":9547,"action":{"type":"block"},"condition":{"urlFilter":"||listnhacai88.com^*.gif","resourceTypes":["image"]},"priority":101},{"id":9597,"action":{"type":"block"},"condition":{"urlFilter":"||live.staticflickr.com","initiatorDomains":["timdaily.vn"],"resourceTypes":["image"]},"priority":301},{"id":9671,"action":{"type":"block"},"condition":{"urlFilter":"||maclife.io^*.gif"},"priority":1},{"id":9700,"action":{"type":"block"},"condition":{"urlFilter":"||media.nghean24h.vn","initiatorDomains":["nghean24h.vn"],"resourceTypes":["image"]},"priority":301},{"id":9772,"action":{"type":"block"},"condition":{"urlFilter":"||mediastation.live^*.gif","initiatorDomains":["mn.mediastation.live","home1.mannhan16.pro","mannhan89.xyz"],"resourceTypes":["image"]},"priority":235},{"id":9891,"action":{"type":"block"},"condition":{"urlFilter":"||mocfun.net/uploads/banners/"},"priority":1},{"id":9931,"action":{"type":"block"},"condition":{"urlFilter":"||motchill.vote/js/ads_xx.js"},"priority":1},{"id":9970,"action":{"type":"block"},"condition":{"urlFilter":"||motchillco.net/banner","resourceTypes":["image"]},"priority":101},{"id":10019,"action":{"type":"block"},"condition":{"urlFilter":"||motphim.cv/js/ads.js?","domainType":"firstParty","resourceTypes":["script"]},"priority":102},{"id":10077,"action":{"type":"block"},"condition":{"urlFilter":"||mplmncb.com/banners-web","initiatorDomains":["truyenqqto.com"],"resourceTypes":["image"]},"priority":301},{"id":10156,"action":{"type":"block"},"condition":{"urlFilter":"||mplmncb.com/popup/","initiatorDomains":["truyenqqto.com"],"resourceTypes":["script"]},"priority":301},{"id":10230,"action":{"type":"block"},"condition":{"urlFilter":"||nettruyenrr.com/public/assets/js/pop","domainType":"firstParty","resourceTypes":["script"]},"priority":102},{"id":10303,"action":{"type":"block"},"condition":{"urlFilter":"||nettruyenviet.com/assets/js/pop","resourceTypes":["script"]},"priority":101},{"id":10362,"action":{"type":"block"},"condition":{"urlFilter":"||newoneinoldoneout.pro/banners-web/","initiatorDomains":["nettruyenrr.com"],"resourceTypes":["image"]},"priority":301},{"id":10453,"action":{"type":"block"},"condition":{"urlFilter":"||newoneinoldoneout.pro/popup","initiatorDomains":["nettruyenrr.com"],"resourceTypes":["script"]},"priority":301},{"id":10537,"action":{"type":"block"},"condition":{"urlFilter":"||nhadatvang.vn/images/","initiatorDomains":["muabanraovat.com"]},"priority":201},{"id":10607,"action":{"type":"block"},"condition":{"urlFilter":"||nhipcaudautu.vn/*gafin","resourceTypes":["script"]},"priority":101},{"id":10657,"action":{"type":"block"},"condition":{"urlFilter":"||nhipcaudautu.vn/Media/*.gif"},"priority":1},{"id":10697,"action":{"type":"block"},"condition":{"urlFilter":"||notepad.vn/media/images/like68.jpg"},"priority":1},{"id":10744,"action":{"type":"block"},"condition":{"urlFilter":"||phim.vkool8.net/images/ads/","resourceTypes":["image"]},"priority":101},{"id":10799,"action":{"type":"block"},"condition":{"urlFilter":"||phim.vkool8.net/js/pov.js","domainType":"firstParty","resourceTypes":["script"]},"priority":102},{"id":10946,"action":{"type":"block"},"condition":{"urlFilter":"||phimhdc.wiki^*.gif","resourceTypes":["image"]},"priority":101},{"id":10992,"action":{"type":"block"},"condition":{"urlFilter":"||phimmoi.ing/js/ads.js","resourceTypes":["script"]},"priority":101},{"id":11041,"action":{"type":"block"},"condition":{"urlFilter":"||phimmoichill.tube/newchill/","domainType":"firstParty","resourceTypes":["script"]},"priority":102},{"id":11105,"action":{"type":"block"},"condition":{"urlFilter":"||phimmoichillz.my/pop","resourceTypes":["image"]},"priority":101},{"id":11153,"action":{"type":"block"},"condition":{"urlFilter":"||phimmoichillz.my^*.gif","resourceTypes":["image"]},"priority":101},{"id":11203,"action":{"type":"block"},"condition":{"urlFilter":"||phimmoinhat.top^*.gif"},"priority":1},{"id":11237,"action":{"type":"block"},"condition":{"urlFilter":"||phimnhanhvl.com^*.gif"},"priority":1},{"id":11271,"action":{"type":"block"},"condition":{"urlFilter":"||phimnhua.xyz^*.gif"},"priority":1},{"id":11302,"action":{"type":"redirect","redirect":{"extensionPath":"/web-accessible-resources/redirects/noopmp4.mp4"}},"condition":{"urlFilter":"||phimreview.org/playergk/phimreview.mp4","initiatorDomains":["phimreview.org"]},"priority":1201},{"id":11401,"action":{"type":"block"},"condition":{"urlFilter":"||phimreview.org^*.gif","resourceTypes":["image"]},"priority":101},{"id":11449,"action":{"type":"block"},"condition":{"urlFilter":"||phimss.net/assets/ads/","resourceTypes":["image"]},"priority":101},{"id":11499,"action":{"type":"block"},"condition":{"urlFilter":"||photo2.tinhte.vn/data/attachment-files/*banner"},"priority":1},{"id":11558,"action":{"type":"block"},"condition":{"urlFilter":"||photo2.tinhte.vn^*.gif","initiatorDomains":["vebo4.net","xem.vebo31.net"]},"priority":151},{"id":11637,"action":{"type":"block"},"condition":{"urlFilter":"||pic1025.com^*gif","initiatorDomains":["xemtivi4k.com"]},"priority":201},{"id":11699,"action":{"type":"block"},"condition":{"urlFilter":"||play.pdccf.online/staticpdc/ads/","initiatorDomains":["phimdacap.tv"],"resourceTypes":["image"]},"priority":301},{"id":11785,"action":{"type":"block"},"condition":{"urlFilter":"||qthang.net/js/blocker","domainType":"firstParty","resourceTypes":["script"]},"priority":102},{"id":11843,"action":{"type":"block"},"condition":{"urlFilter":"||quaivatdienanh.com/*banner","resourceTypes":["image"]},"priority":101},{"id":11897,"action":{"type":"block"},"condition":{"urlFilter":"||quangcaosanpham.com/images/","domainType":"thirdParty"},"priority":2},{"id":11952,"action":{"type":"block"},"condition":{"urlFilter":"||quoracdn.net^","initiatorDomains":["www.phimlongtieng.net","www.phimchaua.com","www.phimdinhcaoz.com","phimdinhcao.com"],"resourceTypes":["image"]},"priority":226},{"id":12083,"action":{"type":"block"},"condition":{"urlFilter":"||raovat.tuoitre.vn^","initiatorDomains":["tuoitre.vn"]},"priority":201},{"id":12144,"action":{"type":"block"},"condition":{"urlFilter":"||raovatdidong.vn/images/","initiatorDomains":["muabanraovat.com"]},"priority":201},{"id":12216,"action":{"type":"block"},"condition":{"urlFilter":"||s2.phim1280.tv/adjump","initiatorDomains":["yeuphim.vip"]},"priority":201},{"id":12281,"action":{"type":"block"},"condition":{"urlFilter":"||s2.truyentot.com^*.gif","initiatorDomains":["hhtq8.vip","hhtq3d.net","hhtq5.vip","hhvsub.com"],"resourceTypes":["image"]},"priority":226},{"id":12386,"action":{"type":"block"},"condition":{"urlFilter":"||sansale.online/hh3d.js","initiatorDomains":["yanhh3d.tv"],"resourceTypes":["script"]},"priority":301},{"id":12460,"action":{"type":"block"},"condition":{"urlFilter":"||sansale.online/hhtm.js","initiatorDomains":["hhtm.site"]},"priority":201},{"id":12524,"action":{"type":"block"},"condition":{"urlFilter":"||server.zmedia.vn/static/","resourceTypes":["script"]},"priority":101},{"id":12576,"action":{"type":"block"},"condition":{"urlFilter":"||sggp.org.vn/*banner"},"priority":1},{"id":12608,"action":{"type":"block"},"condition":{"urlFilter":"||sharecode.vn/assets/images/thiet-ke-web-gia-re.jpg"},"priority":1},{"id":12671,"action":{"type":"block"},"condition":{"urlFilter":"||sharecode.vn/assets/images/thiet-ke-website.jpg"},"priority":1},{"id":12731,"action":{"type":"block"},"condition":{"urlFilter":"||shopee.vn^","initiatorDomains":["apkmoddone.com"],"resourceTypes":["main_frame"]},"priority":201},{"id":12797,"action":{"type":"block"},"condition":{"urlFilter":"||sognoansofou.net^","initiatorDomains":["apkmoddone.phongroblox.com"],"resourceTypes":["main_frame"]},"priority":201},{"id":12882,"action":{"type":"block"},"condition":{"urlFilter":"||sohuutritue.net.vn/files/qc/"},"priority":1},{"id":12923,"action":{"type":"block"},"condition":{"urlFilter":"||soikeo365.net^*.gif"},"priority":1},{"id":12955,"action":{"type":"block"},"condition":{"urlFilter":"||soikeoz.vip^*.gif"},"priority":1},{"id":12985,"action":{"type":"block"},"condition":{"urlFilter":"||static.cdnno.com/storage/topbox/*.webp","initiatorDomains":["metruyencv.com"],"resourceTypes":["image"]},"priority":301},{"id":13079,"action":{"type":"block"},"condition":{"urlFilter":"||static.ybox.vn^*.gif","initiatorDomains":["ybox.vn"]},"priority":201},{"id":13139,"action":{"type":"block"},"condition":{"urlFilter":"||stc02bc54661548.cloud.anycastapnic.com^*gif","initiatorDomains":["xem19.gavang1.net","xem20.gavang1.net","gavang3.link"],"resourceTypes":["image"]},"priority":235},{"id":13272,"action":{"type":"block"},"condition":{"urlFilter":"||storage.fshare.vn/images/","domainType":"thirdParty"},"priority":2},{"id":13325,"action":{"type":"block"},"condition":{"urlFilter":"||subnhanh.now/js/ads_xx.js"},"priority":1},{"id":13363,"action":{"type":"block"},"condition":{"urlFilter":"||subnhanh.now/js/ads_xx.min.js","domainType":"firstParty","resourceTypes":["script"]},"priority":102},{"id":13429,"action":{"type":"block"},"condition":{"urlFilter":"||subnhanhvl.site/js/ads_xx.js","domainType":"firstParty","resourceTypes":["script"]},"priority":102},{"id":13494,"action":{"type":"block"},"condition":{"urlFilter":"||suckhoelamdep.vn^*.gif","resourceTypes":["image"]},"priority":101},{"id":13544,"action":{"type":"block"},"condition":{"urlFilter":"||tailieuvnu.com/wp-content/uploads/2022/12/28/shopee-2*.png","resourceTypes":["image"]},"priority":101},{"id":13722,"action":{"type":"block"},"condition":{"urlFilter":"||tepbac.com/upload/advertiment/","resourceTypes":["image"]},"priority":101},{"id":13780,"action":{"type":"block"},"condition":{"urlFilter":"||thaudiotruyen.com/wp-content/uploads/2024/10/temu.jpg","resourceTypes":["image"]},"priority":101},{"id":13861,"action":{"type":"block"},"condition":{"urlFilter":"||the.tube/js/detect-ab.js","resourceTypes":["script"]},"priority":101},{"id":13913,"action":{"type":"block"},"condition":{"urlFilter":"||the.tube/js/simpleblocker.js","resourceTypes":["script"]},"priority":101},{"id":13969,"action":{"type":"redirect","redirect":{"extensionPath":"/web-accessible-resources/redirects/noopmp4.mp4"}},"condition":{"urlFilter":"||thichxemphim1.net/Fb88-28012023.mp4","initiatorDomains":["thichxemphim1.net"]},"priority":1201},{"id":14068,"action":{"type":"block"},"condition":{"urlFilter":"||thoigian.com.vn/mFiles/N/06/","resourceTypes":["image"]},"priority":101},{"id":14124,"action":{"type":"block"},"condition":{"urlFilter":"||thoigian.com.vn^*.gif"},"priority":1},{"id":14158,"action":{"type":"block"},"condition":{"urlFilter":"||thuysanvietnam.com.vn^*.gif"},"priority":1},{"id":14198,"action":{"type":"block"},"condition":{"urlFilter":"||timsanpham.com/images/","domainType":"thirdParty"},"priority":2},{"id":14248,"action":{"type":"block"},"condition":{"urlFilter":"||tinhayvip.com^*.gif"},"priority":1},{"id":14280,"action":{"type":"block"},"condition":{"urlFilter":"||tinmoi.vn/?mod=ajax&act=getAds"},"priority":1},{"id":14323,"action":{"type":"block"},"condition":{"urlFilter":"||tinsoikeo.live^*.gif","resourceTypes":["image"]},"priority":101},{"id":14371,"action":{"type":"block"},"condition":{"urlFilter":"||tizihay.com^*.gif","initiatorDomains":["phiimoi.net"],"resourceTypes":["image"]},"priority":301},{"id":14441,"action":{"type":"block"},"condition":{"urlFilter":"||toithuthuat.com^*.gif"},"priority":1},{"id":14475,"action":{"type":"block"},"condition":{"urlFilter":"||tracker.idocdn.com^","initiatorDomains":["freeplayervideo.com","abysscdn.com","player-cdn.com","geoip.redirect-ads.com","playhydrax.com"]},"priority":121},{"id":14612,"action":{"type":"block"},"condition":{"urlFilter":"||traderviet.tv/data/siropu/am/user/","resourceTypes":["image"]},"priority":101},{"id":14674,"action":{"type":"block"},"condition":{"urlFilter":"||tram3d.vip^*.gif","domainType":"firstParty","resourceTypes":["image"]},"priority":102},{"id":14727,"action":{"type":"block"},"condition":{"urlFilter":"||tructiep.vn/website/adv/"},"priority":1},{"id":14842,"action":{"type":"block"},"condition":{"urlFilter":"||truyenconect.com/uploads/*-truyenconect_com-*."},"priority":1},{"id":14901,"action":{"type":"block"},"condition":{"urlFilter":"||truyentuan.xyz/wp-content/banners"},"priority":1},{"id":14947,"action":{"type":"block"},"condition":{"urlFilter":"||truyentuan.xyz/wp-content/themes/nos/js/pop-before.js"},"priority":1},{"id":15013,"action":{"type":"block"},"condition":{"urlFilter":"||truyenwikidich.net/static/js/adx/","resourceTypes":["script"]},"priority":101},{"id":15074,"action":{"type":"block"},"condition":{"urlFilter":"||tudomuaban.com/public/upload/ad/"},"priority":1},{"id":15119,"action":{"type":"block"},"condition":{"urlFilter":"||tuviso.com/public/media//banner/"},"priority":1},{"id":15164,"action":{"type":"block"},"condition":{"urlFilter":"||tuyensinh247.com/","domainType":"thirdParty","resourceTypes":["image"]},"priority":102},{"id":15218,"action":{"type":"block"},"condition":{"urlFilter":"||tuyensinhso.vn/images/banners/*.gif","domainType":"firstParty","resourceTypes":["image"]},"priority":102},{"id":15290,"action":{"type":"block"},"condition":{"urlFilter":"||tvhay.vc/guide/popup.xp-f.js"},"priority":1},{"id":15331,"action":{"type":"block"},"condition":{"urlFilter":"||tvhayd.com^*.gif","resourceTypes":["image"]},"priority":101},{"id":15375,"action":{"type":"block"},"condition":{"urlFilter":"||tvphim.bz/ads/popup","domainType":"firstParty","resourceTypes":["script"]},"priority":102},{"id":15431,"action":{"type":"block"},"condition":{"urlFilter":"||tvzinghd.co/wp-content/themes/zingtv/js/qci9bc.js","domainType":"firstParty","resourceTypes":["script"]},"priority":102},{"id":15607,"action":{"type":"block"},"condition":{"urlFilter":"||uniad.","domainType":"thirdParty"},"priority":2},{"id":15641,"action":{"type":"block"},"condition":{"urlFilter":"||upanh.vn-z.vn/images/2024/05/20/Ban-sao-Deskin-banner-1.jpeg","initiatorDomains":["vn-z.vn"],"resourceTypes":["image"]},"priority":301},{"id":15750,"action":{"type":"block"},"condition":{"urlFilter":"||upload.bongda365.news//banner/","initiatorDomains":["bongda365.news"]},"priority":201},{"id":15827,"action":{"type":"block"},"condition":{"urlFilter":"||v.xemphimviet.xyz/client_assets/js/minijumb.js","domainType":"firstParty","resourceTypes":["script"]},"priority":102},{"id":15910,"action":{"type":"block"},"condition":{"urlFilter":"||vesotantai.com/upload/photo/","resourceTypes":["image"]},"priority":101},{"id":15966,"action":{"type":"block"},"condition":{"urlFilter":"||vidian.online/images/*.gif"},"priority":1},{"id":16005,"action":{"type":"block"},"condition":{"urlFilter":"||vietjack.com/FrontEndWeb/js/sp.js","resourceTypes":["script"]},"priority":101},{"id":16066,"action":{"type":"block"},"condition":{"urlFilter":"||vivuphim.info^*.gif"},"priority":1},{"id":16098,"action":{"type":"block"},"condition":{"urlFilter":"||vnesports.net^*.gif"},"priority":1},{"id":16130,"action":{"type":"block"},"condition":{"urlFilter":"||vov.vn/ads/show-ads"},"priority":1},{"id":16162,"action":{"type":"block"},"condition":{"urlFilter":"||vsc61.com/wp-content/themes/vuasanco/assets/scripts/scripts.js"},"priority":1},{"id":16237,"action":{"type":"block"},"condition":{"urlFilter":"||wchem9.com/wp-content/plugins/deblocker/js/ads.min.js","domainType":"firstParty","resourceTypes":["script"]},"priority":102},{"id":16327,"action":{"type":"block"},"condition":{"urlFilter":"||wibu47.com^*.gif","resourceTypes":["image"]},"priority":101},{"id":16371,"action":{"type":"block"},"condition":{"urlFilter":"||www.bk8vnaf.com^*.gif","initiatorDomains":["phimgichill.net"],"resourceTypes":["image"]},"priority":301},{"id":16449,"action":{"type":"block"},"condition":{"urlFilter":"||www.bongdalu808.com^*.gif"},"priority":1},{"id":16487,"action":{"type":"block"},"condition":{"urlFilter":"||www.clbgamesvn.com/diendan/popup/popup.js","domainType":"firstParty","resourceTypes":["script"]},"priority":102},{"id":16565,"action":{"type":"block"},"condition":{"urlFilter":"||www.imghippo.com^*.gif","initiatorDomains":["tvzinghd.co"],"resourceTypes":["image"]},"priority":301},{"id":16735,"action":{"type":"redirect","redirect":{"extensionPath":"/web-accessible-resources/redirects/noopmp3.mp3"}},"condition":{"urlFilter":"||www.phimchaua.com/3s.m3u8","initiatorDomains":["www.phimchaua.com"]},"priority":1201},{"id":16824,"action":{"type":"block"},"condition":{"urlFilter":"||www.thuocbietduoc.com.vn/adv/"},"priority":1},{"id":16866,"action":{"type":"block"},"condition":{"urlFilter":"||www.thuocbietduoc.com.vn/aqc/","resourceTypes":["image"]},"priority":101},{"id":16923,"action":{"type":"block"},"condition":{"urlFilter":"||xahoingaynay.com.vn/upload/","resourceTypes":["image"]},"priority":101},{"id":16978,"action":{"type":"block"},"condition":{"urlFilter":"||xc.1357668.com^*.gif","initiatorDomains":["live.7mvn4.com"]},"priority":201},{"id":17045,"action":{"type":"block"},"condition":{"urlFilter":"||xmedia.antt.vn/upload/*.gif","initiatorDomains":["antt.vn"],"resourceTypes":["image"]},"priority":301},{"id":17121,"action":{"type":"block"},"condition":{"urlFilter":"||xxoilac.com^*.gif","resourceTypes":["image"]},"priority":101},{"id":17166,"action":{"type":"block"},"condition":{"urlFilter":"||zcine.net^*.gif","resourceTypes":["image"]},"priority":101},{"id":17209,"action":{"type":"block"},"condition":{"urlFilter":"||zunia.vn/ads.html","initiatorDomains":["tracnghiem.net"],"resourceTypes":["sub_frame"]},"priority":301},{"id":17282,"action":{"type":"block"},"condition":{"urlFilter":"||ad.vidverto.io^"},"priority":1},{"id":17310,"action":{"type":"block"},"condition":{"urlFilter":"||adflex.vn^","domainType":"thirdParty"},"priority":2},{"id":17348,"action":{"type":"block"},"condition":{"urlFilter":"||adpia.vn^","domainType":"thirdParty"},"priority":2},{"id":17385,"action":{"type":"block"},"condition":{"urlFilter":"||ads-cdn.fptplay.net^"},"priority":1},{"id":17418,"action":{"type":"block"},"condition":{"urlFilter":"||ads.mxhnkn.pro^"},"priority":1},{"id":17446,"action":{"type":"block"},"condition":{"urlFilter":"||ads.starzd.com^"},"priority":1},{"id":17474,"action":{"type":"block"},"condition":{"urlFilter":"||adtima-static.zadn.vn^","resourceTypes":["script"]},"priority":101},{"id":17524,"action":{"type":"block"},"condition":{"urlFilter":"||adtima-static.zascdn.me^"},"priority":1},{"id":17561,"action":{"type":"block"},"condition":{"urlFilter":"||adtima.vn^","domainType":"thirdParty"},"priority":2},{"id":17599,"action":{"type":"block"},"condition":{"urlFilter":"||adtimaserver.vn^"},"priority":1},{"id":17628,"action":{"type":"block"},"condition":{"urlFilter":"||aff.cdnntx.com^"},"priority":1},{"id":17656,"action":{"type":"block"},"condition":{"urlFilter":"||affordedseasick.com^"},"priority":1},{"id":17689,"action":{"type":"block"},"condition":{"urlFilter":"||aj1047.online^"},"priority":1},{"id":17716,"action":{"type":"block"},"condition":{"urlFilter":"||aj1559.online^"},"priority":1},{"id":17743,"action":{"type":"block"},"condition":{"urlFilter":"||aj2393.online^"},"priority":1},{"id":17770,"action":{"type":"block"},"condition":{"urlFilter":"||ajsc.yodimedia.com^"},"priority":1},{"id":17802,"action":{"type":"block"},"condition":{"urlFilter":"||amcdn.vn^"},"priority":1},{"id":17824,"action":{"type":"block"},"condition":{"urlFilter":"||ants.vn^","domainType":"thirdParty"},"priority":2},{"id":17860,"action":{"type":"block"},"condition":{"urlFilter":"||api.adfly.vn^"},"priority":1},{"id":17886,"action":{"type":"block"},"condition":{"urlFilter":"||apinas.nct.vn^"},"priority":1},{"id":17913,"action":{"type":"block"},"condition":{"urlFilter":"||asg.phukienthoitranggiare.com^"},"priority":1},{"id":17956,"action":{"type":"block"},"condition":{"urlFilter":"||baobabsruesome.com^"},"priority":1},{"id":17988,"action":{"type":"block"},"condition":{"urlFilter":"||bardicjazzed.com^"},"priority":1},{"id":18018,"action":{"type":"block"},"condition":{"urlFilter":"||bemiresunlevel.com^"},"priority":1},{"id":18050,"action":{"type":"block"},"condition":{"urlFilter":"||bidgear-syndication.com^"},"priority":1},{"id":18087,"action":{"type":"block"},"condition":{"urlFilter":"||blueseed.tv^","domainType":"thirdParty"},"priority":2},{"id":18127,"action":{"type":"block"},"condition":{"urlFilter":"||brittlesturdyunlovable.com^"},"priority":1},{"id":18167,"action":{"type":"block"},"condition":{"urlFilter":"||cdn.adop.asia^"},"priority":1},{"id":18194,"action":{"type":"block"},"condition":{"urlFilter":"||cdn.tpmedia.online^"},"priority":1},{"id":18226,"action":{"type":"block"},"condition":{"urlFilter":"||cdnv.tpmedia.online^"},"priority":1},{"id":18259,"action":{"type":"block"},"condition":{"urlFilter":"||chouthep.net^"},"priority":1},{"id":18285,"action":{"type":"block"},"condition":{"urlFilter":"||click.advertnative.com^"},"priority":1},{"id":18321,"action":{"type":"block"},"condition":{"urlFilter":"||cnt.trvdp.com^"},"priority":1},{"id":18348,"action":{"type":"block"},"condition":{"urlFilter":"||contineljs.com^"},"priority":1},{"id":18376,"action":{"type":"block"},"condition":{"urlFilter":"||cpt.geniee.jp^"},"priority":1},{"id":18403,"action":{"type":"block"},"condition":{"urlFilter":"||delivery.yomedia.vn^"},"priority":1},{"id":18436,"action":{"type":"block"},"condition":{"urlFilter":"||discourseoxidizingtransfer.com^"},"priority":1},{"id":18480,"action":{"type":"block"},"condition":{"urlFilter":"||distinctrobin.com^"},"priority":1},{"id":18511,"action":{"type":"block"},"condition":{"urlFilter":"||effacedefend.com^"},"priority":1},{"id":18541,"action":{"type":"block"},"condition":{"urlFilter":"||epilinserts.com^"},"priority":1},{"id":18570,"action":{"type":"block"},"condition":{"urlFilter":"||fpgedsewst.com^"},"priority":1},{"id":18598,"action":{"type":"block"},"condition":{"urlFilter":"||fv.togataurnfuls.com^"},"priority":1},{"id":18632,"action":{"type":"block"},"condition":{"urlFilter":"||gammaplatform.com^","domainType":"thirdParty"},"priority":2},{"id":18678,"action":{"type":"block"},"condition":{"urlFilter":"||genieesspv.jp^","domainType":"thirdParty"},"priority":2},{"id":18720,"action":{"type":"block"},"condition":{"urlFilter":"||genmonet.com^"},"priority":1},{"id":18746,"action":{"type":"block"},"condition":{"urlFilter":"||glodretsa.net^"},"priority":1},{"id":18773,"action":{"type":"block"},"condition":{"urlFilter":"||grubsnuchale.com^"},"priority":1},{"id":18803,"action":{"type":"block"},"condition":{"urlFilter":"||grunoaph.net^"},"priority":1},{"id":18829,"action":{"type":"block"},"condition":{"urlFilter":"||gullyending.com^"},"priority":1},{"id":18893,"action":{"type":"block"},"condition":{"urlFilter":"||hymenvapour.com^"},"priority":1},{"id":18922,"action":{"type":"block"},"condition":{"urlFilter":"||iads.staticscdn.net^"},"priority":1},{"id":18955,"action":{"type":"block"},"condition":{"urlFilter":"||iads.vision^"},"priority":1},{"id":18980,"action":{"type":"block"},"condition":{"urlFilter":"||imad24.com^"},"priority":1},{"id":19004,"action":{"type":"block"},"condition":{"urlFilter":"||img.yeuketqua.net^"},"priority":1},{"id":19035,"action":{"type":"block"},"condition":{"urlFilter":"||immaculate-suspect.com^"},"priority":1},{"id":19071,"action":{"type":"block"},"condition":{"urlFilter":"||js.aiservice.vn^"},"priority":1},{"id":19100,"action":{"type":"block"},"condition":{"urlFilter":"||jsc.yodimedia.com^"},"priority":1},{"id":19131,"action":{"type":"block"},"condition":{"urlFilter":"||link.cado.pro^"},"priority":1},{"id":19158,"action":{"type":"block"},"condition":{"urlFilter":"||media.yomedia.vn^"},"priority":1},{"id":19188,"action":{"type":"block"},"condition":{"urlFilter":"||meta.vn^","domainType":"thirdParty"},"priority":2},{"id":19224,"action":{"type":"block"},"condition":{"urlFilter":"||midgetmaying.com^"},"priority":1},{"id":19254,"action":{"type":"block"},"condition":{"urlFilter":"||ny.foonerne.com^"},"priority":1},{"id":19283,"action":{"type":"block"},"condition":{"urlFilter":"||pk910324e.com^"},"priority":1},{"id":19310,"action":{"type":"block"},"condition":{"urlFilter":"||platform.adlinknetwork.vn^"},"priority":1},{"id":19349,"action":{"type":"block"},"condition":{"urlFilter":"||player.gliacloud.com^"},"priority":1},{"id":19383,"action":{"type":"block"},"condition":{"urlFilter":"||poasauwhoothy.net^"},"priority":1},{"id":19414,"action":{"type":"block"},"condition":{"urlFilter":"||pub.akadigital.vn^"},"priority":1},{"id":19445,"action":{"type":"block"},"condition":{"urlFilter":"||pub.lavamedia.vn^"},"priority":1},{"id":19475,"action":{"type":"block"},"condition":{"urlFilter":"||pub.lavanetwork.net^","domainType":"thirdParty"},"priority":2},{"id":19523,"action":{"type":"block"},"condition":{"urlFilter":"||qc.coccoc.com^","domainType":"thirdParty"},"priority":2},{"id":19565,"action":{"type":"block"},"condition":{"urlFilter":"||qc.violet.vn^"},"priority":1},{"id":19591,"action":{"type":"block"},"condition":{"urlFilter":"||qcv5.blogtruyenmoi.com^"},"priority":1},{"id":19627,"action":{"type":"block"},"condition":{"urlFilter":"||qz.almudestilths.com^"},"priority":1},{"id":19661,"action":{"type":"block"},"condition":{"urlFilter":"||realclick.vn^","domainType":"thirdParty"},"priority":2},{"id":19702,"action":{"type":"block"},"condition":{"urlFilter":"||rkgwzfwjgk.com^"},"priority":1},{"id":19730,"action":{"type":"block"},"condition":{"urlFilter":"||rottencycle.com^"},"priority":1},{"id":19759,"action":{"type":"block"},"condition":{"urlFilter":"||rq.overseagyassa.com^"},"priority":1},{"id":19793,"action":{"type":"block"},"condition":{"urlFilter":"||sbbanner.com^"},"priority":1},{"id":19819,"action":{"type":"block"},"condition":{"urlFilter":"||ss.yomedia.vn^"},"priority":1},{"id":19846,"action":{"type":"block"},"condition":{"urlFilter":"||static.adconnect.vn^"},"priority":1},{"id":19879,"action":{"type":"block"},"condition":{"urlFilter":"||static.dable.io^"},"priority":1},{"id":19908,"action":{"type":"block"},"condition":{"urlFilter":"||static.eclick.vn^"},"priority":1},{"id":19938,"action":{"type":"block"},"condition":{"urlFilter":"||static.philacct.com^"},"priority":1},{"id":19971,"action":{"type":"block"},"condition":{"urlFilter":"||stummertitis.com^"},"priority":1},{"id":20001,"action":{"type":"block"},"condition":{"urlFilter":"||syphonseity.com^"},"priority":1},{"id":20030,"action":{"type":"block"},"condition":{"urlFilter":"||taboola.com^","domainType":"thirdParty","resourceTypes":["script"]},"priority":102},{"id":20079,"action":{"type":"block"},"condition":{"urlFilter":"||tags.fly-ads.net^"},"priority":1},{"id":20109,"action":{"type":"block"},"condition":{"urlFilter":"||tags.native-ad.net^"},"priority":1},{"id":20141,"action":{"type":"block"},"condition":{"urlFilter":"||toathoule.com^"},"priority":1},{"id":20168,"action":{"type":"block"},"condition":{"urlFilter":"||truyentuan.xyz^","domainType":"firstParty","resourceTypes":["sub_frame"]},"priority":102},{"id":20220,"action":{"type":"block"},"condition":{"urlFilter":"||tutsterblanche.com^"},"priority":1},{"id":20252,"action":{"type":"block"},"condition":{"urlFilter":"||tvc.biphim.club^"},"priority":1},{"id":20281,"action":{"type":"block"},"condition":{"urlFilter":"||v9banners.com^"},"priority":1},{"id":20308,"action":{"type":"block"},"condition":{"urlFilter":"||vads.net.vn^"},"priority":1},{"id":20333,"action":{"type":"block"},"condition":{"urlFilter":"||xszpuvwr7.com^"},"priority":1},{"id":20360,"action":{"type":"block"},"condition":{"urlFilter":"||zaloweb."},"priority":1},{"id":71181,"action":{"type":"allow"},"condition":{"urlFilter":"/favicon.ico"},"priority":100001},{"id":71204,"action":{"type":"allow"},"condition":{"urlFilter":"/images/ad-300x250.jpg","domainType":"firstParty","initiatorDomains":["lehait.net"],"resourceTypes":["image"]},"priority":100302},{"id":71285,"action":{"type":"allow"},"condition":{"urlFilter":"/wp-content/plugins/advanced-ads/admin/assets/js/advertisement.js","domainType":"firstParty","resourceTypes":["script"]},"priority":100102},{"id":71385,"action":{"type":"allow"},"condition":{"urlFilter":"||4.bp.blogspot.com/-Faf4F4bEgfs/X6bgItBh8RI/AAAAAAAADr4/TI07qDfVYWk4cPdNAj8Mn5Q_yVzuG2cJgCK4BGAYYCw/s1600/gvnvh18.png","initiatorDomains":["www.gvnvh.net"],"resourceTypes":["image"]},"priority":100301},{"id":71556,"action":{"type":"allow"},"condition":{"urlFilter":"||alwingulla.com/88/tag.min.js","initiatorDomains":["apkmoddone.com"],"resourceTypes":["script","xmlhttprequest"]},"priority":100276},{"id":71649,"action":{"type":"allow"},"condition":{"urlFilter":"||anime47.my/ads/v/8.26.9/jw"},"priority":100001},{"id":71688,"action":{"type":"allow"},"condition":{"urlFilter":"||anime47.my/ads/v/8.26.9/translations"},"priority":100001},{"id":71737,"action":{"type":"allow"},"condition":{"urlFilter":"||cdnjs.cloudflare.com/ajax/libs/videojs-contrib-ads/6.0.0/videojs-contrib-ads.js","initiatorDomains":["sctvonline.vn"],"resourceTypes":["script"]},"priority":100301},{"id":71871,"action":{"type":"allow"},"condition":{"urlFilter":"||contextual.media.net/dmedianet.js","initiatorDomains":["azrom.net"]},"priority":100201},{"id":71946,"action":{"type":"allow"},"condition":{"urlFilter":"||googleads.g.doubleclick.net/pagead/","initiatorDomains":["cungthi.online","romgoc.net"]},"priority":100151},{"id":72039,"action":{"type":"allow"},"condition":{"urlFilter":"||imasdk.googleapis.com^","initiatorDomains":["vieon.vn","fptplay.vn","24h.com.vn","game24h.vn","sctvonline.vn","danet.vn"],"resourceTypes":["script","xmlhttprequest"]},"priority":100193},{"id":72176,"action":{"type":"allow"},"condition":{"urlFilter":"||linkads.xyz/www.aphim.info/ads2video/embed.html","initiatorDomains":["vungtv.us","247phim.cc"],"resourceTypes":["sub_frame"]},"priority":100251},{"id":72285,"action":{"type":"allow"},"condition":{"urlFilter":"||media.nghean24h.vn/image_resize","initiatorDomains":["nghean24h.vn"],"resourceTypes":["image"]},"priority":100301},{"id":72370,"action":{"type":"allow"},"condition":{"urlFilter":"||media1.admicro.vn/cms/","initiatorDomains":["tuoitre.vn"],"resourceTypes":["script"]},"priority":100301},{"id":72444,"action":{"type":"allow"},"condition":{"urlFilter":"||on-web-cdn.gviet.vn/public/js/player/ads/ima3.js","initiatorDomains":["vtvcab.vn"],"resourceTypes":["script"]},"priority":100301},{"id":72543,"action":{"type":"allow"},"condition":{"urlFilter":"||pagead2.googlesyndication.com^","initiatorDomains":["thuthuatmeovat.net","kites.vn","phuongtrinhhoahoc.com","letrongdai.vn","romgoc.net","traderviet.tv","sum.vn","truyenaudiocv.org","1shortlink.com","thelanb.com","cungthi.online","lehait.net","nhacsong.pro","kientruc360.info","giavang.net","vnjpclub.com","753x.blogspot.com","ngohoanganhtuan.com","ngohoanganhtuan.net","toeicexamstore.xyz","vungoctuan.vn","ichi.pro","gocmod.com","tromcap.com","dafontvn.com","www.gvnvh.net","sesenblog.com","filess.us","xaydungplus.com","nguonhd.net","anhdep24.com","windowslite.net","tiengnhatdongian.com","quangcaoyenbai.com","ios.codevn.net","traffic1s.com","audiotruyenfull.com","minhpc.com","vongquaymayman.one","toilaquantri.com","diendancauduong.com","taisachonthi.com","mifirm.net","web1s.com","anonyviet.com","4g.tintuc247.top","web1s.asia","vanhoatamlinh.com","kiemlua.vn","khotailieuonthi247.com","ipacrack.com","duan24h.net","www.iosviet.com","hoctoan123.com","yhocdata.com","ycongnghe.com","imail.edu.vn","thitotnghiepthpt.vn","mod.lnpchannel.com","handydecor.com.vn","apkmoddone.phongroblox.com","chuyenreview.net"],"resourceTypes":["script","image","xmlhttprequest"]},"priority":100170},{"id":73571,"action":{"type":"allow"},"condition":{"urlFilter":"||player.sohatv.vn/resource/","initiatorDomains":["cafef.vn","gamek.vn","genk.vn","kenh14.vn"],"resourceTypes":["script"]},"priority":100226},{"id":73674,"action":{"type":"allow"},"condition":{"urlFilter":"||securepubads.g.doubleclick.net/tag/js/gpt.js","initiatorDomains":["handydecor.com.vn"],"resourceTypes":["script"]},"priority":100301},{"id":73777,"action":{"type":"allow"},"condition":{"urlFilter":"||services.vlitag.com^","initiatorDomains":["game24h.vn"],"resourceTypes":["script","xmlhttprequest"]},"priority":100276},{"id":73858,"action":{"type":"allow"},"condition":{"urlFilter":"||static.ads-twitter.com/uwt.js","initiatorDomains":["linkneverdie.net","linkneverdie.top","linkneverdie2.com"],"resourceTypes":["script"]},"priority":100235},{"id":73980,"action":{"type":"allow"},"condition":{"urlFilter":"||static.amcdn.vn/tka/cdn.js","initiatorDomains":["genk.vn"],"resourceTypes":["script"]},"priority":100301},{"id":74055,"action":{"type":"allow"},"condition":{"urlFilter":"||static.doubleclick.net/instream/ad_status.js","initiatorDomains":["handydecor.com.vn"],"resourceTypes":["xmlhttprequest"]},"priority":100301},{"id":74158,"action":{"type":"allow"},"condition":{"urlFilter":"||tpc.googlesyndication.com/sodar/sodar2.js","initiatorDomains":["cungthi.online"]},"priority":100201},{"id":74246,"action":{"type":"allow"},"condition":{"urlFilter":"||vlitag.com/vli-assets/prebid/","initiatorDomains":["game24h.vn"],"resourceTypes":["script"]},"priority":100301},{"id":74327,"action":{"type":"allow"},"condition":{"urlFilter":"||voz.vn/u/adx.","resourceTypes":["xmlhttprequest"]},"priority":100101},{"id":74368,"action":{"type":"allow"},"condition":{"urlFilter":"||www3.doubleclick.net^","initiatorDomains":["the.tube"],"resourceTypes":["xmlhttprequest"]},"priority":100301},{"id":74439,"action":{"type":"allow"},"condition":{"urlFilter":"||xahoingaynay.com.vn/upload/20989/20200817/Asset_2_8x_9596af5d4e.png","domainType":"firstParty"},"priority":100002},{"id":76633,"action":{"type":"block"},"condition":{"domainType":"thirdParty","initiatorDomains":["sexdiaryx.live"],"resourceTypes":["script"]},"priority":302},{"id":76696,"action":{"type":"block"},"condition":{"urlFilter":"/assets/js/vast.js","excludedInitiatorDomains":["phevkl.to","viet69.ad"],"resourceTypes":["script"]},"priority":102},{"id":76775,"action":{"type":"block"},"condition":{"urlFilter":"/player/vast.js","resourceTypes":["script"]},"priority":101},{"id":76816,"action":{"type":"block"},"condition":{"urlFilter":"/theme/custom.int.js","initiatorDomains":["top1sex.me","sex.tuoi69.store","hd.javhay.site","coiphimsex.net","phimsexviet.io","phimsexvietnam.app","gm.phimsexnhanh.tv","clipsex.cam","ww1.ditnhau.cc"],"resourceTypes":["script"]},"priority":213},{"id":77014,"action":{"type":"block"},"condition":{"urlFilter":"/wp-content/uploads/*.gif","initiatorDomains":["tuoi69.fyi","tuoinungvn.org","teletiengviet.com","phevkl.to","viet69.ad"],"resourceTypes":["image"]},"priority":221},{"id":77142,"action":{"type":"allow"},"condition":{"urlFilter":"||pagead2.googlesyndication.com^","initiatorDomains":["www.gaingon18.me"]},"priority":100201},{"id":77221,"action":{"type":"block"},"condition":{"urlFilter":"||ads.6789live.com^"},"priority":1},{"id":77251,"action":{"type":"block"},"condition":{"urlFilter":"||avhduwvirosl.com^"},"priority":1},{"id":77281,"action":{"type":"block"},"condition":{"urlFilter":"||blogger.googleusercontent.com^*.gif","initiatorDomains":["www.gvnvh.net"],"resourceTypes":["image"]},"priority":301},{"id":77371,"action":{"type":"block"},"condition":{"urlFilter":"||blurbreimbursetrombone.com^"},"priority":1},{"id":77411,"action":{"type":"block"},"condition":{"urlFilter":"||cdn-01.w3img.com^*.gif","initiatorDomains":["javhd.tech","phimsexvl69.net","khosex.blog","vlxxai.net","javhd.social","sexsoc.info"],"resourceTypes":["image"]},"priority":218},{"id":77549,"action":{"type":"block"},"condition":{"urlFilter":"||cdn.adxcontent.com^"},"priority":1},{"id":77581,"action":{"type":"block"},"condition":{"urlFilter":"||cdn.javbabe.net^","resourceTypes":["sub_frame"]},"priority":101},{"id":77705,"action":{"type":"block"},"condition":{"urlFilter":"||cliphot69.help^*.gif","resourceTypes":["image"]},"priority":101},{"id":77753,"action":{"type":"block"},"condition":{"urlFilter":"||cliphotvn69.com^*.gif","resourceTypes":["image"]},"priority":101},{"id":77802,"action":{"type":"block"},"condition":{"urlFilter":"||cloufdlare.com/ads/vn1.html","initiatorDomains":["vl.phe.to"],"resourceTypes":["sub_frame"]},"priority":301},{"id":77880,"action":{"type":"block"},"condition":{"urlFilter":"||demo123.info/*ads/","initiatorDomains":["phim.sexxsub.pro"],"resourceTypes":["image"]},"priority":301},{"id":77956,"action":{"type":"block"},"condition":{"urlFilter":"||discordapp.","initiatorDomains":["phym18.lol","phim18vip.vip","avvietsub.info","phimsexsub.ink"],"resourceTypes":["image"]},"priority":226},{"id":78063,"action":{"type":"block"},"condition":{"urlFilter":"||github.com/taylordale7372189/","initiatorDomains":["sieudam.site"],"resourceTypes":["image"]},"priority":301},{"id":78146,"action":{"type":"block"},"condition":{"urlFilter":"||i.ibb.co^*.gif","initiatorDomains":["javnong.cc"],"resourceTypes":["image"]},"priority":301},{"id":78212,"action":{"type":"block"},"condition":{"urlFilter":"||i.imgur.com^","initiatorDomains":["phym18.lol","phim18hd.in","fullcliphot.com","jav.sexkhongchehd.com","xx.sexkhongchemoi.com","bimmup.tv"],"resourceTypes":["image"]},"priority":218},{"id":78358,"action":{"type":"redirect","redirect":{"extensionPath":"/web-accessible-resources/redirects/noopmp3.mp3"}},"condition":{"urlFilter":"||i2.vlstorage.com/da88_1080p.mp4","initiatorDomains":["phevkl.to","viet69.ad"]},"priority":1151},{"id":78455,"action":{"type":"block"},"condition":{"urlFilter":"||i9zk5f8szj4x8saj5wcks8acja5sk1dz8stjs2g8isdcn6ejxn8zsr5xjs5h.com^"},"priority":1},{"id":78533,"action":{"type":"block"},"condition":{"urlFilter":"||img.av3x.net/upload/av3x.net/banners/","initiatorDomains":["phimsexhay669.pro"]},"priority":201},{"id":78620,"action":{"type":"block"},"condition":{"urlFilter":"||img.buomtv.vip/palivn/ad/","initiatorDomains":["www.buomtv.io"],"resourceTypes":["image"]},"priority":301},{"id":78700,"action":{"type":"block"},"condition":{"urlFilter":"||img.congdongmassage.com/banner/","initiatorDomains":["congdongmassage.com"],"resourceTypes":["image"]},"priority":301},{"id":78792,"action":{"type":"block"},"condition":{"urlFilter":"||jav.sexkhongchehd.com/theme/main.isa.js","domainType":"firstParty","resourceTypes":["script"]},"priority":102},{"id":78868,"action":{"type":"block"},"condition":{"urlFilter":"||jav.sexsub.icu^*.gif","initiatorDomains":["sex.tuoi69.store","hd.javhay.site","jav.sexsub.icu","vietxxx.xyz"],"resourceTypes":["image"]},"priority":226},{"id":78988,"action":{"type":"block"},"condition":{"urlFilter":"||javtopxx.com/public/images/banner/","resourceTypes":["image"]},"priority":101},{"id":79050,"action":{"type":"block"},"condition":{"urlFilter":"||kgfjrb711.com^"},"priority":1},{"id":79077,"action":{"type":"block"},"condition":{"urlFilter":"||loclipsexhay.net^*.gif","resourceTypes":["image"]},"priority":101},{"id":79127,"action":{"type":"block"},"condition":{"urlFilter":"||lxmanga.live/storage/images/banners"},"priority":1},{"id":79256,"action":{"type":"block"},"condition":{"urlFilter":"||mneydirec.com^"},"priority":1},{"id":79283,"action":{"type":"block"},"condition":{"urlFilter":"||mwejhobumo.com^"},"priority":1},{"id":79311,"action":{"type":"block"},"condition":{"urlFilter":"||ngaytho.me^*.gif"},"priority":1},{"id":79340,"action":{"type":"block"},"condition":{"urlFilter":"||nrs6ffl9w.com^"},"priority":1},{"id":79367,"action":{"type":"block"},"condition":{"urlFilter":"||phim.sexhayvl.org/theme/main.isa.js","resourceTypes":["script"]},"priority":101},{"id":79430,"action":{"type":"block"},"condition":{"urlFilter":"||phimsexsub.ch/wp-admin/admin-ajax.php?action=htmlcountry_get_data"},"priority":1},{"id":79508,"action":{"type":"block"},"condition":{"urlFilter":"||phimsexsub.ch^*.gif","resourceTypes":["image"]},"priority":101},{"id":79555,"action":{"type":"block"},"condition":{"urlFilter":"||phym18.lol/static/js/adlia.js"},"priority":1},{"id":79597,"action":{"type":"block"},"condition":{"urlFilter":"||play.stream4.me/jwplayer/vast.js","initiatorDomains":["play.stream4.me"],"resourceTypes":["script"]},"priority":301},{"id":79686,"action":{"type":"block"},"condition":{"urlFilter":"||qcvip.xyz^","initiatorDomains":["phevkl.to","viet69.ad"],"resourceTypes":["script"]},"priority":251},{"id":79757,"action":{"type":"block"},"condition":{"urlFilter":"||quatvn.skin/ads.js","resourceTypes":["script"]},"priority":101},{"id":79803,"action":{"type":"block"},"condition":{"urlFilter":"||quoracdn.net^","initiatorDomains":["vlxx.tech","vlxyz.tube","sieudam.site","phevkl.to","viet69.ad","phim18vip.vip","sexchichnhau.net","pheclipsex.net","vlmupsex.com","sexhihiz.me"],"resourceTypes":["image"]},"priority":211},{"id":79982,"action":{"type":"block"},"condition":{"urlFilter":"||rphang.online^*.gif"},"priority":1},{"id":80014,"action":{"type":"block"},"condition":{"urlFilter":"||sayhentai.one/assets/js/ads.js"},"priority":1},{"id":80057,"action":{"type":"block"},"condition":{"urlFilter":"||sayhentai.one/storage/images/banner/","resourceTypes":["image"]},"priority":101},{"id":80199,"action":{"type":"block"},"condition":{"urlFilter":"||sexhd88.club/wp-content/themes/vidorev/img/jun881.png","resourceTypes":["image"]},"priority":101},{"id":80280,"action":{"type":"block"},"condition":{"urlFilter":"||sexhd88.club^*.gif","resourceTypes":["image"]},"priority":101},{"id":80326,"action":{"type":"block"},"condition":{"urlFilter":"||sieukhung.meme^*.gif","resourceTypes":["image"]},"priority":101},{"id":80374,"action":{"type":"block"},"condition":{"urlFilter":"||t7cp4fldl.com^"},"priority":1},{"id":80401,"action":{"type":"block"},"condition":{"urlFilter":"||telegra.ph/file/","initiatorDomains":["cliphot69.pics"],"resourceTypes":["image"]},"priority":301},{"id":80473,"action":{"type":"block"},"condition":{"urlFilter":"||telegra.ph^","initiatorDomains":["fulllivehot.live"],"resourceTypes":["image"]},"priority":301},{"id":80542,"action":{"type":"block"},"condition":{"urlFilter":"||topviet69.video^*.gif","resourceTypes":["image"]},"priority":101},{"id":80591,"action":{"type":"block"},"condition":{"urlFilter":"||truyen18.fun/media/abc/","resourceTypes":["image"]},"priority":101},{"id":80642,"action":{"type":"block"},"condition":{"urlFilter":"||truyen18.fun/media/banner/","resourceTypes":["image"]},"priority":101},{"id":80696,"action":{"type":"block"},"condition":{"urlFilter":"||truyensextv.com/anh/","resourceTypes":["image"]},"priority":101},{"id":80744,"action":{"type":"block"},"condition":{"urlFilter":"||truyensextv.com^*.gif"},"priority":1},{"id":80778,"action":{"type":"block"},"condition":{"urlFilter":"||truyenvn.live^*banner","resourceTypes":["image"]},"priority":101},{"id":80827,"action":{"type":"block"},"condition":{"urlFilter":"||vl3x.vip/ads/","resourceTypes":["script"]},"priority":101},{"id":80868,"action":{"type":"block"},"condition":{"urlFilter":"||vlmupsex.com^*.gif","initiatorDomains":["vlmupsex.com"],"resourceTypes":["image"]},"priority":301},{"id":80940,"action":{"type":"block"},"condition":{"urlFilter":"||www.buomtv.io/palivn/ad/","resourceTypes":["image"]},"priority":101},{"id":80992,"action":{"type":"block"},"condition":{"urlFilter":"||www.displayvertising.com^"},"priority":1},{"id":81030,"action":{"type":"block"},"condition":{"urlFilter":"||x.clipsexhot.org/theme/main.isa.js","initiatorDomains":["x.clipsexhot.org"],"resourceTypes":["script"]},"priority":301},{"id":81122,"action":{"type":"block"},"condition":{"urlFilter":"||xx.sexkhongchemoi.com/theme/main.isa.js","initiatorDomains":["xx.sexkhongchemoi.com"],"resourceTypes":["script"]},"priority":301},{"id":81224,"action":{"type":"block"},"condition":{"urlFilter":"||ybs2ffs7v.com^"},"priority":1},{"id":81251,"action":{"type":"block"},"condition":{"urlFilter":"||yr.fopbandido.com^"},"priority":1},{"id":3872,"action":{"type":"modifyHeaders","responseHeaders":[{"operation":"append","header":"Content-Security-Policy","value":"script-src data: blob: * 'self' 'unsafe-inline'"}]},"condition":{"urlFilter":"||baomoi.com","resourceTypes":["main_frame","sub_frame","stylesheet","script","image","font","object","xmlhttprequest","ping","media","websocket","other"]},"priority":1},{"id":7718,"action":{"type":"modifyHeaders","responseHeaders":[{"operation":"append","header":"Content-Security-Policy","value":"script-src data: 'self' 'unsafe-inline' http: https:"}]},"condition":{"urlFilter":"||huongdanjava.com","resourceTypes":["main_frame","sub_frame","stylesheet","script","image","font","object","xmlhttprequest","ping","media","websocket","other"]},"priority":1},{"id":10861,"action":{"type":"modifyHeaders","responseHeaders":[{"operation":"append","header":"Content-Security-Policy","value":"script-src 'self' 'unsafe-inline' https:"}]},"condition":{"urlFilter":"||phimhdc.wiki","resourceTypes":["main_frame","sub_frame","stylesheet","script","image","font","object","xmlhttprequest","ping","media","websocket","other"]},"priority":1},{"id":13630,"action":{"type":"modifyHeaders","responseHeaders":[{"operation":"append","header":"Content-Security-Policy","value":"script-src 'self' 'unsafe-inline' data: https:"}]},"condition":{"urlFilter":"||taoanhdep.com","resourceTypes":["main_frame","sub_frame","stylesheet","script","image","font","object","xmlhttprequest","ping","media","websocket","other"]},"priority":1},{"id":14764,"action":{"type":"modifyHeaders","responseHeaders":[{"operation":"append","header":"Content-Security-Policy","value":"script-src 'self' 'unsafe-inline'"}]},"condition":{"urlFilter":"||truyen4u.pro","resourceTypes":["main_frame","sub_frame","stylesheet","script","image","font","object","xmlhttprequest","ping","media","websocket","other"]},"priority":1},{"id":15517,"action":{"type":"modifyHeaders","responseHeaders":[{"operation":"append","header":"Content-Security-Policy","value":"script-src self * data:* 'unsafe-inline'"}]},"condition":{"urlFilter":"||ungtycomicsoi.com","resourceTypes":["main_frame","sub_frame","stylesheet","script","image","font","object","xmlhttprequest","ping","media","websocket","other"]},"priority":1},{"id":16640,"action":{"type":"modifyHeaders","responseHeaders":[{"operation":"append","header":"Content-Security-Policy","value":"script-src 'self' 'unsafe-inline' http: https:"}]},"condition":{"urlFilter":"||www.iosviet.com^","resourceTypes":["main_frame","sub_frame","stylesheet","script","image","font","object","xmlhttprequest","ping","media","websocket","other"]},"priority":1},{"id":77625,"action":{"type":"modifyHeaders","responseHeaders":[{"operation":"append","header":"Content-Security-Policy","value":"script-src 'self' 'unsafe-inline'"}]},"condition":{"urlFilter":"||cliphot69.help","resourceTypes":["main_frame","sub_frame","stylesheet","script","image","font","object","xmlhttprequest","ping","media","websocket","other"]},"priority":1},{"id":79175,"action":{"type":"modifyHeaders","responseHeaders":[{"operation":"append","header":"Content-Security-Policy","value":"script-src 'self' 'unsafe-inline' http"}]},"condition":{"urlFilter":"||mangadm.cc","resourceTypes":["main_frame","sub_frame","stylesheet","script","image","font","object","xmlhttprequest","ping","media","websocket","other"]},"priority":1},{"id":80121,"action":{"type":"modifyHeaders","responseHeaders":[{"operation":"append","header":"Content-Security-Policy","value":"script-src 'self' 'unsafe-eval'"}]},"condition":{"urlFilter":"||sexdiaryx.live","resourceTypes":["main_frame","sub_frame","stylesheet","script","image","font","object","xmlhttprequest","ping","media","websocket","other"]},"priority":1}]