[{"id":74859,"action":{"type":"block"},"condition":{"urlFilter":"||3monkey.lol/vilagunk_640.html","initiatorDomains":["vilagunk.hu"]},"priority":201},{"id":74932,"action":{"type":"block"},"condition":{"urlFilter":"||aghtag.tech/libs/projectagora.min.js^","initiatorDomains":["gyakorikerdesek.hu","hoxa.hu"],"resourceTypes":["script"]},"priority":251},{"id":75037,"action":{"type":"block"},"condition":{"urlFilter":"||floweryoperation.com/v2/0/","initiatorDomains":["karpathir.com"]},"priority":201},{"id":75109,"action":{"type":"block"},"condition":{"urlFilter":"*/empty.json"},"priority":1},{"id":75134,"action":{"type":"block"},"condition":{"urlFilter":"*/eu-banned-popup/"},"priority":1},{"id":75165,"action":{"type":"block"},"condition":{"urlFilter":"||444.hu/*/ease/"},"priority":1},{"id":75192,"action":{"type":"block"},"condition":{"urlFilter":"||ado.hu/banners/","resourceTypes":["image"]},"priority":101},{"id":75235,"action":{"type":"block"},"condition":{"urlFilter":"||affiliate.hu","resourceTypes":["sub_frame"]},"priority":101},{"id":75275,"action":{"type":"block"},"condition":{"urlFilter":"||affiliation.arukereso.hu/pbox/"},"priority":1},{"id":75318,"action":{"type":"block"},"condition":{"urlFilter":"||alfahir.hu^*/hirdetesfoto/","resourceTypes":["image"]},"priority":101},{"id":75372,"action":{"type":"block"},"condition":{"urlFilter":"||amiotthonunk.hu/images/banners/"},"priority":1},{"id":75416,"action":{"type":"block"},"condition":{"urlFilter":"||aori.hu/banner"},"priority":1},{"id":75443,"action":{"type":"block"},"condition":{"urlFilter":"||asva.info/tmp/"},"priority":1},{"id":75470,"action":{"type":"block"},"condition":{"urlFilter":"||asva.info/wp-content/themes/branfordmagazine/images/banners/","resourceTypes":["image"]},"priority":101},{"id":75558,"action":{"type":"block"},"condition":{"urlFilter":"||atv.hu/*reklam"},"priority":1},{"id":75585,"action":{"type":"block"},"condition":{"urlFilter":"||autopro.hu/uploads/banners/","resourceTypes":["image"]},"priority":101},{"id":75640,"action":{"type":"block"},"condition":{"urlFilter":"||bannerserver.hu","resourceTypes":["sub_frame"]},"priority":101},{"id":75683,"action":{"type":"block"},"condition":{"urlFilter":"||bitport.hu/images/szponzoracio/","resourceTypes":["image"]},"priority":101},{"id":75742,"action":{"type":"block"},"condition":{"urlFilter":"||bkv.hu/public/assets/img/banner/","resourceTypes":["image"]},"priority":101},{"id":75802,"action":{"type":"block"},"condition":{"urlFilter":"||blog.hu/*/ad/"},"priority":1},{"id":75828,"action":{"type":"block"},"condition":{"urlFilter":"||blog.hu/*/hird/*."},"priority":1},{"id":75858,"action":{"type":"block"},"condition":{"urlFilter":"||blog.hu/ad/"},"priority":1},{"id":75882,"action":{"type":"block"},"condition":{"urlFilter":"||blog.hu/media/image/hird/","resourceTypes":["image"]},"priority":101},{"id":75935,"action":{"type":"block"},"condition":{"urlFilter":"||blog.hu/pixel"},"priority":1},{"id":75961,"action":{"type":"block"},"condition":{"urlFilter":"||borsonline.hu/*hirdetes"},"priority":1},{"id":75997,"action":{"type":"block"},"condition":{"urlFilter":"||cegmarketing.hu/banner"},"priority":1},{"id":76032,"action":{"type":"block"},"condition":{"urlFilter":"||cfusion-internet.com^","domainType":"thirdParty"},"priority":2},{"id":76081,"action":{"type":"block"},"condition":{"urlFilter":"||chat.hu/Client/banner"},"priority":1},{"id":76115,"action":{"type":"block"},"condition":{"urlFilter":"||chat.hu/imgadverts","resourceTypes":["image"]},"priority":101},{"id":76161,"action":{"type":"block"},"condition":{"urlFilter":"||cosmopolitan.hu/*/sponsor/"},"priority":1},{"id":76200,"action":{"type":"block"},"condition":{"urlFilter":"||csongradihirek.hu/portal/images/stories/_reklamok/","resourceTypes":["image"]},"priority":101},{"id":76278,"action":{"type":"block"},"condition":{"urlFilter":"||dijnet.hu/ekonto/images/news/","resourceTypes":["image"]},"priority":101},{"id":76335,"action":{"type":"block"},"condition":{"urlFilter":"||dijnet.hu/ekonto/images/szolg_logo/adomany_logo.jpg","resourceTypes":["image"]},"priority":101},{"id":76414,"action":{"type":"block"},"condition":{"urlFilter":"||dijnet.hu/ekonto/images/szolg_logo/hu/adomany_logo.jpg","resourceTypes":["image"]},"priority":101},{"id":76496,"action":{"type":"block"},"condition":{"urlFilter":"||duen.hu/*ad"},"priority":1},{"id":76520,"action":{"type":"block"},"condition":{"urlFilter":"||esport1.hu/banner/","resourceTypes":["image"]},"priority":101},{"id":76566,"action":{"type":"block"},"condition":{"urlFilter":"||est.hu/design/img/szponzoracio/","resourceTypes":["image"]},"priority":101},{"id":76625,"action":{"type":"block"},"condition":{"urlFilter":"||eudomain.eu/ad"},"priority":1},{"id":76652,"action":{"type":"block"},"condition":{"urlFilter":"||eudomain.eu/affiliate"},"priority":1},{"id":76686,"action":{"type":"block"},"condition":{"urlFilter":"||ezoterikus.hu/*banner*/"},"priority":1},{"id":76722,"action":{"type":"block"},"condition":{"urlFilter":"||femcafe.hu/*/spike_ad/"},"priority":1},{"id":76757,"action":{"type":"block"},"condition":{"urlFilter":"||femcafe.hu/*/sponsoration/"},"priority":1},{"id":76796,"action":{"type":"block"},"condition":{"urlFilter":"||femcafe.hu/*/szponzoracio/"},"priority":1},{"id":76835,"action":{"type":"block"},"condition":{"urlFilter":"||femcafe.hu/spike-ad/"},"priority":1},{"id":76868,"action":{"type":"block"},"condition":{"urlFilter":"||fototrend.hu/design/hatter.jpg","resourceTypes":["image"]},"priority":101},{"id":76926,"action":{"type":"block"},"condition":{"urlFilter":"||freeweb.hu/*_banner*."},"priority":1},{"id":76960,"action":{"type":"block"},"condition":{"urlFilter":"||gamepod.hu/ajanlo/lapcsalad.html"},"priority":1},{"id":77005,"action":{"type":"block"},"condition":{"urlFilter":"||geeks.hu/*body-bg-*."},"priority":1},{"id":77038,"action":{"type":"block"},"condition":{"urlFilter":"||gigasex.hu/bannerek/","resourceTypes":["image"]},"priority":101},{"id":77086,"action":{"type":"block"},"condition":{"urlFilter":"||glassdoor.com/app/static/js/gd-fj-ads-init","resourceTypes":["script"]},"priority":101},{"id":77156,"action":{"type":"block"},"condition":{"urlFilter":"||gyakorikerdesek.hu/pic/bannerek/","resourceTypes":["image"]},"priority":101},{"id":77216,"action":{"type":"block"},"condition":{"urlFilter":"||harmonet.hu/*hirdetes"},"priority":1},{"id":77250,"action":{"type":"block"},"condition":{"urlFilter":"||hasznaltgsm.hu/gsm/iframes/"},"priority":1},{"id":77290,"action":{"type":"block"},"condition":{"urlFilter":"||hatarido-szamitas.hu/partnerek/"},"priority":1},{"id":77334,"action":{"type":"block"},"condition":{"urlFilter":"||hazipatika.com/sponsoredbys/"},"priority":1},{"id":77375,"action":{"type":"block"},"condition":{"urlFilter":"||hirado.hu*/microsites/*wallpaper*.","resourceTypes":["image"]},"priority":101},{"id":77437,"action":{"type":"block"},"condition":{"urlFilter":"||hirado.hu/Newsreel/*_bg_*.","resourceTypes":["image"]},"priority":101},{"id":77491,"action":{"type":"block"},"condition":{"urlFilter":"||hircsarda.hu/ads/"},"priority":1},{"id":77521,"action":{"type":"block"},"condition":{"urlFilter":"||hirdetes.ingatlan.com/banner/","resourceTypes":["image"]},"priority":101},{"id":77578,"action":{"type":"block"},"condition":{"urlFilter":"||hirek.sk/banner/","resourceTypes":["image"]},"priority":101},{"id":77622,"action":{"type":"block"},"condition":{"urlFilter":"||hosszupuskasub.com/css/*skin.jpg","resourceTypes":["image"]},"priority":101},{"id":77682,"action":{"type":"block"},"condition":{"urlFilter":"||hrportal.hu/images/banner/","resourceTypes":["image"]},"priority":101},{"id":77736,"action":{"type":"block"},"condition":{"urlFilter":"||hungariantop1000.com/cgi-bin/counter.cgi"},"priority":1},{"id":77789,"action":{"type":"block"},"condition":{"urlFilter":"||hupont.hu/hirdetes/"},"priority":1},{"id":77821,"action":{"type":"block"},"condition":{"urlFilter":"||hwsw.hu/images/bodybgs/","resourceTypes":["image"]},"priority":101},{"id":77872,"action":{"type":"block"},"condition":{"urlFilter":"||hwsw.hu/images/bodybgs2/"},"priority":1},{"id":77909,"action":{"type":"block"},"condition":{"urlFilter":"||i.cdn29.hu/apix_collect/ads"},"priority":1},{"id":77949,"action":{"type":"block"},"condition":{"urlFilter":"||iho.hu/img/banner/"},"priority":1},{"id":77980,"action":{"type":"block"},"condition":{"urlFilter":"||image.arukereso.hu/ad","resourceTypes":["image"]},"priority":101},{"id":78029,"action":{"type":"block"},"condition":{"urlFilter":"||img.hunbasket.webpont.com/kosarsport/art/*banner","resourceTypes":["image"]},"priority":101},{"id":78105,"action":{"type":"block"},"condition":{"urlFilter":"||infogyor.hu/*_banners/"},"priority":1},{"id":78140,"action":{"type":"block"},"condition":{"urlFilter":"||informed.hu/*banner"},"priority":1},{"id":78172,"action":{"type":"block"},"condition":{"urlFilter":"||ingyenweb.hu/felso/*."},"priority":1},{"id":78206,"action":{"type":"block"},"condition":{"urlFilter":"||ingyenweb.hu/smsbanner/"},"priority":1},{"id":78242,"action":{"type":"block"},"condition":{"urlFilter":"||jogiforum.hu/files/partner/"},"priority":1},{"id":78282,"action":{"type":"block"},"condition":{"urlFilter":"||kiszamolo.hu/wp-content/uploads/*banner*.png","resourceTypes":["image"]},"priority":101},{"id":78354,"action":{"type":"block"},"condition":{"urlFilter":"||kiszamolo.hu/wp-content/uploads/2016/09/Hitel-290x200-blog-jobb.gif","resourceTypes":["image"]},"priority":101},{"id":78449,"action":{"type":"block"},"condition":{"urlFilter":"||kiszamolo.hu/wp-content/uploads/2019/11/550x104-02.jpg","resourceTypes":["image"]},"priority":101},{"id":78531,"action":{"type":"block"},"condition":{"urlFilter":"||kiszamolo.hu/wp-content/uploads/2019/11/400x400-02.jpg","resourceTypes":["image"]},"priority":101},{"id":78613,"action":{"type":"block"},"condition":{"urlFilter":"||klasszikradio.hu/uploads/banner/","resourceTypes":["image"]},"priority":101},{"id":78673,"action":{"type":"block"},"condition":{"urlFilter":"||klubradio.hu/data/files/banner","resourceTypes":["image"]},"priority":101},{"id":78731,"action":{"type":"block"},"condition":{"urlFilter":"||konkretkonyvek.hu/data/banners/","resourceTypes":["image"]},"priority":101},{"id":78790,"action":{"type":"block"},"condition":{"urlFilter":"||koponyeg.hu/skins/k4/hirdetes/"},"priority":1},{"id":78886,"action":{"type":"block"},"condition":{"urlFilter":"||kuruc.info/galeriaN/banner/","resourceTypes":["image"]},"priority":101},{"id":78941,"action":{"type":"block"},"condition":{"urlFilter":"||lapok.hu/felso/felso.php"},"priority":1},{"id":78978,"action":{"type":"block"},"condition":{"urlFilter":"||libri.hu/export/prodBann/"},"priority":1},{"id":79016,"action":{"type":"block"},"condition":{"urlFilter":"||libri.hu/html/images/skin/","resourceTypes":["image"]},"priority":101},{"id":79070,"action":{"type":"block"},"condition":{"urlFilter":"||lolmarkt.hu/banner/","resourceTypes":["image"]},"priority":101},{"id":79117,"action":{"type":"block"},"condition":{"urlFilter":"||love.hu/design/*hirdetes*."},"priority":1},{"id":79156,"action":{"type":"block"},"condition":{"urlFilter":"||magyar-elektronika.hu/images/banners/","resourceTypes":["image"]},"priority":101},{"id":79221,"action":{"type":"block"},"condition":{"urlFilter":"||magyarszo.com/images/banner/","resourceTypes":["image"]},"priority":101},{"id":79277,"action":{"type":"block"},"condition":{"urlFilter":"||mandiner.hu/*/banner/","resourceTypes":["image"]},"priority":101},{"id":79326,"action":{"type":"block"},"condition":{"urlFilter":"||mandiner.hu/images/design/*-bg.","resourceTypes":["image"]},"priority":101},{"id":79385,"action":{"type":"block"},"condition":{"urlFilter":"||medicalonline.hu/*hirdetes"},"priority":1},{"id":79424,"action":{"type":"block"},"condition":{"urlFilter":"||metropol.hu/*/images/sponsor_*.","resourceTypes":["image"]},"priority":101},{"id":79483,"action":{"type":"block"},"condition":{"urlFilter":"||miabonyunk.hu/hirdetesek/"},"priority":1},{"id":79521,"action":{"type":"block"},"condition":{"urlFilter":"||mindmegette.hu/images/294/O/nyerjagyulaival_2020_background_300x300.jpg","resourceTypes":["image"]},"priority":101},{"id":79620,"action":{"type":"block"},"condition":{"urlFilter":"||mkbnetbankar.hu/banner"},"priority":1},{"id":79655,"action":{"type":"block"},"condition":{"urlFilter":"||mlzphoto.hu/bannerek/","resourceTypes":["image"]},"priority":101},{"id":79704,"action":{"type":"block"},"condition":{"urlFilter":"||mobilarena.hu/ajanlo/lapcsalad.html"},"priority":1},{"id":79752,"action":{"type":"block"},"condition":{"urlFilter":"||napidroid.hu/*/*hird"},"priority":1},{"id":79785,"action":{"type":"block"},"condition":{"urlFilter":"||napidroid.hu/*/*logo","resourceTypes":["image"]},"priority":101},{"id":79833,"action":{"type":"block"},"condition":{"urlFilter":"||napocska.hu/images/*_advert*.","resourceTypes":["image"]},"priority":101},{"id":79890,"action":{"type":"block"},"condition":{"urlFilter":"||net-solutions.hu/banner/","resourceTypes":["image"]},"priority":101},{"id":79995,"action":{"type":"block"},"condition":{"urlFilter":"||noplaza.hu/banner/","resourceTypes":["image"]},"priority":101},{"id":80041,"action":{"type":"block"},"condition":{"urlFilter":"||nso.hu/*/sponsoration/*."},"priority":1},{"id":80078,"action":{"type":"block"},"condition":{"urlFilter":"||okmanyiroda.hu/banner.html"},"priority":1},{"id":80117,"action":{"type":"block"},"condition":{"urlFilter":"||p3k.hu/*_hatter*.","resourceTypes":["image"]},"priority":101},{"id":80162,"action":{"type":"block"},"condition":{"urlFilter":"||p3k.hu/*szponz*."},"priority":1},{"id":80191,"action":{"type":"block"},"condition":{"urlFilter":"||pcguru.hu/uploads/banners/*.jpg","resourceTypes":["image"]},"priority":101},{"id":80250,"action":{"type":"block"},"condition":{"urlFilter":"||pcpult.hu/*/banner/","resourceTypes":["image"]},"priority":101},{"id":80297,"action":{"type":"block"},"condition":{"urlFilter":"||pcworld.hu/bannerek/","resourceTypes":["image"]},"priority":101},{"id":80345,"action":{"type":"block"},"condition":{"urlFilter":"||piacesprofit.hu/files/skin/","resourceTypes":["image"]},"priority":101},{"id":80400,"action":{"type":"block"},"condition":{"urlFilter":"||pornolize.com/*?clickTAG="},"priority":1},{"id":80438,"action":{"type":"block"},"condition":{"urlFilter":"||port-network.com/sponsoration_elements/"},"priority":1},{"id":80490,"action":{"type":"block"},"condition":{"urlFilter":"||portfolio.hu/img/partner/","resourceTypes":["image"]},"priority":101},{"id":80543,"action":{"type":"block"},"condition":{"urlFilter":"||preissuchmaschine.de/banner/","resourceTypes":["image"]},"priority":101},{"id":80599,"action":{"type":"block"},"condition":{"urlFilter":"||prohardver.hu/dl/cnt/*/background.png","resourceTypes":["image"]},"priority":101},{"id":80664,"action":{"type":"block"},"condition":{"urlFilter":"||randihely.hu/adnews/"},"priority":1},{"id":80697,"action":{"type":"block"},"condition":{"urlFilter":"||revizoronline.com/*banner"},"priority":1},{"id":80735,"action":{"type":"block"},"condition":{"urlFilter":"||sg.hu/images/hirdetes.gif","resourceTypes":["image"]},"priority":101},{"id":80788,"action":{"type":"block"},"condition":{"urlFilter":"||sg.hu/sg.wgt"},"priority":1},{"id":80813,"action":{"type":"block"},"condition":{"urlFilter":"||sielok.hu/kampanybanner/","resourceTypes":["image"]},"priority":101},{"id":80865,"action":{"type":"block"},"condition":{"urlFilter":"||sikerado.hu/banner/","resourceTypes":["image"]},"priority":101},{"id":80912,"action":{"type":"block"},"condition":{"urlFilter":"||stat.profession.hu/static/assets/images/prize-game","resourceTypes":["image"]},"priority":101},{"id":80990,"action":{"type":"block"},"condition":{"urlFilter":"||static.lhp.hu/lhp.hu/bannerek/","resourceTypes":["image"]},"priority":101},{"id":81048,"action":{"type":"block"},"condition":{"urlFilter":"||static.love.hu/design/ad/"},"priority":1},{"id":81086,"action":{"type":"block"},"condition":{"urlFilter":"||static.nemzetisport.hu//style/nso/i/*banner"},"priority":1},{"id":81142,"action":{"type":"block"},"condition":{"urlFilter":"||static.nemzetisport.hu//style/nso/i/betclic.gif","resourceTypes":["image"]},"priority":101},{"id":81217,"action":{"type":"block"},"condition":{"urlFilter":"||static.origos.hu/s/css/responsive-ads/hangar/hangar-investor-web.css","resourceTypes":["stylesheet"]},"priority":101},{"id":81313,"action":{"type":"block"},"condition":{"urlFilter":"||stylemagazin.hu/static/template_settings/"},"priority":1},{"id":81367,"action":{"type":"block"},"condition":{"urlFilter":"||szegeder.hu/get-ads"},"priority":1},{"id":81399,"action":{"type":"block"},"condition":{"urlFilter":"||szegeder.hu/js/ads-prebid.js^","resourceTypes":["script"]},"priority":101},{"id":81456,"action":{"type":"block"},"condition":{"urlFilter":"||szegedma.hu/*banners/*."},"priority":1},{"id":81492,"action":{"type":"block"},"condition":{"urlFilter":"||szepsegbroker.hu/banner/","resourceTypes":["image"]},"priority":101},{"id":81544,"action":{"type":"block"},"condition":{"urlFilter":"||szepsegbroker.hu/elements/bannerz.2019.js^","resourceTypes":["script"]},"priority":101},{"id":81614,"action":{"type":"block"},"condition":{"urlFilter":"||talalka.hu/hirdetes/"},"priority":1},{"id":81647,"action":{"type":"block"},"condition":{"urlFilter":"||telefonguru.hu/banners/","resourceTypes":["image"]},"priority":101},{"id":81698,"action":{"type":"block"},"condition":{"urlFilter":"||telefonguru.hu/iframes/"},"priority":1},{"id":81734,"action":{"type":"block"},"condition":{"urlFilter":"||tvn.hu/tvn/kepek/xpoker.hu/","resourceTypes":["image"]},"priority":101},{"id":81789,"action":{"type":"block"},"condition":{"urlFilter":"||ultraweb.hu/ad*.php"},"priority":1},{"id":81821,"action":{"type":"block"},"condition":{"urlFilter":"||utcakereso.hu/hirdetes/"},"priority":1},{"id":81857,"action":{"type":"block"},"condition":{"urlFilter":"||vatera.hu/affiliate/images/banner/","resourceTypes":["image"]},"priority":101},{"id":81919,"action":{"type":"block"},"condition":{"urlFilter":"||vezess.hu/data/files/bannerek/","resourceTypes":["image"]},"priority":101},{"id":81977,"action":{"type":"block"},"condition":{"urlFilter":"||vezess.hu/data/files/kapcsolodo_anyagok/szponz_hatterek/","resourceTypes":["image"]},"priority":101},{"id":82061,"action":{"type":"block"},"condition":{"urlFilter":"||vezess2.p3k.hu/app/uploads/*nyeremenyjatek","resourceTypes":["image"]},"priority":101},{"id":82131,"action":{"type":"block"},"condition":{"urlFilter":"||vg.hu/banners/","resourceTypes":["image"]},"priority":101},{"id":82173,"action":{"type":"block"},"condition":{"urlFilter":"||webminute.hu/bannerek/","resourceTypes":["image"]},"priority":101},{"id":82223,"action":{"type":"block"},"condition":{"urlFilter":"||zeneszoveg.hu/gfx/skin-*/*."},"priority":1},{"id":82263,"action":{"type":"block"},"condition":{"urlFilter":"||widget.block4d.com^"},"priority":1},{"id":82295,"action":{"type":"block"},"condition":{"urlFilter":"||a.adnium.com^"},"priority":1},{"id":82321,"action":{"type":"block"},"condition":{"urlFilter":"||ad.depo.hu^"},"priority":1},{"id":82345,"action":{"type":"block"},"condition":{"urlFilter":"||ad.gyermekevek.hu^"},"priority":1},{"id":82376,"action":{"type":"block"},"condition":{"urlFilter":"||ad.hirekmedia.hu^"},"priority":1},{"id":82406,"action":{"type":"block"},"condition":{"urlFilter":"||ad.kapos.hu^"},"priority":1},{"id":82431,"action":{"type":"block"},"condition":{"urlFilter":"||ad.love.hu^"},"priority":1},{"id":82455,"action":{"type":"block"},"condition":{"urlFilter":"||ad.napilapcsoport.hu^"},"priority":1},{"id":82489,"action":{"type":"block"},"condition":{"urlFilter":"||ad.onadozo.hu^"},"priority":1},{"id":82516,"action":{"type":"block"},"condition":{"urlFilter":"||ad.parom.hu^"},"priority":1},{"id":82541,"action":{"type":"block"},"condition":{"urlFilter":"||ad.pphungary.hu^"},"priority":1},{"id":82570,"action":{"type":"block"},"condition":{"urlFilter":"||ad.szexneked.hu^"},"priority":1},{"id":82599,"action":{"type":"block"},"condition":{"urlFilter":"||ad*.gyaloglo.hu^"},"priority":1},{"id":82628,"action":{"type":"block"},"condition":{"urlFilter":"||ad*.mellesleg.hu^"},"priority":1},{"id":82658,"action":{"type":"block"},"condition":{"urlFilter":"||adfair.hu^"},"priority":1},{"id":82681,"action":{"type":"block"},"condition":{"urlFilter":"||adfree-stat.p3g.hu^"},"priority":1},{"id":82713,"action":{"type":"block"},"condition":{"urlFilter":"||ads.geeks.hu^"},"priority":1},{"id":82739,"action":{"type":"block"},"condition":{"urlFilter":"||adv.forpsi.hu^"},"priority":1},{"id":82766,"action":{"type":"block"},"condition":{"urlFilter":"||adv.hu^"},"priority":1},{"id":82786,"action":{"type":"block"},"condition":{"urlFilter":"||adverbs.napilapcsoport.hu^"},"priority":1},{"id":82825,"action":{"type":"block"},"condition":{"urlFilter":"||advert*.ultraweb.hu^"},"priority":1},{"id":82858,"action":{"type":"block"},"condition":{"urlFilter":"||adverticum.*.hu^"},"priority":1},{"id":82887,"action":{"type":"block"},"condition":{"urlFilter":"||app.livechatoo.com^"},"priority":1},{"id":82919,"action":{"type":"block"},"condition":{"urlFilter":"||as*.prog.hu^"},"priority":1},{"id":82944,"action":{"type":"block"},"condition":{"urlFilter":"||audit.median.hu^"},"priority":1},{"id":82973,"action":{"type":"block"},"condition":{"urlFilter":"||avatraffic.com^"},"priority":1},{"id":83001,"action":{"type":"block"},"condition":{"urlFilter":"||banner.webtar.hu^"},"priority":1},{"id":83031,"action":{"type":"block"},"condition":{"urlFilter":"||bannerzone.agroinform.hu^"},"priority":1},{"id":83069,"action":{"type":"block"},"condition":{"urlFilter":"||brostraffic.com^"},"priority":1},{"id":83098,"action":{"type":"block"},"condition":{"urlFilter":"||campaign-remp.444.hu^"},"priority":1},{"id":83132,"action":{"type":"block"},"condition":{"urlFilter":"||cdn-dynamic.optimonk.com^"},"priority":1},{"id":83170,"action":{"type":"block"},"condition":{"urlFilter":"||daserver.ultraweb.hu^"},"priority":1},{"id":83204,"action":{"type":"block"},"condition":{"urlFilter":"||et.twyn.com^"},"priority":1},{"id":83229,"action":{"type":"block"},"condition":{"urlFilter":"||etargetnet.*.hu^"},"priority":1},{"id":83258,"action":{"type":"block"},"condition":{"urlFilter":"||fourtwentytradingcompany.net^"},"priority":1},{"id":83300,"action":{"type":"block"},"condition":{"urlFilter":"||fruitflan.com^"},"priority":1},{"id":83327,"action":{"type":"block"},"condition":{"urlFilter":"||iofferphoto.com^"},"priority":1},{"id":83356,"action":{"type":"block"},"condition":{"urlFilter":"||loading-delivery2.com^"},"priority":1},{"id":83391,"action":{"type":"block"},"condition":{"urlFilter":"||media.netpositive.hu^"},"priority":1},{"id":83425,"action":{"type":"block"},"condition":{"urlFilter":"||netadclick.com^"},"priority":1},{"id":83453,"action":{"type":"block"},"condition":{"urlFilter":"||netexs.com^"},"priority":1},{"id":83477,"action":{"type":"block"},"condition":{"urlFilter":"||new-bigpenn.com^"},"priority":1},{"id":83506,"action":{"type":"block"},"condition":{"urlFilter":"||pixel.blog.hu^"},"priority":1},{"id":83533,"action":{"type":"block"},"condition":{"urlFilter":"||pixel.sojern.com^"},"priority":1},{"id":83563,"action":{"type":"block"},"condition":{"urlFilter":"||rc.rc.hu^"},"priority":1},{"id":83585,"action":{"type":"block"},"condition":{"urlFilter":"||rc.rootclick.com^"},"priority":1},{"id":83615,"action":{"type":"block"},"condition":{"urlFilter":"||redwolfmoon.com^"},"priority":1},{"id":83644,"action":{"type":"block"},"condition":{"urlFilter":"||rehs.*.hu^"},"priority":1},{"id":83667,"action":{"type":"block"},"condition":{"urlFilter":"||related.hu^"},"priority":1},{"id":83691,"action":{"type":"block"},"condition":{"urlFilter":"||sher.*.hu^"},"priority":1},{"id":83714,"action":{"type":"block"},"condition":{"urlFilter":"||smartcj.com^"},"priority":1},{"id":83739,"action":{"type":"block"},"condition":{"urlFilter":"||stat.adultium.com^"},"priority":1},{"id":83770,"action":{"type":"block"},"condition":{"urlFilter":"||stats.badoostats.com^"},"priority":1},{"id":83804,"action":{"type":"block"},"condition":{"urlFilter":"||syndication.trafficreps.com^"},"priority":1},{"id":83845,"action":{"type":"block"},"condition":{"urlFilter":"||szemezgeto*.ingatlan.com^"},"priority":1},{"id":83883,"action":{"type":"block"},"condition":{"urlFilter":"||up-banner.wavecdn.de^"},"priority":1},{"id":83917,"action":{"type":"block"},"condition":{"urlFilter":"||vid4u.org^"},"priority":1},{"id":83940,"action":{"type":"block"},"condition":{"urlFilter":"||wstat.ozon.ru^"},"priority":1},{"id":83967,"action":{"type":"block"},"condition":{"urlFilter":"||abmr.net^","domainType":"thirdParty"},"priority":2},{"id":84004,"action":{"type":"block"},"condition":{"urlFilter":"||ad.hu^","domainType":"thirdParty"},"priority":2},{"id":84038,"action":{"type":"block"},"condition":{"urlFilter":"||ad4mat.net^","domainType":"thirdParty"},"priority":2},{"id":84077,"action":{"type":"block"},"condition":{"urlFilter":"||adfox.ru^","domainType":"thirdParty"},"priority":2},{"id":84114,"action":{"type":"block"},"condition":{"urlFilter":"||ads.sg.hu^","domainType":"thirdParty"},"priority":2},{"id":84152,"action":{"type":"block"},"condition":{"urlFilter":"||ads.ventivmedia.com^","domainType":"thirdParty"},"priority":2},{"id":84200,"action":{"type":"block"},"condition":{"urlFilter":"||advantage.as^","domainType":"thirdParty"},"priority":2},{"id":84241,"action":{"type":"block"},"condition":{"urlFilter":"||advertshot.ru^","domainType":"thirdParty"},"priority":2},{"id":84283,"action":{"type":"block"},"condition":{"urlFilter":"||affiliate.hu^","domainType":"thirdParty"},"priority":2},{"id":84324,"action":{"type":"block"},"condition":{"urlFilter":"||audtd.com^","domainType":"thirdParty"},"priority":2},{"id":84362,"action":{"type":"block"},"condition":{"urlFilter":"||banner.aqua.hu^","domainType":"thirdParty"},"priority":2},{"id":84405,"action":{"type":"block"},"condition":{"urlFilter":"||betfair.com^","domainType":"thirdParty"},"priority":2},{"id":84445,"action":{"type":"block"},"condition":{"urlFilter":"||bongacash.com^","domainType":"thirdParty"},"priority":2},{"id":84487,"action":{"type":"block"},"condition":{"urlFilter":"||calivary.com^","domainType":"thirdParty"},"priority":2},{"id":84528,"action":{"type":"block"},"condition":{"urlFilter":"||clicksure.com^","domainType":"thirdParty"},"priority":2},{"id":84570,"action":{"type":"block"},"condition":{"urlFilter":"||data.bookline.hu^","domainType":"thirdParty"},"priority":2},{"id":84615,"action":{"type":"block"},"condition":{"urlFilter":"||head-clickfusion.com^","domainType":"thirdParty"},"priority":2},{"id":84664,"action":{"type":"block"},"condition":{"urlFilter":"||hitelkereso.hu^","domainType":"thirdParty"},"priority":2},{"id":84707,"action":{"type":"block"},"condition":{"urlFilter":"||iforex.com^","domainType":"thirdParty"},"priority":2},{"id":84746,"action":{"type":"block"},"condition":{"urlFilter":"||iitech.dk^","domainType":"thirdParty"},"priority":2},{"id":84784,"action":{"type":"block"},"condition":{"urlFilter":"||ingatlannet.hu^","domainType":"thirdParty"},"priority":2},{"id":84827,"action":{"type":"block"},"condition":{"urlFilter":"||js.leadin.com^","domainType":"thirdParty"},"priority":2},{"id":84869,"action":{"type":"block"},"condition":{"urlFilter":"||klix.hu^","domainType":"thirdParty"},"priority":2},{"id":84905,"action":{"type":"block"},"condition":{"urlFilter":"||link.adaptivemedia.hu^","domainType":"thirdParty"},"priority":2},{"id":84955,"action":{"type":"block"},"condition":{"urlFilter":"||m2mzona.hu/ads^","domainType":"thirdParty"},"priority":2},{"id":84998,"action":{"type":"block"},"condition":{"urlFilter":"||mytarget.hu^","domainType":"thirdParty"},"priority":2},{"id":85038,"action":{"type":"block"},"condition":{"urlFilter":"||napiaszhirdetesek^","domainType":"thirdParty"},"priority":2},{"id":85084,"action":{"type":"block"},"condition":{"urlFilter":"||out.pladform.ru^","domainType":"thirdParty"},"priority":2},{"id":85128,"action":{"type":"block"},"condition":{"urlFilter":"||po.st^","domainType":"thirdParty"},"priority":2},{"id":85162,"action":{"type":"block"},"condition":{"urlFilter":"||pornedup.com^","domainType":"thirdParty"},"priority":2},{"id":85203,"action":{"type":"block"},"condition":{"urlFilter":"||premads.info^","domainType":"thirdParty"},"priority":2},{"id":85244,"action":{"type":"block"},"condition":{"urlFilter":"||salesmanago.pl^","domainType":"thirdParty"},"priority":2},{"id":85287,"action":{"type":"block"},"condition":{"urlFilter":"||seedr.com^","domainType":"thirdParty"},"priority":2},{"id":85325,"action":{"type":"block"},"condition":{"urlFilter":"||seedr.ru^","domainType":"thirdParty"},"priority":2},{"id":85362,"action":{"type":"block"},"condition":{"urlFilter":"||sexchat.hu^","domainType":"thirdParty"},"priority":2},{"id":85401,"action":{"type":"block"},"condition":{"urlFilter":"||shortlink.sex^","domainType":"thirdParty"},"priority":2},{"id":85443,"action":{"type":"block"},"condition":{"urlFilter":"||statsector.hu^","domainType":"thirdParty"},"priority":2},{"id":85485,"action":{"type":"block"},"condition":{"urlFilter":"||streameye.net^","domainType":"thirdParty"},"priority":2},{"id":85527,"action":{"type":"block"},"condition":{"urlFilter":"||sumome.com^","domainType":"thirdParty"},"priority":2},{"id":85566,"action":{"type":"block"},"condition":{"urlFilter":"||tripod.com^","domainType":"thirdParty"},"priority":2},{"id":85605,"action":{"type":"block"},"condition":{"urlFilter":"||tripod.lycos.com^","domainType":"thirdParty"},"priority":2},{"id":85650,"action":{"type":"block"},"condition":{"urlFilter":"||tulajdonostol.com^","domainType":"thirdParty"},"priority":2},{"id":101599,"action":{"type":"block"},"condition":{"urlFilter":"/js/push.js","initiatorDomains":["infostart.hu"],"resourceTypes":["script"]},"priority":301},{"id":101662,"action":{"type":"block"},"condition":{"urlFilter":"||cmp.quantcast.com^","initiatorDomains":["agrarszektor.hu","autoszektor.hu","bpiautosok.hu","g7.hu","hazipatika.com","hellovidek.hu","hrportal.hu","magyarnarancs.hu","index.hu","pestisracok.hu","portfolio.hu","telex.hu","totalcar.hu","totalbike.hu","szeretlekmagyarorszag.hu","port.hu","player.hu","mandiner.hu","budapestkornyeke.hu","bacsmegye.hu","civishir.hu","baon.hu","bama.hu","beol.hu","boon.hu","delmagyar.hu","duol.hu","feol.hu","kisalfold.hu","haon.hu","heol.hu","szoljon.hu","kemma.hu","nool.hu","sonline.hu","szon.hu","teol.hu","vaol.hu","veol.hu","zaol.hu","twice.hu","sassy.hu","prohardver.hu","mobilarena.hu","itcafe.hu","gamepod.hu","logout.hu","hardverapro.hu","pcwplus.hu","gsplus.hu","myonlineradio.hu","blikk.hu"],"resourceTypes":["script"]},"priority":203},{"id":102310,"action":{"type":"block"},"condition":{"urlFilter":"||consent.cookiebot.com^","domainType":"thirdParty","initiatorDomains":["agroinform.hu"],"resourceTypes":["script"]},"priority":302},{"id":102396,"action":{"type":"block"},"condition":{"urlFilter":"||medinfo.ocdn.eu/hu/consent_v2/choice.js^","initiatorDomains":["egeszsegkalauz.hu"],"resourceTypes":["script"]},"priority":301},{"id":102495,"action":{"type":"block"},"condition":{"urlFilter":"||quantcast.mgr.consensu.org^","initiatorDomains":["agrarszektor.hu","autoszektor.hu","bpiautosok.hu","g7.hu","hazipatika.com","hellovidek.hu","hrportal.hu","magyarnarancs.hu","index.hu","pestisracok.hu","portfolio.hu","telex.hu","totalcar.hu","totalbike.hu","szeretlekmagyarorszag.hu","port.hu","player.hu","mandiner.hu","budapestkornyeke.hu","bacsmegye.hu","civishir.hu","baon.hu","bama.hu","beol.hu","boon.hu","delmagyar.hu","duol.hu","feol.hu","kisalfold.hu","haon.hu","heol.hu","szoljon.hu","kemma.hu","nool.hu","sonline.hu","szon.hu","teol.hu","vaol.hu","veol.hu","zaol.hu","twice.hu","sassy.hu","pcwplus.hu","gsplus.hu","myonlineradio.hu","blikk.hu"],"resourceTypes":["script"]},"priority":204},{"id":103078,"action":{"type":"block"},"condition":{"urlFilter":"||static.quantcast.mgr.consensu.org/v30/cmpui-popup.js^","initiatorDomains":["szeretlekmagyarorszag.hu"],"resourceTypes":["script"]},"priority":301},{"id":103197,"action":{"type":"block"},"condition":{"urlFilter":"||cmp.inmobi.com^","domainType":"thirdParty","initiatorDomains":["telex.hu","origo.hu","atlatszo.hu","rtl.hu","videa.hu","myonlineradio.hu","hvg.hu","femina.hu","prohardver.hu","itcafe.hu","mobilarena.hu","gamepod.hu","logout.hu","fototrend.hu"],"resourceTypes":["script"]},"priority":210},{"id":103415,"action":{"type":"block"},"condition":{"urlFilter":"||chatrobot.mia.gov.hu^"},"priority":1},{"id":103449,"action":{"type":"block"},"condition":{"urlFilter":"||chimpstatic.com^"},"priority":1},{"id":103478,"action":{"type":"block"},"condition":{"urlFilter":"||hestore.hu/pic/cookie.png","resourceTypes":["image"]},"priority":101},{"id":103531,"action":{"type":"block"},"condition":{"urlFilter":"||itthonrolhaza.hu/wp-content/plugins/wp-popups-lite/src/assets/js/wppopups.js^","resourceTypes":["script"]},"priority":101},{"id":103636,"action":{"type":"block"},"condition":{"urlFilter":"||money.hu/assets-new/js/calculator-widget-init.js","resourceTypes":["script"]},"priority":101},{"id":103712,"action":{"type":"block"},"condition":{"urlFilter":"||penzcentrum.hu/assets/js/bioep.min.js","resourceTypes":["script"]},"priority":101},{"id":103777,"action":{"type":"block"},"condition":{"urlFilter":"||szepsegbroker.hu/items/jquery.floating_popup*.js^","resourceTypes":["script"]},"priority":101},{"id":103854,"action":{"type":"block"},"condition":{"urlFilter":"||liked.hu/choice/*/cmp2*.js^","resourceTypes":["script"]},"priority":101},{"id":104510,"action":{"type":"allow"},"condition":{"urlFilter":"/js/adx_blacklist.js","initiatorDomains":["bikemag.hu","testbike.hu"],"resourceTypes":["script"]},"priority":100251},{"id":104592,"action":{"type":"allow"},"condition":{"urlFilter":"||assets.portfolio.hu/js/ad_300x250.js","initiatorDomains":["portfolio.hu"],"resourceTypes":["script"]},"priority":100301},{"id":104682,"action":{"type":"allow"},"condition":{"urlFilter":"||777blog.hu/wp-content/themes/florence/js/dfp.min.js^","resourceTypes":["script"]},"priority":100101},{"id":104762,"action":{"type":"allow"},"condition":{"urlFilter":"||bitepito.hu/rejtveny/data/ads/pagead/js/adsbygoogle.js^","resourceTypes":["script"]},"priority":100101},{"id":104845,"action":{"type":"allow"},"condition":{"urlFilter":"||bitepito.hu/rejtveny/data/ads/adsense.js^","resourceTypes":["script"]},"priority":100101},{"id":104914,"action":{"type":"allow"},"condition":{"urlFilter":"||bitepito.hu/rejtveny/data/ads/googleads.js^","resourceTypes":["script"]},"priority":100101},{"id":104985,"action":{"type":"allow"},"condition":{"urlFilter":"||meszotar.hu/scripts/advertising.js","resourceTypes":["script"]},"priority":100101},{"id":105047,"action":{"type":"block"},"condition":{"urlFilter":"||onlinestream.live/js/adb.js","resourceTypes":["script"]},"priority":101},{"id":105102,"action":{"type":"block"},"condition":{"urlFilter":"||cdn.performax.cz/acc/insert_rtb.js","initiatorDomains":["bpiautosok.hu"],"resourceTypes":["script"]},"priority":301},{"id":105191,"action":{"type":"block"},"condition":{"urlFilter":"||api.indidata.com^","domainType":"thirdParty","initiatorDomains":["civishir.hu"]},"priority":202},{"id":105261,"action":{"type":"block"},"condition":{"urlFilter":"/gemius.js^","resourceTypes":["script"]},"priority":101},{"id":105298,"action":{"type":"block"},"condition":{"urlFilter":"/gemius.min.js^","resourceTypes":["script"]},"priority":101},{"id":105339,"action":{"type":"block"},"condition":{"urlFilter":"/traffic.js","resourceTypes":["script"]},"priority":101},{"id":105376,"action":{"type":"block"},"condition":{"urlFilter":"/traffic.min.js","resourceTypes":["script"]},"priority":101},{"id":105417,"action":{"type":"block"},"condition":{"urlFilter":"/xgemius.js^","resourceTypes":["script"]},"priority":101},{"id":105455,"action":{"type":"block"},"condition":{"urlFilter":"/xgemius.min.js^","resourceTypes":["script"]},"priority":101},{"id":105497,"action":{"type":"block"},"condition":{"urlFilter":"*.hu/userip.php"},"priority":1},{"id":105525,"action":{"type":"block"},"condition":{"urlFilter":"||infostart.hu/js/ga.js","resourceTypes":["script"]},"priority":101},{"id":105574,"action":{"type":"block"},"condition":{"urlFilter":"||websas.hu/statistics/"},"priority":1},{"id":105608,"action":{"type":"block"},"condition":{"urlFilter":"||adat.freemail.hu^"},"priority":1},{"id":105638,"action":{"type":"block"},"condition":{"urlFilter":"||adtrackeraa.com^"},"priority":1},{"id":105667,"action":{"type":"block"},"condition":{"urlFilter":"||beam-tracker.telex.hu^"},"priority":1},{"id":105702,"action":{"type":"block"},"condition":{"urlFilter":"||beam.telex.hu^"},"priority":1},{"id":105729,"action":{"type":"block"},"condition":{"urlFilter":"||counter.megagroup.ru^"},"priority":1},{"id":105763,"action":{"type":"block"},"condition":{"urlFilter":"||doubleclick.net^"},"priority":1},{"id":105792,"action":{"type":"block"},"condition":{"urlFilter":"||gemius.hu^"},"priority":1},{"id":105815,"action":{"type":"block"},"condition":{"urlFilter":"||gemius.pl^"},"priority":1},{"id":105838,"action":{"type":"block"},"condition":{"urlFilter":"||px.blog.hu^"},"priority":1},{"id":105862,"action":{"type":"block"},"condition":{"urlFilter":"||smartadserver.com^"},"priority":1},{"id":105893,"action":{"type":"block"},"condition":{"urlFilter":"||tracker.azet.sk^"},"priority":1},{"id":105922,"action":{"type":"block"},"condition":{"urlFilter":"||tracking.binarypromos.com^"},"priority":1},{"id":105961,"action":{"type":"block"},"condition":{"urlFilter":"||tracking.tchibo.hu^"},"priority":1},{"id":105993,"action":{"type":"block"},"condition":{"urlFilter":"||analytics.yahoo.com^","domainType":"thirdParty"},"priority":2},{"id":106041,"action":{"type":"block"},"condition":{"urlFilter":"||counter.hitslink.com^","domainType":"thirdParty"},"priority":2},{"id":106090,"action":{"type":"block"},"condition":{"urlFilter":"||ex1tp.com^","domainType":"thirdParty"},"priority":2},{"id":106128,"action":{"type":"block"},"condition":{"urlFilter":"||google-analytics.com^","domainType":"thirdParty"},"priority":2},{"id":106177,"action":{"type":"block"},"condition":{"urlFilter":"||gravity.com^","domainType":"thirdParty"},"priority":2},{"id":106217,"action":{"type":"block"},"condition":{"urlFilter":"||lo.v.liveperson.net^","domainType":"thirdParty"},"priority":2},{"id":106265,"action":{"type":"block"},"condition":{"urlFilter":"||onesignal.com^","domainType":"thirdParty"},"priority":2},{"id":106307,"action":{"type":"block"},"condition":{"urlFilter":"||performax.cz^","domainType":"thirdParty"},"priority":2},{"id":106348,"action":{"type":"block"},"condition":{"urlFilter":"||targetix.net^","domainType":"thirdParty"},"priority":2},{"id":106389,"action":{"type":"block"},"condition":{"urlFilter":"||track306.info^","domainType":"thirdParty"},"priority":2},{"id":106431,"action":{"type":"block"},"condition":{"urlFilter":"||trackingterrorism.org^","domainType":"thirdParty"},"priority":2},{"id":106481,"action":{"type":"block"},"condition":{"urlFilter":"||va.v.liveperson.net^","domainType":"thirdParty","resourceTypes":["script"]},"priority":102},{"id":106538,"action":{"type":"allow"},"condition":{"urlFilter":"||imasdk.googleapis.com/js/sdkloader/ima3.js","initiatorDomains":["mafab.hu"]},"priority":100201},{"id":106621,"action":{"type":"allow"},"condition":{"urlFilter":"||pro.hit.gemius.pl/gstream.js","initiatorDomains":["embed.rtl.hu"],"resourceTypes":["script"]},"priority":100301},{"id":107318,"action":{"type":"block"},"condition":{"urlFilter":"/inside-banner.mini.js","initiatorDomains":["myonlineradio.hu"]},"priority":201},{"id":111574,"action":{"type":"redirect","redirect":{"extensionPath":"/web-accessible-resources/redirects/nooptext.js"}},"condition":{"urlFilter":"||pagead2.googlesyndication.com/pagead/js/adsbygoogle.js","initiatorDomains":["cinemo.hu"],"resourceTypes":["xmlhttprequest"]},"priority":1301},{"id":111693,"action":{"type":"redirect","redirect":{"extensionPath":"/web-accessible-resources/redirects/nooptext.js"}},"condition":{"urlFilter":"||sovrn.com","initiatorDomains":["cinemo.hu"],"resourceTypes":["xmlhttprequest"]},"priority":1301},{"id":74716,"action":{"type":"block"},"condition":{"regexFilter":"dl/cnt/20[^0]\\d-\\d{2}/\\d{4}/","initiatorDomains":["prohardver.hu","mobilarena.hu","itcafe.hu","gamepod.hu","logout.hu","hardverapro.hu"],"resourceTypes":["image"]},"priority":218}]