{"1592":"1-st.com.pl,agrojd.com,agrospec.pl,arx.pl,aspel.com.pl,babysensepolska.pl,bikeman.pl,bosch.com.pl,browamator.pl,comarch-esklep.pl,cudnydom.pl,e-oazakrakow.pl,elabrick24.pl,esklep.brandvital.eu,estetiq.pl,galerialazienek.pl,haczykowo.pl,kolorowymotylek.pl,kopalniasrebra.com,kran.tychy.pl,ksiegarniarubikon.pl,milopiwo.pl,nygus.pl,oftadirect.pl,ogrodekdziadunia.pl,papier24h.pl,papieryczerpane.pl,profesjonalne-nawadnianie.pl,selene.pl,sklep-narzedzia.pl,sklep.abydos.pl,sklep.agro-eko.com.pl,sklep.agromasz.pl,sklep.balcamp.pl,sklep.benedetto.com.pl,sklep.budowniczy.com.pl,sklep.centrumbhpwpp.eu,sklep.dalimex.pl,sklep.kotrak.com,sklep.kskd.pl,sklep.mebloart.eu,sklep.miodyapis.pl,sklep.phalanxgames.pl,sklep.rol-mech.pl,sklep.salvatti.pl,sklep.sigma-max.pl,sklep.stalco.pl,sklep.tayama.pl,spawalniczy-sklep.pl,swiatkoralikow.pl,swiatkoralikow2.pl,texasclub.pl,tvprodukt.pl,wierzynek.pl,workstyle.pl,wphmilitaria.pl#?#div[class*=\"config\"][class*=\"messages\" i]:-abp-contains(/((cookies? i podobnych)|((P|p)lik(i|ów) \"?cookies\"?)|(RODO))/)","7766":"7siekier.pl#?#[id^=comp][data-block-level-container=\"PopupContainer\"]:-abp-contains(cookies)","12577":"aa.org.pl#?#.ramka_box > p:-abp-has(> font > a[href*=\"/HTTP_cookie\"])","12847":"abook.com.pl#?#div.left-sideblock > .sideblock-inner:-abp-has(a[href*=\"/node/125\"])","18408":"adventure-sky.pl,agrobialowieza.pl,aluzja.gorzow.pl,artgos.pl,basenklodzko.pl,biblioteka.gmina.pl,biblioteka.kroscienko-nad-dunajcem.pl,biennalepasteli.pl,bsmuszyna.com,cadvision.pl,cieniawa-ski.pl,ck.przemysl.pl,diagmed.info.pl,dworbartnika.pl,gbp.zwierzyn.pl,goralskiedomki.pl,hostgrafia.pl,interauto.krakow.pl,iwulskadent.pl,karczmawedworze.pl,klodzko.pl,kmdentalexperts.pl,kontestator.eu,ksiegarnia-astex.pl,mojawww.com,muzeum.belchatow.pl,osrodek-terapii.com,pensjonat-szarotka.pl,perlamazur.pl,pieninypoland.pl,powiat-wieruszowski.pl,protos.pl,puch-kotlowski.pl,restauracjaflis.pl,slawex.net.pl,swiatdeski.pl,szczawnica-belweder.pl,szkolaswidnik.edu.pl,tadex-pol.pl,tomiicars.com.pl,transport.krzysko.pl,treningkrakow.pl,tukan.info.pl,vagaru.pl,wikar.pl,willamagiera.pl#?#.widget.type-10:not([id]):-abp-contains(/(cookies?|ciasteczk?a?|rodo|gdpr)/i)","19915":"aerlingus.com#?#.bg-tealGreen-opacity:-abp-has(#cookie-desc)","20142":"aforyzmy-cytaty.pl,agencjacentrum.pl,alfianco.pl,avioner.pl,baza-krs.pl,bip.lsi.net.pl,carq.pl,czerkawski.com.pl,doniczki-poznan.pl,hotfrog.pl,hotpay.pl,kalkulator-so.pl,koraliki.pl,kupbilet.pl,life.wigry.org.pl,luczak.pl,markoweszyby.pl,microhost.pl,moja-grecja.pl,ogloszeniachojnice.com,playtube.pl,postrabbit.pl,r-gol.com,rj.metropoliaztm.pl,sgpm.krakow.pl,swiat-czekolady.com.pl,upolujebooka.pl,xerima.com.pl,zaufanekliniki.pl,zawady.com.pl,zawady19.pl#?#.alert:-abp-contains(cookie)","20991":"agatravel.com.pl#?#body > #top ~ div[style^=\"background\"]:-abp-has(a[href*=\"/polityka_prywatnosci\"])","22282":"agrishop.pl,alibiuro.pl,asta-net.pl,domowa.tv,izodom2000.pl,jedynkafryzjerstwo.pl,molkip.pl,print-me.pl,spark.pl,twojezdrowie.pl#?#div[id^=\"elementor-popup-modal-\"]:-abp-contains(/cookies?|rodo|gdpr|ciastecze?ka?/i)","22531":"agro-mig.pl#?#.popup:-abp-has(a[href*=\"40\"]:-abp-contains(Polityce prywatności))","22743":"agronomberries.pl,dobrarelacja.pl,lajtmobile.pl,polutowani.pl,projektowanie-wnetrz-online.pl,termyszaflary.com#?#div[id^=\"elementor-popup-modal-\"]:-abp-has(a[href*=\"polityka-prywatnosci\"])","27249":"alles.pl,e-marilyn.pl#?#.alert:-abp-contains(ciasteczek)","28064":"allthejobs.pl#?#header > div.container-fluid:nth-of-type(2):-abp-has(a[href=\"/privacy-policy\"])","30507":"apartamentyborowcowa.pl#?#.sppb-alert-success.sppb-alert:-abp-has(> a:not([href]))","32402":"archiwumbip.krzemieniewo.pl#?#table font small:-abp-contains(używa cookies)","32704":"arena.pl#?##__next > footer ~ .MuiPaper-root:-abp-has(a[href*=\"Polityka-Plik%C3%B3w-Cookies\"].MuiLink-root)","32970":"artim.com.pl#?#td[valign=\"top\"] > div[webpartid].ms-WPbody:-abp-contains(pliki cookies)","34219":"atelierba.com.pl,e-moda.com.pl#?##content-wrap > div:first-child:-abp-contains(plików cookie)","35451":"augustowogloszenia.pl,barlineknoclegi.pl,barlinekogloszenia.pl,bartoszycenoclegi.pl,bartoszyceogloszenia.pl,bedzinogloszenia.pl,belchatowogloszenia.pl,belchatowpraca.pl,bialapodlaskaogloszenia.pl,bialapodlaskapraca.pl,bialobrzegiogloszenia.pl,bialogardogloszenia.pl,bialystokpraca.pl,bielawaogloszenia.pl,bielsknoclegi.pl,bielskobialaogloszenia.pl,bielskobialapraca.pl,bierunogloszenia.pl,bilgorajnoclegi.pl,bilgorajogloszenia.pl,bochniapraca.pl,boleslawiecnoclegi.pl,boleslawiecogloszenia.pl,braniewoogloszenia.pl,brodnicanoclegi.pl,brzegnoclegi.pl,brzegogloszenia.pl,brzeskonoclegi.pl,brzeskoogloszenia.pl,brzezinyogloszenia.pl,brzozowogloszenia.pl,buskonoclegi.pl,buskozdrojogloszenia.pl,bydgoszczogloszenia.pl,bydgoszczpraca.pl,bytomnoclegi.pl,bytomogloszenia.pl,bytompraca.pl,bytowogloszenia.pl,bytowpraca.pl,checinyogloszenia.pl,chelmnoclegi.pl,chelmogloszenia.pl,chelmpraca.pl,chodziezogloszenia.pl,chojnicepraca.pl,chorzownoclegi.pl,chorzowogloszenia.pl,chorzowpraca.pl,choszcznoogloszenia.pl,chrzanowogloszenia.pl,ciechanownoclegi.pl,ciechanowogloszenia.pl,ciechocineknoclegi.pl,cieszynogloszenia.pl,czaplinekogloszenia.pl,czarnkowogloszenia.pl,czerskogloszenia.pl,czestochowaogloszenia.pl,czluchowogloszenia.pl,dabrowapraca.pl,dabrowatarnowskaogloszenia.pl,debicanoclegi.pl,debicapraca.pl,drawskonoclegi.pl,drawskopomorskieogloszenia.pl,dzialdowonoclegi.pl,dzierzoniownoclegi.pl,dzierzoniowogloszenia.pl,elblagpraca.pl,elknoclegi.pl,elkogloszenia.pl,elkpraca.pl,fajnenoclegipoznan.pl,gdanskpraca.pl,gdyniapraca.pl,gizyckonoclegi.pl,gliwicenoclegi.pl,gliwiceogloszenia.pl,gliwicepraca.pl,glogowogloszenia.pl,glogowpraca.pl,glubczyceogloszenia.pl,gnieznonoclegi.pl,gnieznoogloszenia.pl,gnieznopraca.pl,goldapogloszenia.pl,goleniowogloszenia.pl,golub-dobrzynogloszenia.pl,goraogloszenia.pl,gorliceogloszenia.pl,gorzownoclegi.pl,gorzowogloszenia.pl,gorzowpraca.pl,gostyninogloszenia.pl,gostynogloszenia.pl,grajewonoclegi.pl,grodzisknoclegi.pl,grodziskpraca.pl,grodziskwielkopolskiogloszenia.pl,grojecnoclegi.pl,grojecogloszenia.pl,grudziadzogloszenia.pl,grudziadzpraca.pl,gryficenoclegi.pl,gryficeogloszenia.pl,gryfinonoclegi.pl,hajnowkaogloszenia.pl,hrubieszowogloszenia.pl,ilawanoclegi.pl,inowroclawnoclegi.pl,inowroclawogloszenia.pl,inowroclawpraca.pl,iwonicznoclegi.pl,janowlubelskiogloszenia.pl,jarocinnoclegi.pl,jarocinpraca.pl,jaroslawnoclegi.pl,jaroslawogloszenia.pl,jasloogloszenia.pl,jaworogloszenia.pl,jaworznopraca.pl,jedrzejowogloszenia.pl,jeleniagoranoclegi.pl,jeleniagoraogloszenia.pl,job365.pl,kaliszpraca.pl,kamiennagoraogloszenia.pl,kamienpomorskiogloszenia.pl,karpaczogloszenia.pl,kartuzyogloszenia.pl,katowicepraca.pl,kazimierzawielkaogloszenia.pl,kedzierzynkozleogloszenia.pl,kepnonoclegi.pl,kepnoogloszenia.pl,ketrzynogloszenia.pl,kielceogloszenia.pl,kielcepraca.pl,klobuckogloszenia.pl,klodzkoogloszenia.pl,kluczborkogloszenia.pl,kolbuszowaogloszenia.pl,kolnoogloszenia.pl,kolobrzegogloszenia.pl,kolobrzegpraca.pl,kolonoclegi.pl,koloogloszenia.pl,koninnoclegi.pl,koninogloszenia.pl,koninpraca.pl,konskienoclegi.pl,kopalinonoclegi.pl,kosciannoclegi.pl,koscierzynaogloszenia.pl,kostrzynnoclegi.pl,kostrzynogloszenia.pl,koszalinnoclegi.pl,koszalinogloszenia.pl,koszalinpraca.pl,kozieniceogloszenia.pl,krakowofertypracy.pl,krakowogloszenia.com,krapkowiceogloszenia.pl,krasnikogloszenia.pl,krasnystawnoclegi.pl,krasnystawogloszenia.pl,krosnonoclegi.pl,krosnoodrzanskieogloszenia.pl,krosnopraca.pl,krotoszynogloszenia.pl,krynicazdrojogloszenia.pl,kutnoogloszenia.pl,kwaterychalupy.pl,kwaterydabki.pl,kwaterydarlowo.pl,kwateryhel.pl,kwateryjantar.pl,kwateryjaroslawiec.pl,kwateryjastrzebiagora.pl,kwaterykielce.pl,kwaterymiedzywodzie.pl,kwaterymragowo.pl,kwateryopole.pl,kwaterypuck.pl,kwateryrzeszow.pl,kwaterysarbinowo.pl,kwidzynnoclegi.pl,kwidzynogloszenia.pl,kwidzynpraca.pl,lancutogloszenia.pl,laskogloszenia.pl,leborknoclegi.pl,lecznanoclegi.pl,leczycaogloszenia.pl,legionowoogloszenia.pl,legnicanoclegi.pl,legnicaogloszenia.pl,legnicapraca.pl,leskoogloszenia.pl,lesznonoclegi.pl,lesznoogloszenia.pl,lesznopraca.pl,lezajskogloszenia.pl,lidzbarkogloszenia.pl,limanowaogloszenia.pl,lipnoogloszenia.pl,lipskoogloszenia.pl,lobezogloszenia.pl,lodzogloszenia.pl,lodzpraca.pl,lokalneogloszenia.com,lomzanoclegi.pl,lomzapraca.pl,losiceogloszenia.pl,lowiczogloszenia.pl,lubaczowogloszenia.pl,lubanogloszenia.pl,lubartownoclegi.pl,lubartowogloszenia.pl,lubin365.pl,lubinogloszenia.pl,lubinpraca.pl,lubliniecogloszenia.pl,lubliniecpraca.pl,lublinogloszenia.pl,lublinpraca.pl,lubonogloszenia.pl,lukownoclegi.pl,lukowogloszenia.pl,lwowekslaskiogloszenia.pl,makowmazowieckiogloszenia.pl,malborknoclegi.pl,malborkogloszenia.pl,markiogloszenia.pl,miechowogloszenia.pl,miedzychodogloszenia.pl,miedzyrzeczogloszenia.pl,mielecpraca.pl,mikolajkiogloszenia.pl,mikolowogloszenia.pl,milanoweknoclegi.pl,miliczogloszenia.pl,mlawanoclegi.pl,modlinnoclegi.pl,monkiogloszenia.pl,moragogloszenia.pl,mszczonownoclegi.pl,mysleniceogloszenia.pl,myslenicepraca.pl,mysliborzogloszenia.pl,myslowicepraca.pl,myszkownoclegi.pl,nakloogloszenia.pl,namyslowogloszenia.pl,nidzicaogloszenia.pl,niepolomicenoclegi.pl,niskoogloszenia.pl,noclegialeksandrow.pl,noclegibialapodlaska.pl,noclegibialobrzegi.pl,noclegibialogora.pl,noclegibielawa.pl,noclegiblonie.pl,noclegibobolice.pl,noclegibobolin.pl,noclegibobrka.pl,noclegibochnia.pl,noclegibraniewo.pl,noclegibrenna.pl,noclegibrwinow.pl,noclegibukowina-tatrzanska.pl,noclegibytow.pl,noclegicetniewo.pl,noclegichlapowo.pl,noclegichoczewo.pl,noclegichojnice.pl,noclegiczarna-gora.pl,noclegidabrowa.pl,noclegidunajec.pl,noclegigarwolin.pl,noclegigorakalwaria.pl,noclegigrudziadz.pl,noclegihrubieszow.pl,noclegijaslo.pl,noclegijaworki.pl,noclegijedrzejow.pl,noclegijugow.pl,noclegikedzierzyn.pl,noclegikluczbork.pl,noclegikolistygron.pl,noclegikrasnik.pl,noclegilegionowo.pl,noclegilesko.pl,noclegilezajsk.pl,noclegilidzbark.pl,noclegilimanowa.pl,noclegilomianki.pl,noclegilubaczow.pl,noclegilubawka.pl,noclegilubiatowo.pl,noclegimalinka.pl,noclegimiastko.pl,noclegimiasto.pl,noclegimiedzyrzecz.pl,noclegimielec.pl,noclegiminsk.pl,noclegimyslenice.pl,nocleginadarzyn.pl,nocleginieporet.pl,nocleginosal.pl,nocleginowogard.pl,noclegiolawa.pl,noclegiolesnica.pl,noclegiolkusz.pl,noclegiorzysz.pl,noclegiostroleka.pl,noclegiostrowiec.pl,noclegiostrowmazowiecka.pl,noclegiotwock.pl,noclegipabianice.pl,noclegipiechowice.pl,noclegipiekary.pl,noclegipiotrkow.pl,noclegipiwniczna.pl,noclegiplock.pl,noclegipodkowa.pl,noclegipolczyn.pl,noclegipruszkow.pl,noclegiprzasnysz.pl,noclegipulawy.pl,noclegirabkazdroj.pl,noclegiradzyn.pl,noclegirusinowo.pl,noclegirypin.pl,noclegisanok.pl,noclegisiemiatycze.pl,noclegisierpc.pl,noclegiskarzysko.pl,noclegiskierniewice.pl,noclegisoblowka.pl,noclegisokolka.pl,noclegisokolow.pl,noclegisrebrnagora.pl,noclegisroda.pl,noclegisromowce.pl,noclegistalowawola.pl,noclegistarachowice.pl,noclegistargard.pl,noclegistarszow.pl,noclegistronie.pl,noclegiswarzedz.pl,noclegiswieradow-zdroj.pl,noclegiszczawnik.pl,noclegitarnobrzeg.pl,noclegitczew.pl,noclegitomaszow.pl,noclegitrzebnica.pl,noclegitychy.pl,noclegitylicz.pl,noclegiustrzyki.pl,noclegiwagrowiec.pl,noclegiwarka.pl,noclegiwielun.pl,noclegiwlodawa.pl,noclegiwolsztyn.pl,noclegiwyszkow.pl,noclegizambrow.pl,noclegizawiercie.pl,noclegizawoz.pl,noclegizgierz.pl,noclegizgorzelec.pl,noclegizlotow.pl,noclegiznin.pl,noclegizwolen.pl,nowasologloszenia.pl,nowemiastolubawskieogloszenia.pl,nowogardogloszenia.pl,nowydworgdanskiogloszenia.pl,nowydwormazowieckiogloszenia.pl,nowysacznoclegi.pl,nowysaczogloszenia.pl,nowysaczpraca.pl,nowytargogloszenia.pl,nowytomyslogloszenia.pl,nysanoclegi.pl,nysapraca.pl,obornikiogloszenia.pl,ofertypracyczestochowa.pl,ofertypracyolsztyn.pl,ofertypracyradom.pl,ofertypracyradomsko.pl,ofertypracyszczecin.pl,ofertypracywroclaw.pl,ogloszeniaaleksandrow.pl,ogloszeniabialystok.com,ogloszeniabielsk.pl,ogloszeniablonie.pl,ogloszeniabochnia.pl,ogloszeniabrodnica.pl,ogloszeniabrwinow.pl,ogloszeniachelmno.pl,ogloszeniachojnice.com,ogloszeniadabrowa.pl,ogloszeniadebica.com,ogloszeniadobremiasto.pl,ogloszeniadrezdenko.pl,ogloszeniadzialdowo.pl,ogloszeniaelblag.com,ogloszeniagdansk.com,ogloszeniagdynia.com,ogloszeniagizycko.pl,ogloszeniagrajewo.pl,ogloszeniagrodzisk.pl,ogloszeniagryfino.pl,ogloszeniailawa.com,ogloszeniajarocin.pl,ogloszeniakalisz.com,ogloszeniakatowice.com,ogloszeniakonskie.pl,ogloszeniakoscian.pl,ogloszeniakrosno.com,ogloszenialebork.pl,ogloszenialeczna.pl,ogloszenialomianki.pl,ogloszenialomza.com,ogloszeniamiastko.pl,ogloszeniamielec.com,ogloszeniamilanowek.pl,ogloszeniaminsk.pl,ogloszeniamlawa.pl,ogloszeniamragowo.pl,ogloszeniamszczonow.pl,ogloszeniamyszkow.pl,ogloszenianadarzyn.pl,ogloszenianysa.com,ogloszeniaolecko.pl,ogloszeniaolesnica.com,ogloszeniaolesno.pl,ogloszeniaostrow.pl,ogloszeniaozarow.pl,ogloszeniaozorkow.pl,ogloszeniapiastow.pl,ogloszeniapiekary.pl,ogloszeniaplock.com,ogloszeniapodkowa.pl,ogloszeniapruszcz.pl,ogloszeniaprzasnysz.pl,ogloszeniaprzemysl.com,ogloszeniaradom.com,ogloszeniaskarzysko.pl,ogloszeniaskawina.pl,ogloszeniaskierniewice.pl,ogloszeniaslawno.pl,ogloszeniasrem.pl,ogloszeniasroda.pl,ogloszeniastarachowice.pl,ogloszeniastarogard.pl,ogloszeniaswiebodzin.pl,ogloszeniaswiecie.pl,ogloszeniaszczecin.com,ogloszeniaszczytno.pl,ogloszeniatarnobrzeg.com,ogloszeniatychy.com,ogloszeniawabrzezno.pl,ogloszeniawagrowiec.pl,ogloszeniawegorzewo.pl,ogloszeniawolomin.pl,ogloszeniawroclaw.com,ogloszeniawyszkow.pl,ogloszeniazakopane.com,ogloszeniazambrow.pl,ogloszeniazary.pl,olawaogloszenia.pl,olesnicapraca.pl,olkuszogloszenia.pl,olsztynogloszenia.pl,opatowogloszenia.pl,opocznoogloszenia.pl,opolelubelskieogloszenia.pl,opoleogloszenia.pl,opolepraca.pl,ostrodanoclegi.pl,ostrodaogloszenia.pl,ostrolekaogloszenia.pl,ostrolekapraca.pl,ostrowiecogloszenia.pl,ostrowiecswietokrzyskiogloszenia.pl,ostrownoclegi.pl,ostrowogloszenia.pl,ostrzeszowogloszenia.pl,oswiecimnoclegi.pl,oswiecimogloszenia.pl,otwockogloszenia.pl,ozorkownoclegi.pl,pabianiceogloszenia.pl,pabianicepraca.pl,pajecznoogloszenia.pl,parczewogloszenia.pl,piasecznonoclegi.pl,piasecznoogloszenia.pl,piasecznopraca.pl,piastownoclegi.pl,pilanoclegi.pl,pilaogloszenia.pl,pilapraca.pl,pinczowogloszenia.pl,piotrkowogloszenia.pl,pisznoclegi.pl,piszogloszenia.pl,pleszewogloszenia.pl,plockpraca.pl,plonsknoclegi.pl,plonskogloszenia.pl,poddabienoclegi.pl,poddebiceogloszenia.pl,pokojekazimierzdolny.pl,pokojelubliniec.pl,pokojerybnik.pl,pokojeskawina.pl,pokojezagan.pl,polczynzdrojogloszenia.pl,policeogloszenia.pl,polkowicenoclegi.pl,polkowiceogloszenia.pl,poznanogloszenia.com,poznanpraca.pl,pracaaleksandrowkujawski.pl,pracaaugustow.pl,pracabaranowo.pl,pracabartoszyce.pl,pracabedzin.pl,pracabialobrzegi.pl,pracabialogard.pl,pracabielanywroclawskie.pl,pracabielskpodlaski.pl,pracabierun.pl,pracabilgoraj.pl,pracablonie.pl,pracaboleslawiec.pl,pracabraniewo.pl,pracabrodnica.pl,pracabrzeg.pl,pracabrzesk.pl,pracabrzeziny.pl,pracabrzozow.pl,pracabuk.pl,pracabusko.pl,pracachelmno.pl,pracachodziez.pl,pracachoszczno.pl,pracachrzanow.pl,pracaciechanow.pl,pracacieszyn.pl,pracaczarnkow.pl,pracaczluchow.pl,pracadabrowatarnowska.pl,pracadlugoleka.pl,pracadopiewo.pl,pracadrawskopomorskie.pl,pracadzialdowo.pl,pracadzierzoniow.pl,pracagadki.pl,pracagarwolin.pl,pracagizycko.pl,pracaglubczyce.pl,pracagoldap.pl,pracagoleniow.pl,pracagolub-dobrzyn.pl,pracagora.pl,pracagorlice.pl,pracagostyn.pl,pracagrajewo.pl,pracagrodziskwielkopolski.pl,pracagrojec.pl,pracagryfice.pl,pracagryfino.pl,pracahajnowka.pl,pracahrubieszow.pl,pracailawa.pl,pracajanowlubelski.pl,pracajaroslaw.pl,pracajaslo.pl,pracajastrzebie.pl,pracajawor.pl,pracajedrzejow.pl,pracajelczlaskowice.pl,pracajeleniagora.pl,pracakamiennagora.pl,pracakamienpomorski.pl,pracakartuzy.pl,pracakatywroclawskie.pl,pracakazimierzawielka.pl,pracakedzierzynkozle.pl,pracakepno.pl,pracaketrzyn.pl,pracaklobuck.pl,pracaklodzko.pl,pracakluczbork.pl,pracakolbuszowa.pl,pracakolno.pl,pracakolo.pl,pracakomorniki.pl,pracakonskie.pl,pracakornik.pl,pracakoscian.pl,pracakoscierzyna.pl,pracakozienice.pl,pracakrapkowice.pl,pracakrasnik.pl,pracakrasnystaw.pl,pracakrosnoodrzanskie.pl,pracakrotoszyn.pl,pracakrynica.pl,pracakutno.pl,pracalancut.pl,pracalask.pl,pracalebork.pl,pracaleczna.pl,pracaleczyca.pl,pracalegionowo.pl,pracalesko.pl,pracalezajsk.pl,pracalidzbarkwarminski.pl,pracalimanowa.pl,pracalipno.pl,pracalipsko.pl,pracalobez.pl,pracalomianki.pl,pracalosice.pl,pracalowicz.pl,pracalubaczow.pl,pracaluban.pl,pracalubartow.pl,pracalubon.pl,pracalukow.pl,pracalwowekslaski.pl,pracamakowmazowiecki.pl,pracamalbork.pl,pracamazury.pl,pracamiastko.pl,pracamiasto.pl,pracamiechow.pl,pracamiedzychod.pl,pracamiedzyrzecz.pl,pracamikolajki.pl,pracamikolow.pl,pracamilanowek.pl,pracamilicz.pl,pracaminsk.pl,pracamlawa.pl,pracamogilno.pl,pracamonki.pl,pracamragowo.pl,pracamszczonow.pl,pracamysliborz.pl,pracamyszkow.pl,pracanaklo.pl,pracanamyslow.pl,pracanidzica.pl,pracanisko.pl,pracanowasol.pl,pracanowemiastolubawskie.pl,pracanowydworgdanski.pl,pracanowydwormazowiecki.pl,pracanowytarg.pl,pracanowytomysl.pl,pracaoborniki.pl,pracaolawa.pl,pracaolecko.pl,pracaolesno.pl,pracaolkusz.pl,pracaolsztynek.pl,pracaopatow.pl,pracaopoczno.pl,pracaopolelubelskie.pl,pracaostroda.pl,pracaostrow.pl,pracaostrowiec.pl,pracaostrowmazowiecka.pl,pracaostrzeszow.pl,pracaoswiecim.pl,pracaotwock.pl,pracaozarow.pl,pracaozarowmazowiecki.pl,pracapajeczno.pl,pracaparczew.pl,pracapiastow.pl,pracapiekary.pl,pracapinczow.pl,pracapiotrkow.pl,pracapisz.pl,pracapleszew.pl,pracaplonsk.pl,pracapoddebice.pl,pracapolice.pl,pracapolkowice.pl,pracaproszowice.pl,pracaprudnik.pl,pracapruszczgdanski.pl,pracapruszkow.pl,pracaprzasnysz.pl,pracaprzeworsk.pl,pracaprzezmierowo.pl,pracaprzysucha.pl,pracapszczyna.pl,pracapuck.pl,pracapultusk.pl,pracapyrzyce.pl,pracarabkazdroj.pl,pracaradziejow.pl,pracaradzynpodlaski.pl,pracarawa.pl,pracarawicz.pl,pracaropczyce.pl,pracarudaslaska.pl,pracaryki.pl,pracarypin.pl,pracasandomierz.pl,pracasanok.pl,pracasejny.pl,pracasepolno.pl,pracasiemianowice.pl,pracasiemiatycze.pl,pracasierpc.pl,pracaskarzyskokamienna.pl,pracaskierniewice.pl,pracaslawno.pl,pracaslubice.pl,pracaslupsk.pl,pracasokolka.pl,pracasokolow.pl,pracasokolowpodlaski.pl,pracasopot.pl,pracasosnowiec.pl,pracasrem.pl,pracasroda.pl,pracasrodaslaska.pl,pracastargard.pl,pracastarogard.pl,pracastaszow.pl,pracastrykow.pl,pracastrzelcekrajenskie.pl,pracastrzelceopolskie.pl,pracastrzelin.pl,pracastrzyzow.pl,pracasuchabeskidzka.pl,pracasuchylas.pl,pracasulecin.pl,pracaswidnik.pl,pracaswidwin.pl,pracaswiebodzin.pl,pracaswiecie.pl,pracaswietochlowice.pl,pracaswinoujscie.pl,pracaszamotuly.pl,pracasztum.pl,pracaszydlowiec.pl,pracatarnowopodgorne.pl,pracatarnowskiegory.pl,pracatomaszowlubelski.pl,pracatrzebnica.pl,pracatuchola.pl,pracaturek.pl,pracatychy.pl,pracaustrzyki.pl,pracawabrzezno.pl,pracawadowice.pl,pracawagrowiec.pl,pracawalcz.pl,pracawegorzewo.pl,pracawegrow.pl,pracawieliczka.pl,pracawielun.pl,pracawieruszow.pl,pracawlodawa.pl,pracawloszczowa.pl,pracawodzislawslaski.pl,pracawolkakosowska.pl,pracawolomin.pl,pracawolow.pl,pracawolsztyn.pl,pracawschowa.pl,pracawysokiemazowieckie.pl,pracawyszkow.pl,pracazabkowice.pl,pracazagan.pl,pracazakopane.pl,pracazambrow.pl,pracazawiercie.pl,pracazdunskawola.pl,pracazlotoryja.pl,pracazlotow.pl,pracaznin.pl,pracazuromin.pl,proszowiceogloszenia.pl,prudnikogloszenia.pl,pruszczgdanskiogloszenia.pl,pruszcznoclegi.pl,pruszkowogloszenia.pl,przemyslnoclegi.pl,przemyslpraca.pl,przeworskogloszenia.pl,przysuchaogloszenia.pl,pszczynaogloszenia.pl,puckogloszenia.pl,pulawyogloszenia.pl,pulawypraca.pl,pultusknoclegi.pl,pultuskogloszenia.pl,pyrzyceogloszenia.pl,raciborznoclegi.pl,raciborzogloszenia.pl,raciborzpraca.pl,radomnoclegi.pl,radomskonoclegi.pl,radomskoogloszenia.pl,radziejowogloszenia.pl,radzyminogloszenia.pl,radzyminpraca.pl,radzynpodlaskiogloszenia.pl,rawamazowieckaogloszenia.pl,rawanoclegi.pl,rawiczogloszenia.pl,ropczyceogloszenia.pl,rudaslaskaogloszenia.pl,rusinowonoclegi.pl,rybnikogloszenia.pl,rybnikpraca.pl,rykiogloszenia.pl,rypinogloszenia.pl,rzeszowogloszenia.com,rzeszowpraca.pl,sandomierzogloszenia.pl,sanokogloszenia.pl,sejnyogloszenia.pl,sepolnokrajenskieogloszenia.pl,serocknoclegi.pl,siedlcenoclegi.pl,siedlceogloszenia.pl,siedlcepraca.pl,siemianowiceogloszenia.pl,siemiatyczeogloszenia.pl,sieradznoclegi.pl,sieradzogloszenia.pl,sieradzpraca.pl,sierpcogloszenia.pl,skawinapraca.pl,slubiceogloszenia.pl,slupcaogloszenia.pl,slupcapraca.pl,slupsknoclegi.pl,slupskogloszenia.pl,sochaczewogloszenia.pl,sochaczewpraca.pl,sokolkaogloszenia.pl,sokolowpodlaskiogloszenia.pl,sopotogloszenia.pl,sosnowiecogloszenia.pl,sremnoclegi.pl,srodaslaskaogloszenia.pl,stalowawolaogloszenia.pl,stalowawolapraca.pl,starachowicepraca.pl,stargardogloszenia.pl,starogardgdanskiogloszenia.pl,staszowogloszenia.pl,strykowogloszenia.pl,strzelcekrajenskieogloszenia.pl,strzelceopolskieogloszenia.pl,strzelinogloszenia.pl,strzyzowogloszenia.pl,suchabeskidzkaogloszenia.pl,sulecinogloszenia.pl,suwalkinoclegi.pl,suwalkiogloszenia.pl,suwalkipraca.pl,swarzedzogloszenia.pl,swarzedzpraca.pl,swidnicaogloszenia.pl,swidnicapraca.pl,swidnikogloszenia.pl,swidwinogloszenia.pl,swietochlowiceogloszenia.pl,swinoujscieogloszenia.pl,szamotulyogloszenia.pl,szczecineknoclegi.pl,szczecinekogloszenia.pl,szczecinekpraca.pl,szczytnonoclegi.pl,szczytnopraca.pl,sztumogloszenia.pl,sztutowonoclegi.pl,szwecjapraca.pl,szydlowiecogloszenia.pl,tanienoclegitorun.pl,tarczynogloszenia.pl,tarnobrzegpraca.pl,tarnowogloszenia.com,tarnowpraca.pl,tarnowskiegoryogloszenia.pl,tczewogloszenia.pl,tczewpraca.pl,tomaszowlubelskiogloszenia.pl,tomaszownoclegi.pl,tomaszowogloszenia.pl,tomaszowpraca.pl,torunogloszenia.pl,torunpraca.pl,trew.pl,trzciankaogloszenia.pl,trzebnicaogloszenia.pl,tucholaogloszenia.pl,turekogloszenia.pl,tychyogloszenia.pl,ustrzykidolneogloszenia.pl,wadowiceogloszenia.pl,walbrzychogloszenia.pl,walbrzychpraca.pl,walczogloszenia.pl,warkaogloszenia.pl,warszawaofertypracy.pl,warszawaogloszenia.com,wegorzewonoclegi.pl,wegrowogloszenia.pl,wejherowoogloszenia.pl,wejherowopraca.pl,wieliczkaogloszenia.pl,wielunogloszenia.pl,wieruszowogloszenia.pl,wloclawekogloszenia.pl,wloclawekpraca.pl,wlodawaogloszenia.pl,wloszczowaogloszenia.pl,wodzislawslaskiogloszenia.pl,wolominnoclegi.pl,wolowogloszenia.pl,wolsztynogloszenia.pl,wronkinoclegi.pl,wronkiogloszenia.pl,wrzesniaogloszenia.pl,wrzesniapraca.pl,wschowaogloszenia.pl,wysokiemazowieckieogloszenia.pl,zabkowiceogloszenia.pl,zabrzeogloszenia.pl,zabrzepraca.pl,zaganogloszenia.pl,zamoscnoclegi.pl,zamoscogloszenia.pl,zamoscpraca.pl,zarypraca.pl,zawiercieogloszenia.pl,zdunskawolaogloszenia.pl,zgierzogloszenia.pl,zgierzpraca.pl,zgorzelecogloszenia.pl,zgorzelecpraca.pl,zielonagoraogloszenia.pl,zielonagorapraca.pl,zlotoryjaogloszenia.pl,zlotowogloszenia.pl,zlotystoknoclegi.pl,zninogloszenia.pl,zoryogloszenia.pl,zorypraca.pl,zurominogloszenia.pl,zwolenogloszenia.pl,zyrardowogloszenia.pl,zyrardowpraca.pl,zywiecogloszenia.pl,zywiecpraca.pl#?#.alert:-abp-has(a[href*=\"/polityka-cookies\"] ~ a[href*=\"/polityka\"])","56672":"babysensepolska.pl,barline.eu,estetiq.pl,nails.pl,swiatkoralikow2.pl,tvprodukt.pl#?#div[class*=\"config\"][class*=\"messages\" i]:-abp-contains(/(cookies? i podobnych)|((P|p)lik(i|ów) \"?cookies\"?|RODO)/)","58263":"banbye.com#?#.v-dialog__content:-abp-contains(cookies)","59583":"beesafe.pl#?##root > div > div > div > .MuiGrid-root.container:only-child:-abp-has(a[href*=\"/polityka-prywatnosci/\"])","60406":"berendsen.pl#?#body > div[id]:-abp-has(a[title=\"Cookies policy\"])","60468":"berlitz.com#?##gatsby-focus-wrapper > div:first-child > div:first-child > div:first-child:-abp-has(a[href*=\"/warunki-uzytkowania\"])","60630":"beskidy24.pl#?#body > div:nth-child(-n+7):not([id], [class], [style]):-abp-has(> a[href*=\"cookies\"]:only-child)","60940":"bethesda.net#?#visor-alert[name=\"visor-alert\"] > div[class=\"\"] > div > div:last-child:-abp-has(> a[href$=\"/cookie-policy\"])","61445":"bia.pl,openkontakt.com,szu.pl#?#body table .poz > div:-abp-contains(pliki cookies)","63355":"binance.com#?##__APP ~ div[class^=\"css-\"]:-abp-has(> div > a[href=\"/pl/privacy\"])","64053":"bip1.sokolow-mlp.pl#?#table[style*=\"width\"][style*=\"500\"][border=\"1\"]:-abp-has(th[scope=\"col\"] > p > strong > span:-abp-contains(COOKIES))","64443":"bip.gminadynow.pl#?##footer > p:-abp-contains(używa cookies)","64984":"bip.um.szczytno.pl#?#.td_content_html p:-abp-has(span[style*=\"font\"] > strong > span[style*=\"background-color\"]:-abp-contains(/plików cookies/i))","66516":"blikomania.pl#?#.modal-wrapper:-abp-contains(plików cookies)","66922":"blogger.com#?#[aria-label=\"Powiadomienia z Bloggera\"]:-abp-contains(cookie)","67597":"bok.polsatbox.pl#?#.shellContainer:-abp-has([id*=\"rodo\"], [class*=\"gdpr\"])","67983":"bonami.pl#?#body > div[class] ~ div[class] > div[class]:only-child > div[class]:only-child:-abp-has(> p[class]:-abp-contains(używa plików cookie))","68368":"booksy.com#?##page > footer ~ div[class]:-abp-contains(cookie)","69535":"bslapy.pl#?#body > table:first-child > tbody:-abp-contains(Cookies)","72121":"canva.com#?##root main ~ div:last-child:-abp-has(> div > div > span > [href=\"https://about.canva.com/terms-of-use/\"] ~ [href=\"https://about.canva.com/cookies-policy/\"])","72286":"canva.com#?#div[aria-live=\"polite\"]:-abp-has(> div span a[href*=\"/policies/cookies-policy/\"])","73580":"centrumsportu.com.pl#?##panel_popup.panel_popup:-abp-has(.artykul)","75220":"cire.pl#?##root > header ~ header ~ div[class*=\" \"]:-abp-has(> div div:first-child:-abp-contains(/^Informacja na stronę$/))","75335":"cire.pl#?##root > header ~ header ~ div[class*=\" \"]:-abp-has(> div p:first-child:-abp-contains(/plików cookie$/))","75972":"ckmir.com.pl#?#p:-abp-contains(cookie)","77722":"crimedistrict.com#?#body > div > div[style*=\"position\"][style*=\"absolute\"] > div[style*=\"float\"][style*=\"left\"]:-abp-has(~ [style*=\"float\"][style*=\"left\"] > a[href*=\"cookie\"] > img[src*=\"cookie\"])","79421":"czytamyetykiety.pl#?##root main > div[class]:not([id], :empty):-abp-has(a[href=\"/polityka-prywatnosci/\"])","79735":"dajar.pl#?##__next > #__app__ > div:first-child > div:-abp-has(> div button[data-test=\"accept-cookies-button\"])","81665":"diag.pl#?#div[class*=\"MuiPaper\"]:-abp-contains(Dbamy o Twoją prywatność)","85506":"dropbox.com#?##top-notification-bar-container:-abp-has(#eu-cookie-bar)","86299":"dyktanda.pl#?##modal:-abp-contains(pliki cookie)","86344":"dyktanda.pl#?##modal:-abp-has(h3:-abp-contains(plików cookie))","86802":"dziekanat.ewspa.edu.pl#?#div.info:-abp-has(> a[href*=\"/cookies.html\"])","86911":"dzwignice.info#?#body > div:first-of-type:-abp-has(a[href$=\"/polityka-prywatnosci\"])","87019":"e-bidfood.pl#?##app > div[class*=\"styles\"]:-abp-has(> p > a[href=\"/service-terms\"])","87180":"e-dukacja.pl#?#div.content-box:-abp-has(.red:-abp-contains(pliki cookies))","89789":"eblik.pl#?#.page_content_info:-abp-has(#cookie_info_max)","89842":"eboa.satfilm.pl#?#.ui-notificationbar:-abp-contains(cookie)","90813":"edcom.biz.pl#?#div[align=\"center\"] > table tr:first-child td[bgcolor=\"#333333\"]:-abp-contains(cookies)","91247":"edytor-serwis.com.pl#?#body > table:first-of-type table:first-of-type tr:first-child td:first-child > span:-abp-has(> a[href*=\"/eds_cookies.html\"]:last-child)","92313":"elauber.pl#?#.notifications-wrapper ~ div > div:-abp-has(> div > span ~ a[href=\"/cookies_policy\"])","92434":"elearning-fusion.pl#?#.hustle-slidein-position--south:-abp-has(a[href*=\"/polityka-cookies/\"])","93413":"elk.gmina.pl#?#.spu-box:-abp-contains(plików cookies)","93690":"elubin.pl#?#.center > table > tbody > tr > td:-abp-has(a[href=\"http://www.elubin.pl/regulamin.html\"])","93814":"ematik.pl#?#table ~ table:-abp-has(td p > font > font > a[href*=\"faq_serwis\"])","94405":"eneba.com#?##app > div[class] > div[class]:-abp-has(> p > a:-abp-contains(polityce prywatności))","95310":"erejestracja.wizjav.pl#?#.el-dialog__wrapper:-abp-has(a[href*=\"wszystkoociasteczkach.pl\"])","95478":"esa.nask.pl#?#.ReactModalPortal:-abp-has(.cookies-greetings)","95644":"esky-pl.mozio.com#?##container > div ~ div:-abp-has(> div > span:-abp-contains(as cookies to))","98358":"faktury.autopay.pl#?#body > div[style]:first-of-type:not([id], [class]):-abp-contains(cookies)","99623":"fedex.com#?#fedex-alert:-abp-contains(cookie)","100371":"fiatklubpolska.pl#?##navbar_notice_1.restore > center:first-of-type:-abp-contains(cookies)","101057":"fitfood.pl#?##app > #wrapper > div[class]:not([id]):-abp-contains(plików cookie)","101424":"flex.orange.pl#?#div[style*=\"fixed\"]:-abp-has(a[href*=\"/view/cookies\"])","101492":"flex.orange.pl#?#footer h5:-abp-contains(Śledź nas)","102340":"forum.e-hodowca.pl#?##wrapcentre > table.tablebg:-abp-has(> tbody > tr > .cat > h4:-abp-contains(Informacje o plikach cookie))","103344":"fotoportal.poznan.pl#?#.info-bar:-abp-contains(cookies)","103756":"funclub.pl#?#body > div > div > div > div > div:-abp-contains(cookies)","104794":"garwolin.spolem.org.pl#?##colorbox:-abp-has(#rodo_width_hotfix)","105309":"gck-szczurowa.pl#?#div[style^=\"font-size:12px; background:rgb(255, 241, 168); \"]:-abp-contains(cookies)","106509":"gih.grajewo.pl#?##fancybox-wrap:-abp-contains(RODO)","106810":"gksglinik.pl#?#.t3-footer > div > div:first-child:-abp-has(p a[href=\"/index.php/bonus-pages/ochrona-danych-osobowych\"] > span)","107717":"glosbe.com#?#body > .fixed:-abp-has([id*=\"cookieconsent\"])","108184":"gminawagrowiec.pl#?#.nyroModalCont:-abp-has(a[href*=\"klauzula\"] img[src*=\"rodo\"])","108262":"gminawagrowiec.pl#?#.nyroModalCont:-abp-has(a[href*=\"klauzula\"] img[src*=\"rodo\"]) ~ .nyroModalClose","109027":"goodie.pl#?#body > #body-wrapper ~ div[class]:not([id]):last-child:-abp-has(> div > span > a[href*=\"/ochrona-danych\"])","109142":"goodie.pl#?#footer ~ div[class]:not([id]):-abp-has(span > [href=\"/ochrona-danych\"])","110345":"grawerowanie-laserowe.com.pl,kopifax.pl#?#body > table:first-of-type:-abp-has(tr [href=\"cookies.htm\"])","112716":"hipets.com#?##__next > .MuiPaper-root.MuiPaper-elevation[style]:-abp-has(> div > div > div > a[href^=\"/polityka-prywatnosci\"])","116048":"info-kujawy.pl#?#div[class*=\"sidebar\"] > div.art-block:-abp-has(h6:-abp-contains(plików cookie))","116608":"inku.pl#?#div[id^=\"jet-popup-\"].jet-popup:-abp-has(a[href*=\"/polityka-prywatnosci\"])","117316":"investmap.pl#?##app > div[class*=\" \"] > div[class*=\" \"]:first-child:not(:empty):-abp-has(> span[class*=\" \"]:-abp-contains(plików cookies))","117741":"ipda.pl#?#section > div[class][style]:-abp-has(> a[href^=\"http://www.emu.com.pl/?polityka-prywatnosci\"])","117842":"ipkobiznes.pl#?##layout > div > div.svg > div > div:first-child:-abp-contains(cookies)","117955":"ipos.pl#?##gatsby-focus-wrapper > div[class*=\"css-\"] ~ div[class*=\"css-\"]:-abp-has(a[href*=\"/polityka-prywatnosci\"])","119281":"jakaoferta.pl#?#div.moOptinForm[style*=\"position:\"][style*=\"fixed\"]:-abp-contains(Ciasteczka)","120378":"juventus-academy.rzeszow.pl#?#div[id^=\"avatar-full-\"][id*=\"block\"]:-abp-has(.artykul strong:-abp-contains(OCHRONA DANYCH OSOBOWYCH))","120585":"k-mag.pl#?##modals-container:-abp-contains(RODO)","120721":"kagb.pl#?#.art-content-sidebar2 > .art-nostyle:first-child > p:-abp-contains(cookies)","121113":"karpaciak.pl,targowiak.pl,tarnowiaczek.pl#?#div.div_glowny:-abp-has(> a[href*=\"polityka\"] ~ a[href*=\"regulamin\"])","121223":"karpacz-bus.pl#?#body > table:first-of-type:-abp-has(.txtprywatnosc)","121365":"katrinex.pl#?#p.tiny_wyrozn1.tekst_bialy > em:-abp-contains(Prawo telekomunikacyjne)","121540":"kazar.com#?#.bottom-data:-abp-has(.cookie-info)","122318":"kino.mdkwagrowiec.pl#?##myModals:-abp-contains(RODO)","123971":"komunikaty.tp.pl,orange.pl#?##__next section > div div[class^=\"css-\"]:-abp-has(> div > div > strong:-abp-contains(Informacja o cookies))","124880":"krolewskie.pl#?##app > .swiper-container > section.wrapper:-abp-has(> div.content > span.text > a[href*=\"/polityka-cookies\"] ~ a[href*=\"/polityka-prywatnosci\"] ~ a[href=\"#cookie-settings\"])","125214":"krzemieniewo.pl#?#footer .subfooter small:-abp-contains(używa cookies)","125281":"krzemieniewo.pl,~www.krzemieniewo.pl#?#footer > div > div > p:-abp-contains(używa cookies)","125555":"krzywcza.edu.pl#?#body > :nth-child(-n+7):not([id], [class]):-abp-has(~ #dd-main:not(:first-child))","125738":"ksiaz-wlkp.pl#?##root footer ~ nav:-abp-has(> section > button)","126253":"kts.weszlo.com#?##__next > div[class]:-abp-has(> button ~ p:-abp-contains(korzysta z ciasteczek))","126376":"kubisa.pl#?##innertop .deepest.module > p:-abp-has(a[href*=\"/polityka-prywatnosci\"])","126944":"kursy24h.pl,salenawesela.pl,turystyka24h.pl#?#body > div[style]:first-child:-abp-has(> a[href*=\"/cookie\"])","127258":"laboratoria.net#?##colorbox:-abp-has(#rodoPopupClose)","128469":"legia.com#?##real-content > div[class]:not([class*=\"-\"], [class*=\"_\"]):-abp-contains(cookies)","128559":"legia.com#?##root > div > main#main ~ div[class]:-abp-contains(cookies)","128784":"legnickiepole.gisgminny.pl#?#.x-message-box.x-window:-abp-has(div[class*=\"header-title\"]:-abp-contains(pliki cookie))","131146":"lokalna24.pl#?##jm-right .custom > table:-abp-contains(RODO)","131771":"loteriacorega.pl#?##pop_up:-abp-has(.cookie_first_look)","132789":"m.mapahandlu.pl#?#.ui-footer .ui-title:-abp-contains(pliki cookies)","133108":"magentatv.pl#?#nav[class^=\"styles__StyledNavBar-\"] > div[class^=\"styles__HeaderInfoBarStyled-\"]:-abp-has(> div[class^=\"styles__HeaderMessageStyled-\"] > div[class^=\"styles__HeaderText-\"] > p[class^=\"styles__ParagraphStyled-\"] > a[href*=\"/polityka-prywatnosci\"])","133586":"malwarebytes.com#?#.ce-banner:-abp-has(.gdpr-p)","134396":"mastersintime.pl#?#.bg-green-200:-abp-has(> [class*=\"cookie\"])","134787":"mazowia.eu#?##dymek239:-abp-has(a[href$=\"rodo.html\"])","134873":"mba.umlub.pl#?#.body-wrapper ~ div:-abp-contains(plików cookies)","135262":"media.netflix.com#?##__next > div[class*=\"css-\"]:first-of-type:-abp-has(> button)","135415":"mediaexpert.pl#?#.modal.dialog-wrapper:-abp-has(a[href=\"/s,zasady-przetwarzania-danych\"])","135501":"mediaexpert.pl#?#.wrapper:-abp-has(.cookie-box)","135659":"mediamarkt.pl#?#.layout > .wrapper:-abp-has(.cookie-box)","135861":"medserwis.pl#?#.popup-container:-abp-has(#coockie-agree-ok)","135957":"medyczny.store#?#.jconfirm:-abp-has(.pdcookie-right.btn)","136144":"megart.pl#?#body > div > div:-abp-contains(cookie)","137566":"mieszkanie.porowneo.pl,podroze.porowneo.pl#?##root > div[class^=\"sc-\"]:nth-last-child(-n+2):-abp-has(> button ~ div > a[href*=\"rules=polityka_prywatnosci\"])","138454":"mleasing.pl#?#.footer > div[class] + div[class]:last-child:-abp-has(a[href*=\"/polityka-prywatnosci\"])","139185":"moj.tauron.pl#?#.contact-box:last-child > div:last-child > div:only-child > p:only-child:-abp-has(a[href*=\"/polityka-plikow-cookie\"] ~ a[href*=\"/polityka-prywatnosci\"])","139464":"mojeppk.pl#?##root #main ~ div[class*=\" \"]:-abp-has(> div > div > img[src*=\"Cookies.\"])","139596":"mokka.pl#?##__next > div[class]:first-of-type:-abp-has(a[href*=\"/dokumenty/\"]:-abp-contains(prywatności))","139733":"molnlycke.pl#?#.footer .tinymce > p:nth-of-type(2):-abp-has(> a[href*=\"/cookie-policy/\"] ~ a[href*=\"/policies/\"])","140065":"moodle.uni.lodz.pl#?##block-region-side-post > .block.block_html:-abp-contains(plików cookies)","140156":"mopr.piekary.pl#?##fancybox-wrap:-abp-has(h3:-abp-contains(Ciasteczka))","140863":"motospace.pl#?##dimmed:-abp-has(~ #popupwindow)","141046":"mpoint.pl#?#.fancybox-wrap:-abp-has(#conditions_condition)","141228":"mrowka.com.pl#?#.popup-container:-abp-has(.popup-button-agree)","141523":"mubi.pl#?#div#root > div[class] > header ~ div[class]:not([id]):-abp-contains(plików cookies)","141951":"muzeum-belchatow.pl#?#.content:first-of-type:-abp-has(> p > a[href=\"klauzula-rodo.html\"])","142105":"muzeumjawor.pl#?#.warn:-abp-has(font:-abp-contains(plików cookies))","142641":"mzdik.radom.pl#?##webDataTime > span:-abp-has(a[href*=\"id=185\"])","142839":"mzn.jastrzebie.pl#?#.sp_popup_wrap:-abp-has([href=\"/index.php/polityka-prywatności\"])","144350":"nick.com.pl#?#section ~ .page-overlay:-abp-has(b:-abp-contains(pliki cookie))","144747":"nju.pl#?#footer > section ~ div:-abp-has(> section img[src=\"/images/cookies-large.png\"])","144889":"noaignite.pl#?#header > div:first-child > div.MuiGrid-container:first-child:-abp-has(a[href=\"/use-of-cookies\"])","145425":"norwegian.com#?#.alert:-abp-has(.cookie-disclaimer)","146168":"obozymlodziezowe.pl#?#header ~ div > div > div[class^=\"jss\"]:last-child:-abp-contains(cookies)","146865":"ogloszenia.debica.pl,ogloszenia.krosno.pl,ogloszenia.nowy-sacz.pl,ogloszenia.nowy-targ.pl,ogloszenia.przemysl.pl,ogloszenia.sandomierz.pl,ogloszenia.tarnow.pl,ogloszenia.zakopane.pl,ogloszeniadrobne.bytom.pl,ogloszeniadrobne.rzeszow.pl,ogloszeniadrobne.warszawa.pl,oswiecimiak.pl#?#div.div_glowny:-abp-has(> a[href*=\"=polityka\"] ~ a[href*=\"=regulamin\"])","147215":"ogloszenia.krakow.pl#?#div.div_glowny[style*=\"line-height\"][style*=\"verdana\"]:-abp-has(> a[href$=\"polityka\"] ~ a[href$=\"regulamin\"])","147379":"ohmydev.pl#?##__next > div[class^=\"jss\"][style*=\"transform\"]:-abp-has(img[src*=\"/cookies_logo\"])","147538":"oke.wroc.pl#?#div.loginbox:-abp-has(b:-abp-contains(Ta strona używa cookie))","148491":"onninen.pl#?##__next > footer > aside:-abp-has(a[href=\"/polityka-prywatnosci\"])","148567":"onninen.pl#?#footer ~ div:-abp-has(div[class*=\"Modal\"] fieldset:-abp-contains(Ustawienia plików cookie))","149089":"opiniolog.com#?#.modal[role=\"dialog\"]:-abp-contains(RODO)","150803":"outlook.live.com#?#.ms-Layer:-abp-has(> .ms-Layer-content > [role=\"dialog\"] a[href=\"https://privacy.microsoft.com/privacystatement\"])","151416":"paliwaolkop.pl#?#div:-abp-has(div > #cookieContent)","151567":"panel.legiasoccerschools.pl#?#.sysMsg:-abp-contains(plików cookies)","152059":"patronite.pl#?#body > div:not([id], [class]):-abp-has(> div[class^=\"modal-backdrop1\"] > div[data-view=\"ADVANCED\"])","152245":"paypo.pl#?##application > div > div > div:-abp-has(> div > div > h4:-abp-contains(plików cookies))","152335":"paypo.pl#?#main.main ~ div > div:-abp-has(> div > div > h4:-abp-contains(plików cookies))","153212":"perspektywy.pl#?##root > .App > div[class]:-abp-has(> svg[data-icon=\"user-shield\"])","154088":"pila.luteranie.pl#?#.grpelem.clearfix.PamphletWidget:-abp-contains(pliki cookie)","154217":"pilot.wp.pl#?##gatsby-focus-wrapper > div[class] > div[class*=\"sc-\"]:-abp-has(> div[class^=\"sc-\"]:-abp-has(a[href=\"https://onas.wp.pl/poufnosc.html#cookies\"]))","155974":"pl.pinterest.com#?#button[type=\"button\"].noButtonStyles:-abp-has(> div:-abp-contains(Prywatność))","156893":"plus.pl,plushbezlimitu.pl,polsatbox.pl#?#.modal-overlay:-abp-has(~ #rodo-popup-container)","156979":"plus.pl,plushbezlimitu.pl,polsatbox.pl#?#.modal-overlay:-abp-has(~ #rodo-popup-overlay)","157799":"podwawelem.eu#?#.rstbox.eb-dialog:-abp-has(a[href*=\"przetwarzamy-twoje-dane\"], a[href*=\"polityka-cookies\"])","157937":"poettinger.at#?#.mfp-ready.mfp-wrap:-abp-has(a[onclick*=\"AcceptCookie()\"])","158303":"poland.hoppygo.com#?##gatsby-focus-wrapper > .MuiBackdrop-root:-abp-has(.MuiBox-root a[href*=\"/HGPL_Ogolna_klauzula_informacyjna.pdf\"])","158671":"polonika.at,tominet.com.pl#?#table:-abp-has(#cookieMessageText)","159392":"popeyeschicken.pl#?#div[data-testid=\"footer\"]:-abp-has(div[class*=\"toast\"])","159505":"porowneo.pl#?#footer > div[class^=\"sc-\"]:nth-last-child(-n+2):-abp-has(> button ~ div > a[href*=\"rules=polityka_prywatnosci\"])","159902":"portgdansk.pl#?#body > table:first-of-type .verysmall:-abp-has(> a[href=\"polityka-plikow-cookies\"])","160372":"power.prz.edu.pl#?##serwis > div[style*=\"background\"]:first-of-type:-abp-contains(plików cookie)","160582":"powiat.elk.pl,sp.lubawa.pl#?#body > div:not([id], [class]):-abp-has(.nyroModalBg ~ .nyroModalCont)","161050":"poznanairport.pl#?#.alertBoxes__item:-abp-has(a[href*=\"/polityka-prywatnosci/\"])","161204":"ppuslugi.mf.gov.pl#?#div[id^=\"container\"] > .ControlGridLayout.DocViewLayout:-abp-has(> div > label > span:-abp-contains(Uwaga! Ta strona korzysta z plików cookies))","161562":"pracuj.pl#?#header > div[class]:not([id]):-abp-has(a[title=\"Zobacz Politykę Cookies\"])","162447":"profilki.pl#?#div.centering.tile:-abp-has(img[src=\"/img/lay/maskotka_ciastko.png\"])","163533":"przetargi.pse.pl#?##footer ~ div[role=\"presentation\"]:-abp-has(+ #window-1010)","164112":"pupgrodziskwlkp.pl#?##fancybox-wrap:-abp-has(img[src=\"/ckeditor_assets/pictures/197/content_informacja_rodo.png\"])","165462":"radiokierowcow.pl#?##__next > div[class^=\"styles__Wrapper-\"]:-abp-has(p > strong:last-child > a[href*=\"/Artykul/\"])","165926":"ranking.abczdrowie.pl#?##app > div > div > div > div:-abp-has(a[href=\"https://portal.abczdrowie.pl/strona/polityka-prywatnosci\"])","166181":"ratujtenczyn.org.pl#?##root > div[id] > .text > span:-abp-contains(plików cookie)","166321":"rbdo.com.pl#?##new_top_inside > div:first-child:-abp-has(> a[href*=\"#\"])","166390":"rck.pila.pl#?#.alert-message.alert:-abp-has(.plg_system_eprivacy_message)","166460":"rck.rydultowy.pl#?#.cherry-popup:-abp-has(a[href*=\"/cookies/\"])","166520":"realbus.pl#?#.alert:-abp-contains(🍪)","166997":"refunder.pl#?#.bg-white:-abp-has([href=\"/warunki#cookies\"])","168031":"rolflex.pl#?#footer > div[id^=\"mod\"]:-abp-contains(plików cookie)","168673":"rylko.com#?#.alert:-abp-has(a[href*=\"/ochrona-danych-osobowych\"])","169190":"samochod.porowneo.pl#?##root > #main-app-container > div[class^=\"sc-\"]:nth-last-child(-n+2):-abp-has(> button ~ div > a[href*=\"rules=polityka_prywatnosci\"])","169343":"samochody.pl#?#.react-portal:-abp-has(> div[class*=\"Modal\"] [class*=\"Cookies_box_\"] button)","170446":"semhub.pl,solarispobierowo.pl,solarisvilla.pl,toreja.pl,vivalamer.pl#?#.live.oxy-modal-backdrop:-abp-has(.ct-modal a[href=\"/polityka-prywatnosci/\"])","171035":"sferaplatinum.pl#?##page_content > div[class^=\"jss\"] > div:not([id], [class]) ~ div[class^=\"jss\"]:-abp-has(> button[aria-label=\"Close\"])","171412":"shopalike.pl,wizaz.pl#?#div[id^=\"sp_message_container\"]:-abp-has(iframe[src*=\"cdn.privacy-mgmt.com\"])","171510":"shopee.pl#?##main > div > div[class]:-abp-has(> div[class] > a[href*=\"help.shopee.pl\"])","171594":"shopee.pl#?#.app-container > div:-abp-has(> h4 ~ a[href*=\"help.shopee.pl\"])","172316":"sitn.pl#?#body > div:-abp-has(#cookie-close)","172382":"six-payment-services.com#?#.warning.state:-abp-has(.system-notification-text:-abp-contains(cookie))","172700":"sklep-elektronik.pl#?#.jconfirm:-abp-has(.pdcookie-show-submit.btn)","173759":"sklepygama24.pl#?#.client-modal:-abp-has(.cookies-modal)","173907":"skylark.up.poznan.pl#?#.alert:-abp-contains(Cookie)","174365":"smallpdf.com#?##app > div:last-child:-abp-has(button span:-abp-contains(Zezwól na wszystkie))","174728":"smwarmia.pl#?##boxes:-abp-has(> #dialog img[src*=\"danych-osobowych\"])","174918":"sneakershop.pl#?##tws_i_100000:-abp-has(.agree_dialog)","175342":"sonarhome.pl#?#.fixed:-abp-has(.cookies-scrollbar)","175747":"splendor24.pl#?#.box_custom:-abp-has(span:-abp-contains(PRYWATNOŚĆ))","176359":"spwygnanow.szkolnastrona.pl#?##fancybox-overlay:-abp-has(~ #fancybox-wrap a[href*=\",ochrona-danych-osobowych\"])","176467":"spwygnanow.szkolnastrona.pl#?##fancybox-wrap:-abp-has(a[href*=\",ochrona-danych-osobowych\"])","176555":"spzaduszniki.pl#?#.nyroModalCont:-abp-has(img[src*=\"bez_tytulu\"][title])","176624":"spzaduszniki.pl#?#.nyroModalCont:-abp-has(img[src*=\"bez_tytulu\"][title]) ~ .nyroModalClose","177165":"stara.biblioteka.jelenia-gora.pl#?#body > div[style*=\"position\"][style*=\"fixed\"]:not([id], [class]):-abp-has(a[href^=\"/cookie.php\"])","179188":"szkolawohyn.pl#?##imContent > div[style]:not([id], [class]):first-of-type:-abp-has(> div[id^=\"imCell\"][class^=\"imGrid\"] p > span ~ b > span:-abp-contains(pliki cookies))","179349":"szkolawohyn.pl#?##imSplashBox:-abp-has([src=\"images/klauzula-PNG.png\"])","179769":"szybkanauka.pro#?##tve_editor:-abp-contains(cookies)","179897":"tally-weijl.com#?#.fixed > .container:-abp-has(> div[class*=\"cookie\"])","179991":"targeo.pl#?#body > div[style^=\"position: absolute;\"]:not([id], [class]):-abp-contains(plików cookie)","180899":"temu.com##div:not([id]):not([class]):has(> div[class]:empty + div > div:has-text(Polityka prywatności))","181005":"temu.com##div:not([id]):not([class]):has(> div[role=\"dialog\"] > div[class]:empty + div > div:has-text(Polityka prywatności))","181132":"temu.com#?##message-wrapper.message-wrapper ~ div:-abp-has(> div > div > div > span ~ span:-abp-contains(cookie policy))","181426":"testuj.peugeot.pl#?#.content-site.main-section > .widget > .content > p:nth-of-type(2):-abp-contains(pliki cookies)","181538":"testuj.peugeot.pl#?#.widget a:-abp-contains(Zgoda na pliki Cookies)","181830":"tiktok.com#?#div[role*=\"alert\"][class*=\"BannerContainer\"]:-abp-has(a[href*=\"/privacy-policy\"])","183115":"travelcircus.pl#?##landingpage-app > div[class] > div[class] > div.header-navigation > div[width]:-abp-has(> div > div > div > h2 ~ div > div[style*=\"underline\"])","183773":"tst.pl#?#footer ~ div.fixed:-abp-has([href=\"/prywatnosc\"])","184513":"ugporaj.pl#?##fancybox-wrap:-abp-contains(iod)","184877":"upctv.pl#?#.notification:-abp-contains(pliki cookie)","185302":"vbhelp.pl#?##notices.notices li[id^=\"navbar\"]:-abp-has(a[href$=\"policy\"])","185617":"victoria-niemodlin.pl#?#body > table:-abp-has(.end a[href*=\"/polityka\"])","185686":"victoria-niemodlin.pl#?#body > table:-abp-has([class*=\"end\"] a[href*=\"/rodo.\"])","186368":"vitra.com#?#.modal__wrapper:-abp-has(button[data-test-id=\"acceptAllCookieSettings\"])","186582":"vod.warszawa.pl#?##root footer ~ div[class]:-abp-has(h2:-abp-contains(Szanujemy Twoją Prywatność))","186751":"vtc360.pl#?#.ggskin_text.info[style*=\"bottom\"] > div:-abp-has(> a[href=\"https://vulcan-tc.pl/privacy_policy\"])","187108":"wakacje.pl#?##__next > div[class^=\"sc-\"] > div:not([id], [class]) > div[class^=\"sc-\"]:-abp-has(> div[class^=\"sc-\"] > div[class^=\"sc-\"] > div[class^=\"sc-\"] > div[class^=\"sc-\"] > p[class^=\"sc-\"] > a[href=\"https://www.wakacje.pl/politykaprywatnosci.html\"])","187881":"web.skype.com#?#.info.notification:-abp-contains(cookie)","189598":"wsqn.pl#?#.infotext:-abp-has(.close_info_text)","189836":"www.google.com,www.google.pl#?##appbar.appbar > div:first-child > div:-abp-contains(/^Plików cookie i/) > div > *","190094":"x.com#?##layers > div[class*=\"css-\"][class*=\" r-\"] > div[style*=\"position:\"][style*=\"absolute\"] > div:only-child > div:only-child > div:only-child:-abp-has(> div:not(:only-child) > div:not(:only-child) > span:only-child:-abp-contains(cookies))","191285":"zawody.kuratorium.wroclaw.pl#?#footer ~ div:-abp-has(.card b:-abp-contains(RODO))","192056":"zima.peugeot.pl#?#.site-footer > .site-footer-content > p:nth-of-type(3):-abp-contains(plików cookies)","192155":"zimmermann.pl#?#table table div[style*=\"font-size:10px\"]:-abp-has(> br ~ a[href=\"gfx/politykaprywatnosci.jpg\"])","192807":"zsme.pl#?#form > center > table > tbody > tr:-abp-has(td:nth-of-type(2) > input)","192978":"zwg.pl#?#.main-bg table[width=\"100%\"]:-abp-has(> tbody > tr > .capmain:-abp-contains(/^(Klauzura informacyjna RODO|Powitanie)$/))","193099":"zwg.pl#?#.main-bg table[width=\"100%\"]:-abp-has(> tbody > tr > .capmain:-abp-contains(/^(Klauzura informacyjna RODO|Powitanie)$/)) + table.spacer[width=\"100%\"]","241699":"~1login.wp.pl,~poczta.wp.pl,wp.pl,~www.wp.pl#?##app > div > table > tbody > tr:nth-child(2) > td > span > div:-abp-has(> div[class] > div[class] > a[href=\"http://onas.wp.pl/poufnosc.html\"])","241885":"~1login.wp.pl,~poczta.wp.pl,wp.pl,~www.wp.pl#?#body > #app > div > span:not([id]):not([class]) > div[class]:not([id]):-abp-has(> div[class] > div[class] > a[href=\"http://onas.wp.pl/poufnosc.html\"])","259083":"17bankow.com,5mindlazdrowia.pl,abczdrowie.pl,allani.pl,audioteka.com,autocentrum.pl,autokult.pl,benchmark.pl,deliciousmagazine.pl,dobreprogramy.pl,domodi.pl,easygo.pl,extradom.pl,finansowysupermarket.pl,fotoblogia.pl,gadzetomania.pl,genialne.pl,homebook.pl,jastrzabpost.pl,kafeteria.pl,kafeteria.tv,kazimierzdolny.pl,komorkomania.pl,money.pl,nauka.rocks,nerwica.com,nocowanie.pl,o2.pl,open.fm,parenting.pl,polygamia.pl,pudelek.pl,pudelek.tv,pysznosci.pl,smaczneblogi.pl,so-magazyn.pl,superauto.pl,testwiedzy.pl,totalmoney.pl,vibez.pl,vpolshchi.pl,wakacje.pl,wp.pl##body > div > div:empty:matches-css(after, content: /K/) ~ div > svg:upward(2)","265806":"ads.allegro.pl###main div[class]:has(a[href*=\"/regulaminy/polityka-plikow-cookies\"][href*=\"#ukryj-modal-rodo\"]) + div:matches-css(opacity: 0.5):matches-css(background-color: /34/)","265988":"ads.allegro.pl###main div[class]:has(a[href*=\"/regulaminy/polityka-plikow-cookies\"][href*=\"#ukryj-modal-rodo\"]):matches-css(position: fixed)","271201":"apress24.pl##.modal-popup:has-text(Polityką Prywatności)","275104":"autohero.com###app ~ div[class*=\"backdrop_\"], #app ~ div[class*=\"backdrop_\"] ~ div[class*=\"root\"][role=\"dialog\"]:has-text(Używamy plików cookie)","276296":"barbara.net.pl##.modal:has-text(RODO)","284793":"codeeurope.pl###root footer ~ div:has-text(plików cookies)","286798":"dane.gov.pl##.modal-dialog:has-text(RODO)","289771":"dyzurnet.pl##.cookies-modal:upward(.modal)","292572":"erli.pl##body > #root ~ div[class*=\" \"]:has(header:has-text(Ustawienia prywatności i cookies))","293431":"fc.pl#$?#body > #container > #content > div:not([id]):not([class]):last-child:has-text(plików cookies) > * { color: initial }","293558":"fc.pl#$?#body > #container > #content > div:not([id]):not([class]):last-child:has-text(plików cookies) > :last-child:nth-child(4):upward(1) { color: #0000 }","298173":"idioci.pl##.fancybox-overlay-fixed.fancybox-overlay:has(h2:has-text(RODO))","301435":"komunikaty.tp.pl,orange.pl##section button[title=\"Zamknij informację o cookies\"]:upward(1)","302053":"kts.weszlo.com#@##__next > div[class]:-abp-has(> button ~ p:-abp-contains(korzysta z ciasteczek))","302143":"kts.weszlo.com#@?##__next > div[class]:-abp-has(> button ~ p:-abp-contains(korzysta z ciasteczek))","305154":"m.leroymerlin.pl##.ReactModalPortal:has-text(Polityka prywatności)","305322":"magboss.pl##footer ~ div[class]:has(h1:has-text(o plikach Cookie))","307152":"mediaexpert.pl##.modal.dialog-wrapper:has(h6:has-text(Polityka prywatności))","308757":"moje.ose.gov.pl##.cookies:upward(.modal)","312469":"pagespeed.web.dev##c-wiz ~ c-wiz div[class][jsaction][jscontroller] > span > div > div > div ~ span ~ a[href*=\"/technologies/cookies\"][aria-label=\"Więcej informacji\"]:upward(4)","312839":"patronite.pl##.modal--container:has-text(RODO)","314078":"pk.edu.pl,warzywapolowe.pl#@#div[consent-skip-blocker]:remove()","314154":"pl###kopageBar > #kopageBarCookies:upward(1)","314201":"pl##.alert > a[href*=\"/polityka-cookies\"] ~ a[href*=\"/polityka\"]:upward(.alert)","314283":"pl##.module-abovebox p > a[href*=\"/polityka\"][href$=\"-cookies.html\"]:upward(.module-abovebox[style^=\"position: fixed;\"])","314406":"pl##aside p > a[href*=\"cookies.htm\"], aside p > a[href*=\"cookies.php\"], aside p > a[href*=\"polityka-prywatnosci.htm\"]:upward(.type-10.widget:not([id]))","314560":"pl##body > div[style]:first-child > a[href*=\"/cookie\"]:upward(div)","315393":"pl.tripadvisor.com##span[data-test-name=\"consent\"]:upward(1)","315905":"polsatboxgo.pl###__next > div[class^=\"sc-\"]:first-child:has(> div[class^=\"sc-\"] > div[class^=\"sc-\"] > div[class^=\"sc-\"] > p:first-child + p:last-child:has-text(Wyrażam zgodę na przechowywanie))","316101":"polsatboxgo.pl###__next div[class^=\"sc-\"]:first-child:has(> div[class^=\"sc-\"] > h2 + p:has-text(/^Potrzebujemy Twojej zgody/))","317019":"porowneo.pl##div[class^=\"sc-\"] > button ~ div > a[href*=\"rules=polityka_prywatnosci\"]:upward(2)","317329":"powiadomienia.gis.gov.pl##body > div[class][role=\"presentation\"]:not([id]):has-text(plików cookies)","321399":"sportowefakty.wp.pl#@#body > [class]:not([id]):matches-css(position: fixed):matches-css(top: 0px)","323681":"ticketos.pl##div[class]:not([id])[role=\"dialog\"]:has-text(RODO)","323747":"tinder.com###content .App > div[class^=\"Pos\"][class*=\"Start\"]:has-text(plików cookie)","325438":"twitter.com##div[class*=\" \"] > div[class][dir=\"auto\"]:has(> a[href*=\"twitter-cookies\"][role=\"link\"]) ~ div[role=\"button\"]:upward(1)","328220":"wnioski.toyotabank.pl##div.stepContainer > .section > div > div > label[style*=\"overflow\" i]:upward(div:not([id]):not([class])):has-text(Klauzula Informacyjna)","329175":"www.google.com,www.google.pl##div[class][role=\"dialog\"] > #cnsp:has(> div[class][aria-live=\"polite\"]):upward(2)","335903":"e-legnickie.pl##.jconfirm:has-text(cookies)","336837":"gryfino.pl##.q-dialog.fullscreen:has(p:has-text(RODO))","337592":"lubimyczytac.pl###modal1:has-text(cookies)","337637":"lubimyczytac.pl###modal1:has-text(cookies) ~ .modal-backdrop:not(:last-child)","339668":"sprzet-fryzjerski.pl###myWorningNewsletterPopUp:has-text(cookies)","340051":"wiemy.to##.fancybox-overlay-fixed.fancybox-overlay[style]:has-text(RODO)"}