{"119655":"sir-apfelot.de##.entry-content > .code-block:has(> div[style] > a:contains(Werbung))","340538":"berliner-zeitung.de#@?#.m-article-teaser:-abp-has(div:-abp-contains(Anzeige))","345718":"saechsische.de#@?#article,div:-abp-has( > div > .article-section--nad > span:-abp-contains(Anzeige))","348214":"saechsische.de#@?#article,div:-abp-has( > .article-fill__section > span:-abp-contains(Anzeige))","348554":"saechsische.de#@?#article,div:-abp-has(> .landingpage > span:-abp-contains(Anzeige))","592855":"berlinstadtservice.de#?#.row.block03:-abp-has(p:-abp-contains(ANZEIGE))","594223":"rewe.de#?#.rs-qa-product:-abp-contains(Gesponsert)","594510":"stol.it#?##ContainerFull:-abp-has(a:-abp-contains(Anzeige))","594561":"alles-mahlsdorf.de#?#.elementor-section:-abp-has(h2.elementor-heading-title:-abp-contains(Werbung))","594652":"android-hilfe.de#?#article.message--post:-abp-has(span.username:-abp-contains(Anzeige))","594731":"apfeltalk.de#?#div.wpb_text_column:-abp-contains(Werbung)","594785":"avguide.ch#?#.avgrid_1_of_1.viewlet-bottom:-abp-has(h2:-abp-contains(Advertorials))","594860":"avguide.ch#?#.gridteaser.gridteaser-m:-abp-has(h4:-abp-contains(Sponsored Post))","594932":"back-intern.de#?#.cm-post-widget-three.cm-post-widget-section:-abp-has(.section-title:-abp-contains(Partner))","595033":"baur.de#?#div[data-testid=\"card\"]:-abp-has(span.MuiCardHeader-title:-abp-contains(Gesponserte Artikel))","595128":"baur.de#?#div[data-testid=\"reco-wrapper\"]:-abp-has(div[class^=\"indexesm__HeadlineElement-fragment-product-master__\"]:-abp-contains(Gesponserte Artikel))","595272":"baur.de#?#span:-abp-contains(Gesponserte Artikel)","595318":"bergsteiger.de#?#.eight.columns.alpha.content:-abp-has(span:-abp-contains(Advertorial))","595397":"berliner-kurier.de#?#.m-teaser:-abp-has(span:-abp-contains(Sponsored))","595459":"berliner-zeitung.de#?#.m-article-teaser:-abp-has(div:-abp-contains(Anzeige))","595527":"bitreporter.de#?#.code-block:-abp-has(span:-abp-contains(/ANZEIGE|Anzeige|Werbung|WERBUNG/))","595611":"carpediem.life#?#.post-overview:-abp-has(div:-abp-contains(Anzeige))","595671":"celleheute.de#?#div.YzqVVZ:-abp-has(span.wixui-rich-text__text:-abp-contains(Anzeigen))","595750":"chip.de#?#a[href^=\"https://www.chip.de/downloads/\"]:-abp-has(div[id]:-abp-contains(Werbung))","595834":"chip.de#?#div[data-vr-contentbox^=\"teaser-\"]:-abp-has(div.Label__Content--Text:-abp-contains(Anzeige))","595928":"computerbase.de#?#div.text-asset.text-width:-abp-has(p.text-width:-abp-contains(Anzeige))","596009":"computerbild.de#?#article.gridArea__teaserM:-abp-has(div.teaserBlock__label:-abp-contains(Anzeige))","596100":"cyclingmagazine.de#?#p:-abp-contains(Anzeige) > strong > a[target=\"_blank\"][rel=\"noopener\"] > picture","596198":"dkamera.de#?#.node.teaser:-abp-has(a:-abp-contains(Anzeige))","596250":"ebay.de#?#.b-module:-abp-has(h2:-abp-contains(Anzeigen))","596298":"ebay.de#?#.mfe-lex:-abp-has(h2:-abp-contains(Anzeigen))","596345":"emotion.de#?#.node--article:-abp-has(span:-abp-contains(Anzeige))","596402":"fazemag.de#?#h4:-abp-has(span:-abp-contains(ANZEIGEN))","596448":"finanzen.net#?#.mleft-10.small-font.light-grey:-abp-contains(Werbung) + .box + .border-blue-2","596538":"finanzen.net#?#.mleft-10:-abp-contains(Werbung) + .box","596589":"games.ch#?#.col4:-abp-has(h3:-abp-contains(Unterstützt durch:))","596644":"gamestar.de#?#.content-item-medium:-abp-has(data:-abp-contains(Anzeige))","596708":"gamestar.de#?#.content-item-small:-abp-has(h3:-abp-contains(Anzeige))","596769":"gamestar.de#?#.contentnewsitem-box .box-reload .news-list:-abp-has(span.media-heading:-abp-contains([Anzeige]))","596872":"gamestar.de#?#.contentnewsitem-box .box-reload > div:-abp-has(.news-list span.media-heading:-abp-contains([Anzeige])) + hr","596986":"giga.de#?#.alice-teaser-list-item:-abp-has(.alice-teaser-meta-text:-abp-contains(Anzeige))","597068":"gofeminin.de#?#.af-block-native:-abp-contains(Anzeige)","597119":"gofeminin.de#?#.af-block-native:-abp-contains(Sponsored Post)","597177":"handelszeitung.ch#?#.teaser-m-default:-abp-contains(Native Advertising)","597245":"handelszeitung.ch#?#.teaser-m-default:-abp-contains(Publireportage)","597309":"hardwareluxx.de#?#.bg-gray-light:-abp-has(div.text-right:-abp-contains(Werbung))","597381":"heise.de#?#.px-4.md\\:px-6.py-3.h-full.bg-gray-50:-abp-has(.mb-3.text-xs.leading-none.text-center:-abp-contains(Anzeige))","597493":"heise.de#?#p:-abp-contains(=== Anzeige / Sponsorenhinweis ===)","597552":"heise.de#?#p:-abp-contains(=== Anzeige / Sponsorenhinweis ===) + p","597615":"heise.de#?#p:-abp-contains(=== Anzeige / Sponsorenhinweis ===) + p + p","597682":"heise.de#?#p:-abp-contains(=== Anzeige / Sponsorenhinweis ende===)","597745":"ibooks.to#?#form:-abp-has(button:-abp-contains(Download))","597794":"imsueden.de#?#.swiper:-abp-has(.headline:-abp-contains(Partner))","597850":"kajak-magazin.com#?#.custom:-abp-has(span:-abp-contains(Anzeige))","597907":"kaufland.de#?#.recommender-wrapper:-abp-contains(Gesponsert)","597964":"koeln.de#?#.gb-container:-abp-contains(Anzeige)","598008":"la-palma24.info#?#article[class^=\"dvs-ad-tyblqtres-uno\"]:-abp-has(div:-abp-contains(AD))","598088":"la-palma24.info#?#div[class^=\"dvbloqbasic\"]:-abp-has(div:-abp-contains(Ad))","598155":"lausitz-tv.de#?#.small-12.column:-abp-contains(Anzeige)","598207":"lessentiel.lu#?#div:-abp-has(+ span:-abp-contains(Werbung))","598258":"linkedin.com#?#.core-rail > div > div[id^=\"ember\"]:-abp-has(span:-abp-contains(Gesponsert))","598341":"marbacher-zeitung.de#?#.appetizer:-abp-contains(Anzeige)","598394":"mediamarkt.at,mediamarkt.de,saturn.de#?#li:-abp-has(div[data-test=\"mms-product-card\"]:-abp-has(span:-abp-contains(Gesponsert)))","598508":"mediamarkt.de#?#.sc-72448dee-1.bLECT:-abp-contains(Gesponsert)","598567":"mediamarkt.de#?#[data-test=\"mms-search-flagship-sba\"]:-abp-contains(Gesponsert)","598643":"mediamarkt.de#?#[data-test=\"mms-search-showcase\"] + div:-abp-contains(Gesponsert)","598721":"meissen-fernsehen.de#?#.text-center:-abp-contains(- Werbung -)","598780":"mmnews.de#?#.sp-module:-abp-has(span:-abp-contains(Kleinanzeigen))","598838":"motorsport-total.com#?#.teaser_container.teaser-htmlcode.relative.row:-abp-has(.f1de-container-title:-abp-contains(Die besten Leasing-Deals))","598971":"notebookcheck.com#?#.introa_news:-abp-contains(Anzeige)","599023":"nur-positive-nachrichten.de#?#.moduletable.text-center:-abp-has(.bildunterschrift:-abp-contains(Anzeige))","599120":"o-sport.de#?#.card-body:-abp-contains(Sponsoren)","599165":"onvista.de#?#.outer-spacing--xxlarge-top:-abp-contains(Werbung von)","599229":"onvista.de#?#a[class*=\"ArticleTeaserBox\"]:-abp-has(div.ov-subline:-abp-contains(Werbung))","599310":"pctipp.ch#?#.list_item:-abp-has(.dachzeile:-abp-contains(Partnerzone))","599372":"pcwelt.de#?#div.box:-abp-has(span.banner-text + h4:-abp-contains(/Partner-Angebot|Angebote/))","599457":"pollenflug.de#?#.services-item:-abp-contains(bei Amazon)","599510":"produktion.de#?#.postlist-item:-abp-has(.label:-abp-contains(Gesponsert))","599575":"report-d.de#?#.content-view-containerbox:-abp-contains(SONDER-VERÖFFENTLICHUNG)","599651":"satvision.de#?#.fc_bloglist_item:-abp-has(a:-abp-contains(Advertorial))","599714":"satvision.de#?#.mod_flexicontent_standard_wrapper:-abp-has(span:-abp-contains(Advertorial))","599797":"seo-suedwest.de#?#.moduletable:-abp-has(span:-abp-contains(Anzeige))","599857":"skodacommunity.de#?#article.message--post:-abp-has(a:-abp-contains(Anzeige))","599925":"smartphonemag.de#?#.td_module_wrap:-abp-has(.td-post-author-name:-abp-contains(Werbung))","600005":"sportdeutschland.tv#?#.text-right.text-white.col-6:-abp-contains(präsentiert von)","600083":"swz.it#?#.jeg_post.jeg_pl_md_2.pr.format-standard:-abp-has(span:-abp-contains(PR-INFO))","600162":"t-online.de#?#.afl-widget-root:has(span:-abp-contains(Beliebt bei t-online))","600235":"t-online.de,www-t--online-de.cdn.ampproject.org#?#div[id^=\"T-\"][onfocus^=\"A('zid=\"]:-abp-has(a:-abp-contains(Anzeige))","600345":"tag24.de#?#article.article-tile:-abp-has(span.article-tile__badge2:-abp-contains(ANZEIGE))","600427":"tiger.ch#?#div[id^=\"gridSuche_panRecord_\"]:has([id^=\"gridSuche_lblUrl_\"]:-abp-contains(Anzeige))","600520":"tonight.de#?#.td_block_wrap:-abp-has(a:-abp-contains(Anzeige))","600574":"um-tv.de#?#.small-12.column.space:-abp-has(p:-abp-contains(--Anzeige--))","600638":"unicum.de#?#.artikel-preview-content:-abp-has(p:-abp-contains(-ANZEIGE-))","600703":"wallstreet-online.de#?#.footnote:-abp-has(.headline-box:-abp-contains(Werbung))","600774":"wallstreet-online.de#?#.module.c1.hidden-xs:-abp-has(span.issuerPromotionHint:-abp-contains(Werbung))","600867":"wallstreet-online.de#?#.newsflash:-abp-has(span.suffix.wo-inline-block.pull-right:-abp-contains(Anzeige))","600964":"wallstreet-online.de#?#.newsflash:-abp-has(span.wo-inline-block:-abp-contains(Anzeige))","601043":"welt.de#?#div[id][data-qa]:-abp-has(.c-buelent-linkbox__label:-abp-contains(Anzeige))","601120":"winfuture-forum.de#?#div.ExtraPostBlock:-abp-has(div.post_block:-abp-contains(Anzeige)):not(.with_rep)","601214":"zentrum-der-gesundheit.de#?#span:-abp-contains(/ANZ|EIGE/) + button","601278":"zentrum-der-gesundheit.de#?#span:-abp-contains(/ANZ|EIGE/) + div"}