{"21191":"18comic.org,18comic.vip,18-comic.work#@?#:-abp-has(>ins+script)","176547":"18comic.org,18comic.vip,jmcomic1.city,jmcomic1.win#@?#:-abp-has(>script[src*=\".realsrv.com\"])","176700":"ruanyifeng.com#@?#.asset-content > p:-abp-contains(/二维|助教|0 元|报名费|原价/) + p + p > img","176781":"ruanyifeng.com#@?#.asset-content > p:-abp-contains(/二维|助教|0 元|报名费|原价/) + p > img","427814":"bing.com#?#.b_algo:-abp-has(.ad_esltitle)","427852":"bing.com#?#.b_algo:-abp-has(.b_ads1line)","427889":"bing.com#?#.sb_form_placeholder:-abp-has(>.ad-ghost-slug)","427961":"mydrivers.com#?#li:-abp-has(>.titl+:-abp-contains(好 物))","428221":"element-plus.org#?#div:-abp-has(>.sponsor-item)","470399":"douyin.com#?##videoSideBar:-abp-has(div:-abp-contains(/商品|商家|退款|店铺/))","572203":"114la.com#?#.sortItem:-abp-has(> dIV[class] > .FeedADClose)","572259":"141jj.com#?#li:-abp-contains(/贊助|推廣/)","572293":"159i.com#?#.style15:-abp-has(> img[src=\"//159i.com/images/arrow3.gif\"])","572361":"159i.com#?#:-abp-has(> img[src*=\"gif\"])","572397":"159i.com#?#div:-abp-has(> img+a)","572426":"1point3acres.com#?#div[id^=\"portal_block\"]:-abp-has(a[href*=\"fiverr.com\"])","572497":"2345.com#?#.pic:-abp-has(a[href^=\"http://g.wan.\"])","572544":"3dmgame.com#?#.downl_list:-abp-has(style)","572582":"3g.baidu.com,m.baidu.com,m5.baidu.com,www.baidu.com#?#div:-abp-has(>.openBox-container)","572666":"3g.baidu.com,m.baidu.com,m5.baidu.com,www.baidu.com#?#div:-abp-has(>div[id$=\"_1\"]+div[id$=\"_5\"])","572759":"423down.com#?#.post-related > ul > li:-abp-has(> a[href^=\"http\"]:not([href*=\"423down.\"]))","572845":"423down.com#?#li:-abp-has(> .pic[href^=\"http\"]:not([href*=\"423down.\"]))","572913":"99kubo.tv#?#div[style*=\"width\"]:-abp-has(> div[style] > img[src=\"/static/img/adsfree.png\"])","589971":"ablesci.com#?#.fly-panel:-abp-has(img[src*=\"-hongbao.\"])","590024":"amazon.cn#?#.s-result-item:-abp-has(> .s-item-container > h5 .s-sponsored-info-icon)","590192":"cn.bing.com#?##b_results > li:-abp-has(.b_adProvider)","590242":"baidu.com#?#.c-gap-bottom-small:-abp-has(>a>div>div[class^=\"jr-stock-open-account-\"])","590324":"baidu.com#?#.container:-abp-has(>.bottom-section>.item_voice_room[data-yysid])","590399":"baidu.com#?#.container_frs:-abp-has(>.voice_room_card_frs[data-url*=\"yylive\"])","590474":"baidu.com,bdimg.com,tieba.com#?#.l_post:-abp-has(div[class*=\" fc-\"])","590539":"baidu.com,bdimg.com,tieba.com#?#.thread_item_box:-abp-has(div[class*=\" fc-\"])","590613":"bdimg.com,tieba.baidu.com,tieba.com#?#.tl_shadow:-abp-has(> .ti_item > .ti_infos > .label_text_tag:-abp-contains(广告))","590722":"benyixiwang.com#?#p:-abp-has(a[href=\"http://www.sm9166.com\"])","590780":"bilibili.com#?#.eva-extension-body > .bili-video-card:-abp-has(.bili-video-card__info--ad)","590867":"bilibili.com#?#.video-card-common:-abp-has(>.card-pic>a[href*=\"cm.bilibili.com\"][data-target-url])","590962":"bilibili.com#?#.video-page-special-card-small:-abp-has(>.card-box>.info>a[href^=\"http\"]:not([href*=\".bilibili.com/\"]))","591077":"bing.com#?#li[class=\"b_algo\"]:-abp-has(.b_attribution[data-partnertag]+p[class])","592115":"btmulu.com#?#.item:-abp-has(> a[target=\"_blank\"])","592161":"cartoon18.com#?#.row:-abp-has(.badge:-abp-contains(ad))","592244":"chbeyond.cn#?#a:-abp-has(> .xcybk-adfg)","592280":"cnyes.com#?#.content-main > div:-abp-has(>div[id^=\"div-gpt-ad\"])","592341":"cnyes.com#?#article > div:-abp-has(>div[id^=\"div-gpt-ad\"])","592396":"copyfuture.com#?#.tabbable > div:-abp-contains(宝红)","592470":"czzy.top,czzy77.com#?#.swiper-slide:-abp-has(a[href^=\"http\"]:not([href*=\"czzy\"]))","592548":"6parknews.com#?##d_list > ul > li:-abp-has(a[href^=\"http\"]:not([href*=\"6parknews\"]))","613611":"douban.com#?#.rec_topics:-abp-has(>.rec_topics_name[href^=\"https://erebor.douban.\"])","613692":"doubiuser.github.io,doubibackup.com#?#.custom-html-widget:-abp-has(div[style^=\"position\"])","613779":"douyin.com#?#.xgplayer>div[class]:-abp-has(svg[height=\"16\"][width=\"30\"])","613848":"douyu.com#?#.SharePanel:-abp-has(> .SharePanel-content > .SharePanel-contentTitle:-abp-contains(福利))","613940":"douyu.com#?#.bc-wrapper:-abp-has(>.wm-view>div>.isLink[href*=\".qualtrics.com/\"])","614017":"douyu.com#?#.wm-general:-abp-has(.link[href*=\".tmall.com\"])","614122":"engadget.com#?#.Py\\(40px\\):-abp-has(> article > .D\\(f\\) > .Pos\\(r\\)[data-ylk*=\":AD;\"])","614205":"fishpi.cn#?#.module:-abp-has(>.ad)","614312":"guilinlife.com#?#li:-abp-has(> div > .content-other > .content-type:-abp-contains(广告))","614412":"hao.360.com#?#.cube-mod:-abp-has(.dh-cpcad-container)","614462":"hdhive.online#?#.mt-4:-abp-has(>.text-lg)","614500":"huya.com#?#.item-pic:-abp-has(>.img-tips)","614538":"ifeng.com#?#.box_list:-abp-has(.tuig)","614572":"ifeng.com#?#div[class^=\"titleImg-\"]:-abp-has(span[class^=\"source-\"]:-abp-contains(推广))","614711":"image.baidu.com#?#.newfcImgli:-abp-has(.fc-ad-tip)","614758":"image.so.com#?#.cell:-abp-has(.txt:-abp-contains(广告))","614803":"image.so.com#?#.imgcell:-abp-has(.txt:-abp-contains(广告))","616367":"iqshv.com#?#.post-list-item:-abp-has(.thumb-link[href^=\"http\"]:not([href*=\".iqshv.\"]))","616450":"itdog.cn#?#.card:-abp-has(.partner>a[href*=\".jimcloud.net\"])","616507":"ithome.com#?#.placeholder:-abp-has(> a > .plc-con > .plc-footer > .tip-gray)","616580":"ithome.com#?#li:-abp-has(>.block a[href*=\"/lapin.\"])","616629":"jianshu.com#?#div[id]:-abp-has(> .ad-badge)","616669":"jin10.com#?#.jin-timeline:-abp-has(.jin-tag)","616710":"kostool.cn#?#div:-abp-has(> h1:-abp-contains(推广))","616793":"ldqk.xyz,masuit.com#?#.panel:-abp-has(>.panel-body>a>img)","616847":"lenovo.com.cn#?#.imgNewText:-abp-has(>footer>.info>.source:-abp-contains(/广告/))","616918":"lenovo.com.cn#?#a:-abp-has(>div>p:-abp-contains(广告))","617485":"libaclub.com#?#.ui-list-item:-abp-has(>.ui-list-item-title>a[onclick^=\"SendAd\"])","617562":"lihkg.com#?#div[class^=\"_\"]:-abp-has(>div>div>.adsbygoogle)","617618":"linkedin.com#?#.core-rail > div > div[id^=\"ember\"]:-abp-has(.feed-shared-actor__description span:-abp-contains(/促銷內容|广告/))","617732":"linkedin.com#?#.core-rail > div > div[id^=\"ember\"]:-abp-has(.feed-shared-actor__sub-description span:-abp-contains(/促銷內容|广告/))","617850":"manhuadb.com#?#.comicbook-index:-abp-has(>a[href^=\"http\"])","617905":"moegirl.org.cn#?#.capsule-card:-abp-has(.n-tag)","617949":"mongoing.com#?#.widget_custom_html:-abp-has(> .custom-html-widget > a[href^=\"http\"]:not([href*=\"mongoing.com\"]))","618058":"mrmad.com.tw#?#div[id^=\"mrmad-\"]:-abp-has(>.adsbygoogle)","618111":"muchong.com#?#.forum_Post_index:-abp-has(nobr:-abp-contains(18))","618167":"mydowndown.com#?#.bs-component:-abp-has(>a[href*=\"97jez.com\"])","618226":"mydrivers.com#?#li:-abp-has(>.titl+:-abp-contains(/广*告/))","618275":"mydrivers.com#?#li:-abp-has(>.titl+:-abp-contains(/推*广/))","618324":"mydrivers.com#?#li:-abp-has(>.titl+:-abp-contains(好物))","618370":"news.baidu.com#?#.index-list-item:-abp-has(.tip-time:-abp-contains(广告))","618433":"news.sohu.com,www.sohu.com#?#.list16 > ul > li:-abp-contains(广告)","618494":"nfmovies.com#?#div[id]:-abp-has(>img[onclick=\"openurl()\"])","618549":"nfstar.net#?#.myui-panel-bg:-abp-has(strong:-abp-contains(广告))","618603":"novipnoad.com#?#.video-item:-abp-has(img[src*=\"/bd/\"])","619172":"isiyuan.net#?##page-list > ul > .layui-row:-abp-has(.ad)","619225":"zn509.cc#?##portal_block_69_content > li:-abp-has(a[href^=\"http\"])","619288":"ruanyifeng.com#?#.asset-content > p:-abp-contains(/二维|助教|0 元|报名费|原价/) + p + p > img","619368":"ruanyifeng.com#?#.asset-content > p:-abp-contains(/二维|助教|0 元|报名费|原价/) + p > img","619444":"runoob.com#?#.sidebar-box:-abp-has(.re-600160)","619487":"samsung.com#?#.template-item:-abp-has(> .wrap-sub-title > div > .ad)","619862":"sogou.com#?#div[class^=\"right-feedback\"]:-abp-has(>.list-step-title:-abp-contains(网游))","623732":"toutiao.com#?#.has_action:-abp-has(> .icon_ad)","623912":"v2ex.com#?#.box:-abp-has(>.inner>div>span[style]:-abp-contains(Sponsored))","624009":"wealth.com.tw#?#div[class]:-abp-has(>div[class]>div[class*=\"-ad-manager-\"])","624081":"weibo.com#?#.card-content > ul > li:-abp-has(> p > .icon-txt-recommend)","624149":"weibo.com#?#.card-content > ul > li:-abp-has(>a[action-type=\"realtimehot_ad\"])","624224":"weibo.com#?#.card-wrap:-abp-has(> .card-film > .card-head > .title:-abp-contains(广告))","624301":"weibo.com#?#.card-wrap:-abp-has(>.card-top>.s-fr:-abp-contains(广告))","624360":"weibo.com#?#.card-wrap:-abp-has(>.card>i[style*=\"%E5%B9%\"])","624416":"weibo.com#?#.vue-recycle-scroller__item-view:-abp-has(.wbpro-ad-tag:-abp-contains(广告))","624494":"weibo.com#?#.vue-recycle-scroller__item-view:-abp-has(div[class*=\"head-info_\"]>div:-abp-contains(热推))","624587":"weibo.com#?#.vue-recycle-scroller__item-view:-abp-has(div[class*=\"head-info_\"]>img[src^=\"data\"])","624680":"weibo.com#?#.vue-recycle-scroller__item-view:-abp-has(img[class^=\"head-info_authicon_\"][src^=\"data\"])","624778":"weibo.com#?#.vue-recycle-scroller__item-view:-abp-has(span[class^=\"wbpro-icon-search\"]:-abp-contains(/商|上新|好物/))","624882":"weibo.com#?#.wbpro-side-panel:-abp-has(span[class^=\"wbpro-icon-search\"]:-abp-contains(商))","624963":"weibo.com#?#tr:-abp-has(> .td-03 > .icon-txt-recommend)","625015":"wenxuecity.com#?#div:-abp-has(>label[class^=\"adlab\"])","625065":"wezhicms.com#?#.card-main:-abp-has(.waimai-item-img)","625114":"x6d.com#?#li:-abp-has(>.myad)","625140":"yahoo.com#?#.js-stream-content:-abp-has(a[href*=\".promotions.\"])","625201":"yahoo.com#?#.js-stream-content:-abp-has(div:-abp-contains(雅虎搜尋))","625257":"yahoo.com#?#.stream-item:-abp-has(>div>div>div>span:-abp-contains(即日熱搜))","625321":"yahoo.com#?#.wafer-beacon:-abp-has(a[data-ylk*=\":ad;\"])","625373":"ying35.com#?#table:-abp-has(a[href*=\"/fei-ad\"])","625417":"ypojie.com#?#.excerpt:-abp-has(>.focus[href^=\"http\"]:not([href*=\"ypojie\"]))","625489":"yyets.click#?#.MuiBadge-root:-abp-has(>a[href*=\"/maomao.cloud/\"])","625551":"zhihu.com#?#.TopstoryItem:-abp-has(.Popover > .TopstoryItem-advertButton)","659900":"18-comicfrieren.xyz,18comic.org,18comic.vip#?#:-abp-has(>ins+div)","659962":"18-comicfrieren.xyz,18comic.org,18comic.vip#?#:-abp-has(>ins+script)","660027":"18-comicfrieren.xyz,18comic.org,18comic.vip#?#:-abp-has(>ins+style)","660091":"18-comicfrieren.xyz,18comic.org,18comic.vip#?#:-abp-has(>script+ins)","660156":"18-comicfrieren.xyz,18comic.org,18comic.vip#?#:not(body):-abp-has(>script[src*=\".realsrv.com\"])","660930":"58.com#?#.ac_item:-abp-has(.jingpin)","660963":"58.com#?#.business_main:-abp-has(> .business_desc > .left > .ding_icon)","661031":"58.com#?#.zzinfo:-abp-has(.zhiding_icon)","661068":"58.com#?#LI[sortid]:-abp-has(.icon-jingxuan)","661109":"58.com#?#LI[sortid]:-abp-has(.icon-zhiding)","661149":"58.com#?#LI[sortid]:-abp-has(.jinico)","661183":"58.com#?#TR[logr]:-abp-has(> .t > .mt-p-tit > .jingpin)","661235":"58.com#?#tr[sortid]:-abp-has(> .t > .ico.accurate)","661936":"91porny.org,jstv600.com,x9av7.com#?#.card:-abp-has(>.card-image>a[href^=\"http\"])","663151":"ipv6.baidu.com,www.baidu.com,www1.baidu.com,xueshu.baidu.com#?##content_left > [class]:-abp-has(span[data-tuiguang])","663365":"ipv6.baidu.com,www.baidu.com,www1.baidu.com,xueshu.baidu.com#?##content_left > div:-abp-has(.ec-tuiguang)","663467":"ipv6.baidu.com,www.baidu.com,www1.baidu.com,xueshu.baidu.com#?##content_right > [class]:-abp-has(span[data-tuiguang])","663581":"ipv6.baidu.com,www.baidu.com,www1.baidu.com,xueshu.baidu.com#?##content_right > div:-abp-has(.ec-tuiguang)","663767":"ipv6.baidu.com,xueshu.baidu.com,www.baidu.com,www1.baidu.com#?#.c-container:-abp-has(.t > a[data-landurl])","689927":"boylov.xyz,boylove.cc,boyloves.fun#?#:-abp-has(>.adsbyexoclick)","692216":"ddooo.com#?#span:-abp-has(>p:-abp-contains(高速))","692255":"ddooo.com#?#ul:-abp-has(>dd:-abp-contains(高速))","708537":"rvlev.com,t66y.com#?#.tpc_content:-abp-has(>b:nth-child(n+40)>span>a[onmouseover=\"this.style.background='#DEF5CD';\"]:-abp-contains(91TV)) > :nth-child(-n+45)","708686":"rvlev.com,t66y.com#?#.tpc_content:-abp-has(>b:nth-child(n+50)>span>a[onmouseover=\"this.style.background='#DEF5CD';\"]:-abp-contains(91TV)) > :nth-child(-n+55)","708835":"rvlev.com,t66y.com#?#[class]:-abp-has(>a[onmouseover=\"this.style.background='#DEF5CD';\"]:nth-child(n+150):-abp-contains(/赌|娱|澳/)) > :nth-child(-n+155)","708977":"rvlev.com,t66y.com#?#[class]:-abp-has(>a[onmouseover=\"this.style.background='#DEF5CD';\"]:nth-child(n+160):-abp-contains(/赌|娱|澳/)) > :nth-child(-n+170)","709119":"rvlev.com,t66y.com#?#[class]:-abp-has(>a[onmouseover=\"this.style.background='#DEF5CD';\"]:nth-child(n+180):-abp-contains(/赌|娱|澳/)) > :nth-child(-n+188)","709261":"rvlev.com,t66y.com#?#[class]:-abp-has(>a[onmouseover=\"this.style.background='#DEF5CD';\"]:nth-child(n+190):-abp-contains(/赌|娱|澳/)) > :nth-child(-n+195)","710004":"69xx.one,69xx487.xyz,8mav.cc,av411.xyz,cable2055.cc,theav.xyz,thep178.com,theporn.cc,weav.xyz#?#[class]:-abp-has(>a>.q-responsive)"}