{"19413":"brainee.hnonline.sk#?#.container--break:-abp-has(.ad--align)","19470":"brainee.hnonline.sk#?#div[class^=\"position_\"]:-abp-has(.ad--align)","19533":"csfd.cz#?#.widget-group-2 li:-abp-has(div.ad-pmg)","19579":"csfd.cz#?#.ct-related:-abp-contains(/^\\s+Reklama/)","19626":"doktorka.cz#?#.block-imageblock:-abp-contains(Reklama)","19677":"dotekomanie.cz#?#div.box:-abp-contains(/^reklama/i)","19725":"enigmaplus.cz,epochaplus.cz#?#.text-center:-abp-has(>span:-abp-contains(reklama))","19798":"enigmaplus.cz,epochaplus.cz#?#div:-abp-has(>a[class^=\"glightbox\"])","19861":"enigmaplus.cz,epochaplus.cz#?#span:-abp-contains(reklama)","19915":"konzolista.cz#?#.v-card--link:-abp-has(.ad)","19955":"lupa.cz,root.cz#?#div.article--content:-abp-has(div.design-advert)","20018":"motorkari.cz#?#div:-abp-has(> a[href*=\"?act=detail&f=8\"])","20072":"msmt.cz#?#.bcc:-abp-has(.banners)","20102":"parabola.cz#?#h3:-abp-contains(/^Reklama$/)","20142":"presovak.sk#?#.wrapper__list__article:-abp-has(.widget__form-subscribe)","20210":"slovnik.aktuality.sk#?#.desktop-wrapper:-abp-has([id^=\"div-gpt-ad\"])","20275":"sports24.cz#?#.tdc-row:not(:-abp-has(>.tdc-element-style))","20330":"tvtv.sk#?#.content-item:-abp-has(.header a[href^=\"/reklama/\"])","20389":"vtn-vranov.sk#?#.widget:-abp-has(img[src*=\"/ads/\"])","20437":"www.seznam.cz#?#div.dragging-enabled:-abp-has(div.gadget--reklama)","20985":"enigmaplus.cz,epochaplus.cz##img[src^=\"/upload/data/\"]:upward(3)","21052":"enigmaplus.cz##img[src*=\"/img/atlas\"]:upward(3)","21102":"epochaplus.cz##img[alt=\"casopis\"]:upward(3)","21557":"indian-tv.cz,nerdfix.cz##a:matches-css(background-image: /url/):matches-css(position: fixed):upward(1)","24194":"vranovske.sk#$?#style:has-text(::selection) { remove: true; }"}