{"116180":"nicematin.com#@?#section:-abp-has(.brand:-abp-contains(sponsorisé))","126888":"google.ae,google.be,google.cd,google.cf,google.cg,google.ch,google.cm,google.com,google.dz,google.fr,google.gp,google.gy,google.ht,google.iq,google.jo,google.ma,google.ml,google.mw,google.ne,google.ng,google.om,google.ps,google.qa,google.rw,google.sa,google.sn,google.td,google.tg,google.tn,google.tt#@?##topstuff:-abp-has(.SRfaKe)","128805":"leboncoin.fr#@?#a[data-test-id]:-abp-has([class]:-abp-contains(/À la une|Sponsorisé|Urgent/))","129518":"||googletagmanager.com/gtm.js$script,redirect=googletagmanager-gtm,domain=geo.fr","142588":"||googletagmanager.com/gtm.js$script,redirect=googletagmanager-gtm,domain=voici.fr","143980":"||googletagmanager.com/gtm.js$script,redirect=googletagmanager-gtm,domain=capital.fr","146814":"||googletagmanager.com/gtm.js$script,redirect=googletagmanager-gtm,domain=gala.fr","152567":"twitter.com#@?#[data-testid=\"tweet\"]:-abp-contains(Sponsorisé)","648196":"20min.ch#?#.clusterTop:-abp-has(.teaser:-abp-has(h3:-abp-contains(Paid Post)))","648261":"2ememain.be#?#.hz-Listing--list-item:-abp-has(.hz-Listing-priority:-abp-contains(Pub au top))","648346":"algerie-eco.com#?#.td_block_wrap:-abp-has(.block-title:-abp-contains(sponsorisés))","648420":"aliexpress.com,aliexpress.us#?#._2FypS:-abp-has(._1rKqn:-abp-contains(/AD|Annonce|إعلان/))","648502":"aliexpress.com,aliexpress.us#?#.search-item-card-wrapper-gallery:-abp-has([class^=\"multi--ax\"]:-abp-contains(/AD|Annonce|إعلان/))","648623":"allocine.fr#?#.news-card:-abp-contains(Sponsorisé)","648670":"allocine.fr#?#.video-card-trailer:-abp-has([class*=\"sponso\"])","648728":"allocine.fr#?#.video-card:-abp-has([class*=\"sponso\"])","648778":"android-mt.com#?#.boutonlink:-abp-has(a:-abp-contains(/VPN|rencontre/))","648841":"android-mt.com#?#.bp-fin:-abp-has(a:-abp-contains(/VPN|rencontre/))","648900":"annonces.nc#?#annonces-post-detail:-abp-has(.bg-boosted)","649026":"betaseries.com#?#.blockSearch:-abp-has(.adsbygoogle)","649075":"blogdumoderateur.com#?#.breve:-abp-has(.breve-info:-abp-contains(Sponsorisé))","649144":"blogdumoderateur.com#?#.sticky:-abp-has(.sponsorise)","649193":"businessinsider.fr#?#.post-nonfeatured:-abp-has(.title-studio:-abp-contains(Contenu Sponsorisé))","649281":"ccm.net#?#.ccm_list_catch__item:-abp-contains(Sponsored)","649334":"cdiscount.com#?#.fpColFloatAddisplayBloc:-abp-has(.c-sponsoredMentions)","649402":"cdiscount.com#?#.o-block:-abp-has(.o-block__content:-abp-has(.c-sponsoredMentions))","649477":"cdiscount.com#?#div.o-block:-abp-has(div.u-mt-sm > svg)","649529":"cdiscount.com#?#li:-abp-has(.prdtBlocInline:-abp-has(.c-sponsoredMentions))","649596":"cdiscount.com#?#li[data-sku]:-abp-has(.c-sponsoredMentions)","649652":"cnetfrance.fr#?#.riverPost:-abp-has(.tag-desktop:-abp-contains(Publicité))","649718":"commentcamarche.com,commentcamarche.net#?#.ccm_list_catch__item:-abp-contains(Annonces)","649802":"discordbots.org,top.gg#?#.bot-card:-abp-has(.lib:-abp-contains(Promoted))","649867":"discordbots.org,top.gg#?#.bot-card:-abp-has(.lib:-abp-has(img))","649922":"distrowatch.com#?#.News1:-abp-has(td:-abp-contains(Sponsored))","649976":"doctolib.fr#?#.dl-card:-abp-has(.dl-card-sponsored-pill)","650029":"dzgeek.com#?#li + .postbit:-abp-has(img[src$=\"/avatars/partenaire.png\"])","650098":"ebay.fr#?#.sresult:-abp-has(.promoted-lv)","650136":"ebay.fr#?#[id^=\"nume_html_\"]:-abp-has(.mfe-card-group:-abp-has(.mfe-card-group-title:-abp-contains(sponsorisées)))","650237":"ebay.fr#?#[id^=\"nume_html_\"]:-abp-has(.mfe-header:-abp-has(.mfe-pull-left:-abp-contains(sponsorisés)))","650326":"extreme-down.cyou,gktorrent.xyz,t911.pw,torrent.ws,torrent9.se#?#a:-abp-contains(/ANONYME|Anonyme|anonyme|PREMIUM|Premium|RAPIDE|Rapide|Usenet|VPN|Vpn/)","650475":"flaticon.com#?#.soul-p:-abp-has(.footer-sponsor)","650520":"frandroid.com#?#.post-card:-abp-has(a[href^=\"https://native.humanoid.fr/\"])","650620":"futura-sciences.com#?#.postcontainer:-abp-has(.username:-abp-contains(Publicité))","650693":"gameblog.fr#?#.highlight-item:-abp-has(.word-wrapper:-abp-contains(sponso))","650760":"gameblog.fr#?#.item.full.gameblog:-abp-has(.post-details:-abp-contains(sponsorisé))","650835":"gktorrent.xyz,t911.pw,torrent.ws,torrent9.se#?#div[style]:-abp-contains(/ANONYME|Anonyme|anonyme|Usenet|VPN|Vpn/)","650945":"gktorrent.xyz,t911.pw,torrent.ws,torrent9.se#?#table[style]:-abp-contains(/ANONYME|Anonyme|anonyme|Usenet|VPN|Vpn/)","651057":"hitek.fr#?#.news-bloc:-abp-has(.article-type:-abp-contains(Sponsorisé))","651120":"homify.fr#?#.photo__m:-abp-has(.top-label)","651159":"homify.fr#?#.premium-card:-abp-has(.top-label)","651202":"igen.fr,macg.co,watchgeneration.fr#?#article:-abp-has(.sidebar-artitle:-abp-contains(/📣|📌/))","651288":"igen.fr,macg.co,watchgeneration.fr#?#article:-abp-has(h2:-abp-contains(/📣|📌/))","651360":"indeed.fr#?#.jobsearch-SerpJobCard:-abp-has(.sponsoredGray)","651416":"iphonesoft.fr#?#article:-abp-has(.date:-abp-contains(Sponso))","651469":"jeuxvideo.com#?#.anchorMiddleOne:-abp-has(.badge:-abp-contains(Sponsorisé))","651536":"jeuxvideo.com#?#.anchorWrapper:-abp-has(.cardHorizontalList__footer:-abp-contains(Sponsorisé))","651622":"jeuxvideo.com#?#.card:-abp-has(.badge:-abp-contains(Sponsorisé))","651678":"jeuxvideo.com#?#.item-small-pres:-abp-has(a:-abp-has(.sponsored-prefix))","651742":"jeuxvideo.com#?#li:-abp-has(a:-abp-has(.sponsored-prefix))","651792":"journaldugeek.com#?#.entry__item:-abp-has(.entry__img-container--sponso)","651861":"korben.info#?#.alderaan-sous-article:-abp-has(span:-abp-contains(publicité))","651929":"korben.info#?#[class*=\"sous-categories\"]:-abp-contains(Lien partenaire)","651997":"korben.info#?#blockquote:-abp-has(a[href*=\"http://bit.ly/\"])","652054":"korben.info#?#blockquote:-abp-has(a[href*=\"http://bitly.com/\"])","652114":"korben.info#?#div > hr + article.type-post:-abp-has(header:-abp-has(a[href^=\"http://bit.ly/\"]))","652201":"korben.info#?#div > hr + article.type-post:-abp-has(header:-abp-has(a[href^=\"http://bitly.com/\"]))","652291":"korben.info#?#div[class*=\"sous-article\"]:-abp-has(a[href^=\"http://amzn.to/\"])","652365":"krefel.be#?#div[class^=\"Flex-styled__StyledFlex-\"]:has(h3:-abp-contains(Produits sponsorisés))","652456":"latribune.fr#?#.article-wrapper:-abp-has(.subheading:-abp-contains(Partenaire))","652527":"latribune.fr#?#.homepage-section.supplement-section:-abp-has(span:-abp-contains(Partenaires))","652612":"lebigdata.fr#?#.elementor-widget-wrap:-abp-has(a[href^=\"http://clickmetertracking.com/\"])","652698":"leboncoin.fr#?#.undefined:-abp-contains(Sponsorisé)","652746":"leboncoin.fr#?#a[data-test-id]:-abp-has([class]:-abp-contains(/À la une|Sponsorisé|Urgent/))","652830":"leseclaireuses.com#?#.article.small:-abp-has(a[href*=\".smartadserver.com\"])","652902":"leseclaireuses.com#?#.gslide:-abp-has(a[href^=\"https://bit.ly/\"])","652964":"lessentiel.lu#?#aside:-abp-has(div + span:-abp-contains(Publicité))","653023":"libhunt.com#?#.boxed:-abp-has(.tag:-abp-contains(Sponsored))","653075":"libhunt.com#?#.repo-component:-abp-has(label:-abp-contains(sponsored))","653137":"linfoweb.com#?#.isnotmobi:-abp-has(a:-abp-contains(sponsorisé))","653192":"linfoweb.com#?#tbody:-abp-has(i:-abp-contains(sponsorisé))","653242":"macommune.info#?#.box_article:-abp-has(.is-text-publi-infos)","653299":"macommune.info#?#.widget_article:-abp-has(.title_widget:-abp-contains(/PUBLI INFO|Publi-info/))","653386":"maison-islam.com#?#aside:-abp-has(.widget-title:-abp-contains(Publicité))","653451":"mediamarkt.be#?#[data-index-number]:-abp-contains(Sponsorisé)","653571":"narcity.com#?#.article-thumbnail:-abp-has(a:-abp-contains(/Sponsored|sponsorisé/))","653645":"nextinpact.com#?#.us-bas-ctr:-abp-has(a[href^=\"https://www.cybertek.fr/\"])","653716":"nextinpact.com#?#app-home-item:-abp-has(.article:-abp-has(.sponsored))","653778":"nextinpact.com#?#li[class=\"ng-star-inserted\"]:-abp-has(.sponsored)","653841":"nicematin.com#?#section:-abp-has(.brand:-abp-contains(sponsorisé))","653899":"nocibe.fr#?#.proditem:-abp-has(.rm-sponsorise)","653942":"numerama.com#?#.container_native_sidebar:-abp-has(.sponsoring-icon)","654006":"numerama.com#?#.post-card:-abp-has(span:-abp-contains(sponso))","654060":"numerama.com#?#.post-grid:-abp-has(.sponsoring-icon)","654109":"on-mag.fr#?#.uk-margin-remove-last-child:-abp-has(div:-abp-has(span:-abp-contains(PUBLICITÉ)))","654190":"ouedkniss.com#?#.container:-abp-has(.o-section-heading:-abp-contains(/Sponsored|Sponsorisées|Stores à la une/))","654293":"phonandroid.com#?#li:-abp-has(a:-abp-contains(sponso))","654339":"positivr.fr#?#article:-abp-has(.sponsored-notice)","654385":"rakuten.com#?#[data-productid]:-abp-has(a[href^=\"/offer?action=\"])","654448":"businessinsider.fr#?##related-post-:-abp-has(a[href*=\"/contenu-sponsorise\"])","654521":"santemagazine.fr#?#[data-identifier]:-abp-has(div:-abp-has(.sponsor-color))","654588":"sketchucation.com#?#.post:-abp-has(.postprofile:-abp-has(strong:-abp-contains(Ad Machine)))","654666":"sookbtp.com#?#.owl-item:-abp-has(figure:-abp-has(img[src^=\"publicites/\"]))","654732":"starbike.com#?#.post.has-profile:-abp-has(.postbody:-abp-has(.adsbygoogle))","654799":"temp-mail.org#?#li:-abp-has(.inboxSenderEmail:-abp-contains(AD | Temp Number))","654869":"thesiteoueb.net#?#.panel:-abp-has(.panel-heading:-abp-has(.panel-title:-abp-contains(Publicité)))","654953":"tourmag.com#?#.wm-module:-abp-contains(Contenu sponsorisé)","655008":"tourmag.com#?#.wm-module:-abp-has(a[href^=\"https://www.hoteletlodgepro.biz/\"])","655083":"tsa-algerie.com#?#.jwpv-desktop:-abp-contains(Publicité)","655136":"twitter.com#?#[data-testid=\"tweet\"]:-abp-contains(Sponsorisé)","655194":"voyageforum.com#?#div[style*=\"width: 300px\"]:-abp-contains(/Publicité|Publicités/)","655273":"voyageforum.com#?#div[style*=\"width: 300px\"]:-abp-has(.adsbygoogle)","655337":"voyageforum.com#?#table[class=\"post\"]:-abp-has(tbody:-abp-contains(/annonces|annonceurs/))","655419":"voyageforum.com#?#table[style=\"width: 300px;\"]:-abp-has(a)","655474":"zataz.com#?#.custom-sidebar:-abp-has(h3:-abp-contains(/Partenaires|Publicité/))"}