{"725696":"scrolller.com##.popup:has(> .popup__box div:contains(adblocker))","925464":"||googletagmanager.com/gtm.js$script,xmlhttprequest,redirect=googletagmanager-gtm,domain=einthusan.ca|einthusan.tv|einthusan.com","1259095":"||googletagmanager.com/gtm.js$script,redirect=googletagmanager-gtm,domain=lastampa.it","1332797":"defence24.pl##main > section.block:has(> div > a > span > figure > figcaption:contains(Reklama))","1335852":"fcbarca.com##.article__content div[style]:has(> div:contains(/^REKLAMA$/))","1335929":"fcbarca.com##.news__list > div[style]:has(> div[style] > div:contains(/^REKLAMA$/))","1521916":"money.pl#@?#main > div:first-child:-abp-has(img[src^=\"https://v.wpimg.pl/\"][loading=\"lazy\"])","1625485":"samnytt.se#@#div[class=\"\"], a, .sticky > div[style=\"display:grid\"], .post-content > div.mx-auto:has-text(/annons/i)","2341277":"xjav.tube##.video__wrapper > div.wrapper:has(> h2:contains(Advertisement))","2391430":"scribd.com###sidebar div[class^=\"_\"]:has(> div[class] > div[class] > span:contains(ad))","3737244":"indiatimes.com#@?#div:-abp-has(> div[id^=\"div-gpt-ad-\"])","3750789":"instagram.com#@?#article[class] > div[class]:-abp-has(span:-abp-contains(/Anzeige|Gesponsert|Sponsored|Geborg|Sponzorováno|Sponsoreret|Χορηγούμενη|Publicidad|Sponsoroitu|Sponsorisé|Bersponsor|Sponsorizzato|広告|광고|Ditaja|Sponset|Gesponsord|Sponsorowane|Patrocinado|Реклама|Sponsrad|ได้รับการสนับสนุน|May Sponsor|Sponsorlu|赞助内容|贊助|প্রযোজিত|પ્રાયોજિત|स्पॉन्सर्ड|Sponzorirano|ಪ್ರಾಯೋಜಿತ|സ്‌പോൺസർ ചെയ്‌തത്|पुरस्‍कृत|प्रायोजित|ਪ੍ਰਾਯੋਜਿਤ|මුදල් ගෙවා ප්‍රචාරය කරන ලදි|Sponzorované|விளம்பரதாரர்கள்|స్పాన్సర్ చేసింది|Được tài trợ|Спонсорирано|Commandité|Sponsorizat|Спонзорисано/))","3751499":"instagram.com#@?#article[role=\"presentation\"] > div[style]:-abp-has(span:-abp-contains(/Anzeige|Gesponsert|Sponsored|Geborg|Sponzorováno|Sponsoreret|Χορηγούμενη|Publicidad|Sponsoroitu|Sponsorisé|Bersponsor|Sponsorizzato|広告|광고|Ditaja|Sponset|Gesponsord|Sponsorowane|Patrocinado|Реклама|Sponsrad|ได้รับการสนับสนุน|May Sponsor|Sponsorlu|赞助内容|贊助|প্রযোজিত|પ્રાયોજિત|स्पॉन्सर्ड|Sponzorirano|ಪ್ರಾಯೋಜಿತ|സ്‌പോൺസർ ചെയ്‌തത്|पुरस्‍कृत|प्रायोजित|ਪ੍ਰਾਯੋਜਿਤ|මුදල් ගෙවා ප්‍රචාරය කරන ලදි|Sponzorované|விளம்பரதாரர்கள்|స్పాన్సర్ చేసింది|Được tài trợ|Спонсорирано|Commandité|Sponsorizat|Спонзорисано/))","3752136":"instagram.com#@?#div[style=\"max-height: inherit; max-width: inherit;\"]:-abp-has(span:-abp-contains(Paid partnership with ))","3846027":"bing.com#@?##b_results > li :-abp-has(span:-abp-contains(Ad))","5684566":"bayequest.com#?#.elementor-section:-abp-contains(Advertisement)","5733385":"thedailywtf.com##.article-body > div:has-text([Advertisement])","5733588":"historic-uk.com##.article-sidebar:has-text(Advertisement)","5733941":"beaumontenterprise.com,chron.com,ctinsider.com,ctpost.com,expressnews.com,greenwichtime.com,houstonchronicle.com,lmtonline.com,manisteenews.com,michigansthumb.com,middletownpress.com,mrt.com,myjournalcourier.com,myplainview.com,mysanantonio.com,newstimes.com,nhregister.com,ourmidland.com,registercitizen.com,sfchronicle.com,stamfordadvocate.com,thehour.com,theintelligencer.com##.b-gray300:has-text(Advertisement)","5734407":"beincrypto.com##.before-author-block-bio:has-text(Sponsored)","5734892":"coincarp.com##.border-bottom:has-text(Sponsored)","5735539":"dexscreener.com##.chakra-link:has-text(Advertise)","5736200":"androidauthority.com##.d_3i:has-text(Latest deals)","5736477":"bitcoinsensus.com##.e-con-inner:has-text(Our Favourite Trading Platforms)","5736852":"wings.io##.form-group center:has-text(Advertisement)","5737402":"vpforums.org##.ipsSideBlock.clearfix:has-text(Affiliates)","5737579":"stocktwits.com##.is-visible:has-text(Remove ads)","5738466":"beaumontenterprise.com,chron.com,ctinsider.com,ctpost.com,expressnews.com,greenwichtime.com,houstonchronicle.com,lmtonline.com,manisteenews.com,michigansthumb.com,middletownpress.com,mrt.com,myjournalcourier.com,myplainview.com,mysanantonio.com,newstimes.com,nhregister.com,ourmidland.com,registercitizen.com,sfchronicle.com,stamfordadvocate.com,thehour.com,theintelligencer.com##.mb32:has-text(Advertisement)","5739603":"404media.co##.post__content > p:has-text(This segment is a paid ad)","5740785":"downforeveryoneorjustme.com##.relative.bg-white:has-text(PolyBuzz)","5743157":"dotesports.com##.wp-block-gamurs-article-tile:has-text(Sponsored)","5747237":"wolt.com##button:has(> div > div > div > span:has-text(Sponsored))","5747877":"appleinsider.com##div.main-art:has-text(Sponsored Content)","5748763":"wolt.com##div:has(> div > div > div > div > div > p:has-text(Sponsored))","5754559":"globalchinaev.com##p.content-center:has-text(ADVERTISEMENT)","5754621":"sciencenews.org##p:has-text(Sponsor Message)","5754668":"rome2rio.com#?#div[aria-labelledby=\"schedules-header\"] > div > div:-abp-contains(Ad)","5755862":"fxempire.com##span[display=\"inline-block\"]:has-text(Advertisement)","5756199":"tripadvisor.com#?#[data-automation=\"crossSellShelf\"] div:has(> span:-abp-contains(Sponsored))","5756289":"tripadvisor.com#?#[data-automation=\"relatedStories\"] div > div:has(a:-abp-contains(SPONSORED))","5756429":"bleepingcomputer.com##ul#bc-home-news-main-wrap > li:has-text(Sponsored)","5789966":"yahoo.com##.leading-3:has-text(Advertisement)","5874175":"tripadvisor.com#?#.AaFRW:-abp-contains(Sponsored)","5874388":"kslnewsradio.com,ksltv.com,ktar.com#?#.wrapper:-abp-contains(Sponsored Articles)","5874465":"shopee.sg#?#.shopee-search-item-result__item:-abp-contains(Ad)","5874524":"shopee.sg#?#.shopee-header-section__content:-abp-contains(Ad)","5874582":"kogan.com#?#.rs-infinite-scroll > div:-abp-contains(Sponsored)","5874641":"kogan.com#?#._2EeeR:-abp-contains(Sponsored)","5874682":"kogan.com#?#.slider-slide:-abp-contains(Sponsored)","5874729":"euronews.com#?#.m-object:has(.m-object__quote:-abp-contains(/In partnership with|En partenariat avec|Mit Unterstützung von|In collaborazione con|En colaboración con|Em parceria com|Совместно с|ile birlikte|Σε συνεργασία με|Együttműködésben a|با همکاری|بالمشاركة مع/))","5874993":"nordstrom.com#?#ul[style^=\"padding: 0px; position: relative;\"] > li[class]:-abp-contains(Sponsored)","5875089":"loblaws.ca#?#[data-testid=\"product-grid\"]>div:-abp-contains(Sponsored)","5875156":"semafor.com#?#.suppress-rss:-abp-has(:-abp-contains(Supported by))","5875214":"atlanticsuperstore.ca,fortinos.ca,maxi.ca,newfoundlandgrocerystores.ca,nofrills.ca,provigo.ca,realcanadiansuperstore.ca,valumart.ca,yourindependentgrocer.ca,zehrs.ca#?#.chakra-linkbox:-abp-contains(Sponsored)","5875419":"shipt.com#?#li[class]:-abp-contains(Sponsored)","5875462":"argos.co.uk#?#[data-test^=\"component-slider-slide-\"]:-abp-contains(SPONSORED)","5875536":"atlanticsuperstore.ca,fortinos.ca,maxi.ca,newfoundlandgrocerystores.ca,nofrills.ca,provigo.ca,realcanadiansuperstore.ca,valumart.ca,yourindependentgrocer.ca,zehrs.ca#?#[data-testid=\"card\"]:-abp-contains(sponsored)","5875746":"kijiji.ca#?#[data-testid^=\"listing-card-list-item-\"]:-abp-contains(TOP AD)","5875817":"atlanticsuperstore.ca,fortinos.ca,loblaws.ca,maxi.ca,newfoundlandgrocerystores.ca,nofrills.ca,provigo.ca,realcanadiansuperstore.ca,valumart.ca,yourindependentgrocer.ca,zehrs.ca#?#.product-tile-group__list__item:-abp-contains(Sponsored)","5876127":"ulta.com#?#li.ProductListingResults__productCard:has(.ProductCard__badge:-abp-contains(Sponsored))","5876222":"leadership.ng#?#.jeg_postblock:-abp-contains(SPONSORED)","5876274":"acmemarkets.com,albertsons.com,andronicos.com,carrsqc.com,haggen.com,jewelosco.com,kingsfoodmarkets.com,pavilions.com,randalls.com,safeway.com,shaws.com,starmarket.com,tomthumb.com,vons.com#?#.product-card-col:-abp-contains(Sponsored)","5876505":"agoda.com#?#.PropertyCardItem:-abp-has(div:-abp-contains(Promoted))","5876564":"alibaba.com#?#.J-offer-wrapper:-abp-contains(Top sponsor listing)","5876626":"aliexpress.com#?##card-list > .search-item-card-wrapper-gallery:-abp-has(a.search-card-item[href*=\"&aem_p4p_detail=\"] div[class*=\"cards--image--\"] > div[class*=\"multi--ax--\"]:-abp-contains(/^(?:AD|An[uú]ncio|광고|広告)$/)):-abp-has(+ .search-item-card-wrapper-gallery a.search-card-item:not([href*=\"&aem_p4p_detail=\"]))","5876928":"app.daily.dev#?#article:-abp-contains(Promoted)","5876972":"atlanticsuperstore.ca,fortinos.ca,loblaws.ca,maxi.ca,newfoundlandgrocerystores.ca,nofrills.ca,provigo.ca,realcanadiansuperstore.ca,valumart.ca,yourindependentgrocer.ca,zehrs.ca#?#.product-tile-group__list__item:-abp-contains(Sponsored)","5877204":"backpack.tf,backpacktf.com#?#.panel:-abp-contains(createAd)","5877260":"belloflostsouls.net#?#span.text-secondary:-abp-contains(Advertisement)","5877327":"cointelegraph.com#?#li.group-\\[\\.inline\\]\\:mb-8:-abp-contains(Ad)","5877389":"scamwarners.com#?#center:-abp-contains(Advertisement)","5877439":"infographicjournal.com#?#.et_pb_widget:-abp-contains(Partners)","5877498":"infographicjournal.com#?#.et_pb_module:-abp-contains(Partners)","5877557":"infographicjournal.com#?#.et_pb_module:-abp-contains(Partners) + .et_pb_module","5877632":"telugupeople.com#?#table:-abp-has(> tbody > tr > td > a:-abp-contains(Advertisements))","5877710":"yelp.at,yelp.be,yelp.ca,yelp.ch,yelp.cl,yelp.co.jp,yelp.co.nz,yelp.co.uk,yelp.com,yelp.com.ar,yelp.com.au,yelp.com.br,yelp.com.hk,yelp.com.mx,yelp.com.ph,yelp.com.sg,yelp.com.tr,yelp.cz,yelp.de,yelp.dk,yelp.es,yelp.fi,yelp.fr,yelp.ie,yelp.it,yelp.my,yelp.nl,yelp.no,yelp.pl,yelp.pt,yelp.se#?#main[class^=\"searchResultsContainer\"] li h2:-abp-contains(Sponsored)","5878067":"bleepingcomputer.com#?#.post_wrap:-abp-contains(AdBot)","5878118":"bolnews.com#?#[style*=\"center\"]:-abp-contains(Ad)","5878164":"booking.com#?#div[data-testid=\"property-card\"]:-abp-has(span:-abp-contains(Promoted))","5878241":"yourstory.com#?#[width]:-abp-contains(ADVERTISEMENT)","5878290":"boots.com#?#.oct-listers-hits__item:-abp-contains(Sponsored)","5878347":"deccanherald.com#?#div:-abp-has(> div > .ad-background)","5878399":"deccanherald.com#?#div[style^=\"min-height\"]:-abp-has(> div > div[id*=\"-ad-separator\"])","5878482":"qz.com#?#div[class^=\"sc-\"]:-abp-has(> div[is=\"bulbs-dfp\"])","5878537":"qz.com#?#div[class^=\"sc-\"]:-abp-has(> div[class=\"ad-unit\"])","5878593":"china.ahk.de#?#.b-main__section:-abp-has(h2.homepage-headline:-abp-contains(Advertisement))","5878676":"producthunt.com#?#.text-12:-abp-contains(Promoted)","5878723":"cleantechnica.com#?#.zox-side-widget:-abp-contains(/^Advertis/)","5878783":"mapchart.net#?#.row:-abp-contains(Advertisement)","5878828":"coinlisting.info#?#.panel:-abp-has(h3:-abp-contains(Sponsored Ad))","5878886":"coolors.co#?#a:-abp-has(div:last-child:-abp-contains(Hide))","5878937":"neowin.net#?#.ipsColumns_collapsePhone.classes:-abp-contains(Our Sponsors)","5879008":"amusingplanet.com#?#.blockTitle:-abp-contains(Advertisement)","5879065":"quora.com#?#.q-sticky:-abp-contains(Advertisement)","5879112":"corvetteblogger.com#?#aside.td_block_template_1.widget.widget_text:-abp-has(> h4.block-title > span:-abp-contains(Visit Our Sponsors))","5879238":"cruisecritic.co.uk,cruisecritic.com#?#div[role=\"group\"]:-abp-contains(Sponsored)","5879315":"deccanherald.com#?#div#container-text:-abp-contains(ADVERTISEMENT)","5879378":"deccanherald.com#?#span.container-text:-abp-contains(ADVERTISEMENT)","5879442":"decrypt.co#?#span:-abp-contains(AD)","5879474":"digg.com#?#article.relative:-abp-has(div:-abp-contains(SPONSORED))","5879532":"eztv.tf,eztv.yt,123unblock.bar#?#tbody:-abp-contains(WARNING! Use a)","5879597":"filehippo.com#?#article.card-article:-abp-has(span.card-article__author:-abp-contains(Sponsored Content))","5879694":"freshdirect.com#?#.swiper-slide:-abp-contains(Sponsored)","5879747":"gamersnexus.net#?#.moduleContent:-abp-contains(Advertisement)","5879805":"hannaford.com#?#.header-2:-abp-contains(Sponsored Suggestions)","5879864":"heb.com#?#div[class^=\"sc-\"]:-abp-has(> div[data-qe-id=\"productCard\"]:-abp-contains(Promoted))","5879949":"instagram.com#?#div[style=\"max-height: inherit; max-width: inherit; display: none !important;\"]:-abp-has(span:-abp-contains(Paid partnership with ))","5880089":"instagram.com#?#div[style=\"max-height: inherit; max-width: inherit; display: none !important;\"]:-abp-has(span:-abp-contains(Paid partnership))","5880223":"instagram.com#?#div[style=\"max-height: inherit; max-width: inherit;\"]:-abp-has(span:-abp-contains(Paid partnership with ))","5880337":"linkedin.com#?#.msg-overlay-list-bubble__conversations-list:-abp-contains(Sponsored)","5880418":"linkedin.com#?#div.feed-shared-update-v2:-abp-has(span.update-components-actor__sub-description--tla:-abp-contains(/Anzeige|Sponsored|Promoted|Dipromosikan|Propagováno|Promoveret|Gesponsert|Promocionado|促銷內容|Post sponsorisé|프로모션|Post sponsorizzato|广告|プロモーション|Treść promowana|Patrocinado|Promovat|Продвигается|Marknadsfört|Nai-promote|ได้รับการโปรโมท|Öne çıkarılan içerik|Gepromoot|الترويج/))","5880801":"linkedin.com#?#div.feed-shared-update-v2:-abp-has(span.update-components-actor__description:-abp-contains(/Anzeige|Sponsored|Promoted|Dipromosikan|Propagováno|Promoveret|Gesponsert|Promocionado|促銷內容|Post sponsorisé|프로모션|Post sponsorizzato|广告|プロモーション|Treść promowana|Patrocinado|Promovat|Продвигается|Marknadsfört|Nai-promote|ได้รับการโปรโมท|Öne çıkarılan içerik|Gepromoot|الترويج/))","5881175":"linkedin.com#?#div.feed-shared-update-v2:-abp-has(span.update-components-actor__sub-description:-abp-contains(/Anzeige|Sponsored|Promoted|Dipromosikan|Propagováno|Promoveret|Gesponsert|Promocionado|促銷內容|Post sponsorisé|프로모션|Post sponsorizzato|广告|プロモーション|Treść promowana|Patrocinado|Promovat|Продвигается|Marknadsfört|Nai-promote|ได้รับการโปรโมท|Öne çıkarılan içerik|Gepromoot|الترويج/))","5881553":"loblaws.ca,provigo.ca,valumart.ca,yourindependentgrocer.ca,zehrs.ca#?#.chakra-container:-abp-contains(Featured Items)","5881667":"lovenovels.net#?#center:-abp-contains(Advertisement)","5881716":"modivo.it,modivo.pl,modivo.ro,modivo.cz,modivo.hu,modivo.bg,modivo.gr,modivo.de#?#.banner:-abp-contains(/Sponsorizzato|Sponsorowane|Sponsorizat|Sponzorováno|Szponzorált|Спонсорирани|Sponsored|Gesponsert/)","5881917":"modivo.it,modivo.pl,modivo.ro,modivo.cz,modivo.hu,modivo.bg,modivo.gr,modivo.de#?#.product:-abp-contains(/Sponsorizzato|Sponsorowane|Sponsorizat|Sponzorováno|Szponzorált|Спонсорирани|Sponsored|Gesponsert/)","5882119":"noelleeming.co.nz#?#div.product-tile:-abp-has(span:-abp-contains(Sponsored))","5882187":"noon.com#?#span[class*=\"productContaine\"]:-abp-has(div:-abp-contains(Sponsored))","5882259":"nordstrom.com#?#article:has(.Yw5es:-abp-contains(Sponsored))","5882316":"petco.com#?#[class^=\"CitrusCatapult-styled__LeftContent\"]:-abp-has(div:-abp-contains(Sponsored))","5882404":"petco.com#?#[class^=\"HorizontalWidget\"]:-abp-has(div:-abp-contains(Sponsored))","5882474":"petco.com#?#li:-abp-contains(Sponsored)","5882510":"bitchute.com#?#.row.justify-center:-abp-contains(Advertisement)","5882570":"regex101.com#?#div > header + div > div + div:-abp-contains(Sponsors)","5882636":"search.yahoo.com#?#div.mb-28:-abp-has(span:-abp-contains(Ads))","5882690":"seattleweekly.com#?#.marketplace-row:-abp-contains(Sponsored)","5882748":"sephora.com#?#div[class^=\"css-\"]:-abp-has(>a:-abp-has(span:-abp-contains(Sponsored)))","5882820":"shipt.com#?#li[class$=\"eBAnBw\"]:-abp-contains(Sponsored)","5882873":"techonthenet.com#?#div[class] > p:-abp-contains(Advertisements)","5882933":"dictionary.com,thesaurus.com#?#[class] > p:-abp-contains(Advertisement)","5883040":"shipt.com#?#div.swiper-slide:-abp-contains(Sponsored)","5883090":"sprouts.com#?#li.product-wrapper:-abp-has(span:-abp-contains(Sponsored))","5883154":"target.com#?#.ProductRecsLink-sc-4mw94v-0:-abp-has(p:-abp-contains(sponsored))","5883224":"target.com#?#div[data-test=\"@web/ProductCard/ProductCardVariantAisle\"]:-abp-contains(Sponsored)","5883316":"target.com#?#div[data-test=\"@web/site-top-of-funnel/ProductCardWrapper\"]:-abp-contains(sponsored)","5883410":"tossinggames.com#?#tbody:-abp-contains(Please visit our below advertisers)","5883481":"trends.gab.com#?#li.list-group-item:-abp-contains(Sponsored content)","5883546":"tripadvisor.com#?#.cAWGu:-abp-has(a:-abp-contains(Similar Sponsored Properties))","5883618":"tripadvisor.com#?#.tkvEM:-abp-contains(Sponsored)","5883664":"twitter.com,x.com#?#h2[role=\"heading\"]:-abp-contains(/Promoted|Gesponsert|Promocionado|Sponsorisé|Sponsorizzato|Promowane|Promovido|Реклама|Uitgelicht|Sponsorlu|Promotert|Promoveret|Sponsrad|Mainostettu|Sponzorováno|Promovat|Ajánlott|Προωθημένο|Dipromosikan|Được quảng bá|推廣|推广|推薦|推荐|プロモーション|프로모션|ประชาสมพนธ|परचरत|বজঞপত|تشہیر شدہ|مروج|تبلیغی|מקודם/)","5884010":"vofomovies.info#?#a13:-abp-contains( Ad)","5884047":"walmart.ca,walmart.com#?#div > div[io-id]:-abp-contains(Sponsored)","5884110":"bing.com#?#li.b_algo:has(.rms_img[src*=\"id=ODLS.A2450BEC-5595-40BA-9F13-D9EC6AB74B9F\"]):has(.tptt:-abp-contains(/^Amazon$/))","5884231":"bing.com#?#li.b_algo:has(.rms_img[src*=\"id=ODLS.A2450BEC-5595-40BA-9F13-D9EC6AB74B9F\"]):has(.tptt:-abp-contains(/^Best Buy$/))","5884354":"bing.com#?#li.b_algo:has(.rms_img[src*=\"id=ODLS.A2450BEC-5595-40BA-9F13-D9EC6AB74B9F\"]):has(.tptt:-abp-contains(/^Booking\\.com$/))","5884481":"bing.com#?#li.b_algo:has(.rms_img[src*=\"id=ODLS.A2450BEC-5595-40BA-9F13-D9EC6AB74B9F\"]):has(.tptt:-abp-contains(/^eBay$/))","5884600":"bing.com#?#li.b_algo:has(.rms_img[src*=\"id=ODLS.A2450BEC-5595-40BA-9F13-D9EC6AB74B9F\"]):has(.tptt:-abp-contains(/^eDreams$/))","5884722":"bing.com#?#li.b_algo:has(.rms_img[src*=\"id=ODLS.A2450BEC-5595-40BA-9F13-D9EC6AB74B9F\"]):has(.tptt:-abp-contains(/^Trip\\.com$/))","5884846":"bing.com#?#li.b_algo:has(.rms_img[src*=\"id=ODLS.A2450BEC-5595-40BA-9F13-D9EC6AB74B9F\"]):has(.tptt:-abp-contains(/^Tripadvisor$/))","5884972":"bing.com#?#li.b_algo:has(.rms_img[src*=\"id=ODLS.A2450BEC-5595-40BA-9F13-D9EC6AB74B9F\"]):has(.tptt:-abp-contains(/^Walmart$/))","5885094":"walmart.*#?#div > div[io-id]:-abp-contains(Sponsored)","5936971":"4wank.com#?#.video-holder > center > :-abp-contains(/^Advertisement$/)","5937038":"crocotube.com#?#.ct-related-videos-title:-abp-contains(Advertisement)","5937104":"crocotube.com#?#.ct-related-videos-title:-abp-contains(You may also like)","5937174":"hdpornpics.net#?#.money:-abp-has(.century:-abp-contains(ADS))","5937227":"hotmovs.com#?#.block_label--last:-abp-contains(Advertisement)","5937285":"okxxx1.com#?#.bn-title:-abp-contains(Advertising)","5937331":"porn-w.org#?#.row:-abp-contains(Promotion Bot)","5937374":"reddxxx.com#?#.items-center:-abp-contains(/^ad$/)","5937420":"reddxxx.com#?#[role=\"gridcell\"]:-abp-contains(/^AD$/)"}