{"3095":"99.teknikveckan.se##.carousel-item-link:has-text(Annons:)","4363":"aftonbladet.se##main > section > div:first-child:matches-css(box-shadow: rgba(0, 0, 0, 0.2) 0px 0px 24px 0px)","4945":"aftonbladet.se##:is(main > section a[data-test-tag=\"internal-link\"], #main > section a[data-test-tag=\"internal-link\"], main > section a[href*=\"godare.se\"], #main > section a[href*=\"godare.se\"], main > section a[href*=\"livsstil.se\"], #main > section a[href*=\"livsstil.se\"], main > aside a[data-test-tag=\"internal-link\"]):has-text(innehåller annonslänkar)","5536":"aftonbladet.se##[data-ad-subtype]:upward(1):matches-css(min-height:/[0-9]+/)","7569":"aktieskolan.se##section.elementor-section:has-text(Huvudsponsorer & partners)","7726":"aktuellhallbarhet.se,byggindustrin.se,dagensmedia.se,dagensmedicin.se,fastighetsnytt.se,resume.se,dagenssamhalle.se,market.se,dagligvarunytt.se,privataaffarer.se##article:matches-css(after, content:/Annonssamarbete/i)","8279":"aktuellhallbarhet.se,byggindustrin.se,dagensmedia.se,dagensmedicin.se,fastighetsnytt.se,resume.se,dagenssamhalle.se,market.se,dagligvarunytt.se,privataaffarer.se##div[class^=\"css-\"]:matches-css(content:/Annons/i):upward(article)","8510":"aktuellsakerhet.se##a[href*=\"reklamsamarbete\"]:upward(.td_block_wrap)","8582":"aktuellsakerhet.se##.block-title:has-text(Reklamsamarbete):upward(.td_block_wrap)","8666":"aktuellsakerhet.se#$?#.block-title:has-text(Reklamsamarbete):upward(.td_block_wrap) + rs-module-wrap { remove: true; }","8904":"aktuellsakerhet.se##.td-adspot-title-span:upward(1)","12799":"allas.se,elle.se,femina.se,hant.se,mabra.com,residencemagazine.se,svenskdam.se,motherhood.se##article.grid:has-text(/annonssamarbete/i)","13481":"allas.se,elle.se,femina.se,hant.se,mabra.com,residencemagazine.se,svenskdam.se,motherhood.se##div.wings-gray-200:has-text(Annons)","15314":"amelia.expressen.se##article p.uppercase.tracking-wide:has-text(Inlägget innehåller annonslänkar):upward(article)","15560":"arbetaren.se##.text-sm:has-text(/annons/i):upward(.border-b, a[target])","16724":"aurumforum.se##.bottom-liner span:has-text(Annons):upward(2)","16924":"autonytt.se##.label:has-text(/sponsrad/i):upward(a)","17504":"bandyfeber.com##.slide-entry-excerpt:has-text(/annons:/i):upward(.avia-content-slider)","17766":"baraenkakatill.se##.post-item__tag:has-text(/spons/i):upward(li.post-item)","19299":"bilresaieuropa.se##.widget-title:has-text(/spons/i):upward(.widget_text)","20895":"boneo.se##.slick-slide:has-text(/sponsra/i)","21031":"borskollen.se##img[src*=\"/borskollen_newsletter\"]:upward(1)","21093":"borskollen.se##.adlabel:upward(1)","21129":"borskollen.se##.colorized:has-text(/annons/i):upward(a)","21187":"borskollen.se##.elevated-button:has-text(/^Cookie/):upward(.container)","21260":"borskollen.se##.label:has-text(/annons/i):upward(1)","21457":"borskollen.se##.sponsored-chip:matches-css(display: block):upward(a)","21528":"borskollen.se##.sponsored:upward(a)","21965":"borsvarlden.com##.label:has-text(/annons/i):upward(.highlighted-article-block)","22602":"branschaktuellt.se##.article__properties-breadcrumbs span:has-text(/Sponsrad|annons/i):upward(.article)","23359":"bulletin.nu##div[class*=\"section-preview\"]:has-text(/betalt samarbete/i):upward(4)","24538":"butikstrender.se##body > .elementor > .elementor-section:first-child:has-text(Annons)","25496":"byggipedia.se##aside .textwidget:has-text(/sponsr|samarbetspartners/i)","26774":"campingsverige.se##.post_sponsrad_label:upward(1)","28492":"conpot.se##.post > div[style]:has-text(ANNONS):upward(article:not([id]))","29879":"dagenslogistik.se##small:has-text(/annons/i):upward(.elementor-column)","30768":"dagensps.se,news55.se,realtid.se##.text-xs:has-text(ANNONS):upward(1)","30840":"dagenstech.se##a[href^=\"https://dagenstech.se/articles/\"]:upward(1):has-text(SPONSRAT)","30971":"dagenstech.se#$?#.label:has-text(SPONSRAT):upward(.swiper-slide) { remove: true; }","31055":"dagenstech.se##.text-right:has-text(ANNONS)","31190":"dagenstv.com##.slick-slide:has-text(/casino/i)","31748":"daisybeauty.com##.single-post .content h5:has-text(ANNONSSAMARBETE):upward(a.single-post)","32005":"datormagazin.se##.heading:has-text(/samarbete/i):upward(.elementor-widget-smartmag-featgrid)","32379":"densistavilan.se##h3.h-custom-headline:has-text(Advertorial):upward(1)","33152":"devote.se##div[data-losjs^=\"borka\"]:upward(1)","33336":"digitalavykort.se##.rightdiv p:has-text(/casino|kasino|lån|betting|odds|lotto/i)","34965":"discoveringtheplanet.com##.widget-title:has-text(/annons/i) + .textwidget","37548":"ehandel.se##.aside-list--heading:has-text(/^sponsra/i):upward(.aside-list)","37625":"ehandel.se##.code-block:has-text(/annons/i)","38500":"elle.se##section.c-native_banner:upward(2)","39262":"esportare.se##p[style^=\"text-align: center;\"] em:has-text(Annonser):upward(2)","39509":"etc.se##.adaptive:upward(1)","40265":"evergreengarden.se##article.elementor-grid-item:has-text(reklamsamarbete)","40553":"everysport.com##:is(div[id^=\"everysport_pano\"], div[id^=\"everysport_mobil\"], div[id^=\"everysport_rektangel\"]):upward(1)","40959":"expo.se##p.has-text-align-center:has-text(Annons:)","43740":"familjeliv.se##article:has-text(/annons:/i)","44808":"filatelisten.se##:is(a[target=\"_blank\"]:not([href^=\"/\"], [href*=\"filatelisten.se\"])):upward(section)","45245":"filmtipset.se##.postmeta em:has-text(/sponsrad/i):upward(.row.news)","45377":"filmtipset.se##:is(.news, a[href^=\"nyhet\"]):has-text(/casino|kasino|poker/i)","45688":"finanstid.se##a.td-post-category[href*=\"/category/annons/\"]:upward(.td-category-pos-image)","45781":"finanstid.se##.tdm-descr:has-text(/casino/i)","46013":"firstclassmagazine.se##.feat-cat:has-text(/annons/i):upward(a)","46078":"firstfoto.se##article.status-publish:has-text(/annonssamarbete/i)","46727":"fl-net.se##a[href*=\"casino\"]:upward(p)","47825":"foretagsverige.se,forskningsverige.se,motorbibeln.se,hallbarhetsverige.se,tillvaxtsverige.se,grillbibeln.se,kampenmotcancer.se,folkhalsasverige.se##.whitebox-container:has-text(/sponsra/i)","48016":"foretagsverige.se,forskningsverige.se,motorbibeln.se,hallbarhetsverige.se,tillvaxtsverige.se,grillbibeln.se,kampenmotcancer.se,folkhalsasverige.se##:is(div[class*=\"vicky-whitebox\"], .vicky-category-label, .vicky-video-infobox-label, .vicky-post-headline-container__category__inner):has-text(/spons/i):upward(a, .carousel-caption, .featurette, article)","49200":"forvaltarforum.se##.ticker-title:has-text(/partner/i)","49256":"forvaltarforum.se##.ticker-title:has-text(/partner/i) + .mh-section","49904":"fotbollskanalen.se##div[class$=\"sponsortitle\"]:upward(.desktop-side-widget)","50155":"fotbollskanalen.se##:is(.sponsored, .theme-news_sponsored_container):upward(.theme-news)","50246":"fotbollsresultat.com##h2.fusion-responsive-typography-calculated:has-text(Spel och dobbel) ~ p","50709":"fotbolltransfers.com##img[src*=\"/images/annonser/\"]:upward(1)","50876":"fotbolltransfers.com##.smallNewsCategory:has-text(/sponsr/i):upward(.smallNewsLink)","52046":"fragbite.se##.category:has-text(/spons/i):upward(article)","52367":"freeride.se##.mark:has-text(/spons/i):upward(.post)","52691":"frihetsnytt.se##.td-block-title-wrap:has-text(/annons/i):upward(1)","53233":"futsalmagasinet.se##.td-block-title > span:has-text(/annonserat innehåll/i):upward(.td_block_wrap)","53334":"futsalmagasinet.se##.wp-block-column > h2:has-text(/annonser/i) ~ p","53569":"fz.se##.fp-carousel .fpci-kicker:has-text(/^sponsr/i):upward(.fpc-item)","54364":"gamereactor.se##.ad_interscroller:upward(.wrapper)","54703":"gasetten.se,fotbollsthlm.se##article:has-text(/är en annons/i)","55306":"godare.se##:is(p[class^=\"teasersmall-sectionLabel\"], p[class^=\"teasermedium-sectionLabel\"]):has-text(/annons/i):upward(a.internal-link, li)","55624":"google.se##div.g:has(a[href*=\".com.se/\"]):has-text(/återförsäljare|rea|garanti|lågt pris|nöjd|priser|shop|bra pris|kläder|skor|outlet|frakt|butik|betala|kundkorg|varukorg/i)","56241":"gynning.net##.sponsored-notification:upward([id^=\"post-\"])","57022":"happypancake.se##a[href*=\"casino\"]:upward(1)","57197":"happyride.se##a[href*=\"/category/sponsrat/\"]:upward(li[class=\"\"])","58582":"hejaolika.se##p[style^=\"text-transform\"]:has-text(/annons/i)","58645":"hejaolika.se##p[style^=\"text-transform\"]:has-text(/annons/i) + .wp-block-kadence-posts","58999":"hejauppsala.com##:is(div[class^=\"u-text\"], .u-font-brand):has-text(/^Reklam$/):upward(section)","59894":"hemnet.se##article[class^=\"ArticleCard\"]:has-text(/sponsrad/i)","60006":"hemnet.se##div[class^=\"ArticleCard_\"] small:has-text(/sponsrad/i):upward(article, li, a)","60185":"hemnet.se##span[class^=\"ArticleContent_articleDateBox\"]:has-text(/annons från/i):upward(div[class^=\"ArticleContent_articlePage\"])","60911":"hippson.se##:is(.main-article-container, section > div.flex.items-center.gap-4):has-text(/Sponsrad Artikel/i)","61472":"hitta.se##div[id^=\"hitta_mobile_\"].placeholder:upward(div[class^=\"height\"], div[class^=\"style_breakout\"])","61804":"hockeybladet.nu##.vc_row_inner:has-text(casino)","62492":"horisontmagasin.se##.small:has-text(/Annons/i):upward(1)","63178":"husvagn.se,husbil.se##.articleintroduction strong:has-text(/samarbete/i):upward(li.item)","63439":"ibnytt.se##:is(a[href*=\"casino\"], a[href*=\"speltips\"]):upward(.widget)","64183":"indien.nu##.nyhetsochreseartiklar .views-row:has-text(/casino/i)","65087":"inredningsarkitektur.se##.article:has-text(/sponsrad artikel/i)","65392":"investeramera.se##.post-single-content p em:has-text(Annons:)","65712":"it-finans.se,it-halsa.se,it-kanalen.se,it-pedagogen.se,it-retail.se,it-hallbarhet.se##.widget-title:has-text(/annons/i):upward(aside)","66296":"jarnvagar.nu##.et_pb_module:matches-css(before, content: \"Annons:\")","66366":"javligtgott.se##div[id^=\"ad-panorama\"]:upward(.elementor-section)","67106":"karlskogavaxer.se##.elementor-heading-title:has-text(/annons/i):upward(.elementor-column)","67255":"karriarlakare.se##.annons-label:upward(a)","67930":"kiacarclub.se##.sidebar-block:has-text(/annons|sponsor/i)","68042":"killsteal.se##:is(a[href*=\"casino\"], a[href*=\"kasino\"], a[href*=\"passagen.se\"]):upward(p)","68412":"kingmagazine.se##.card-partner:upward(1)","70632":"lajvo.se##.postCard:has-text(/bonusar|casino|betting|spelbranschen|spelupplevelse/i)","72729":"listor.se##article.feed-item:has-text(/låna pengar|casino|betting/i)","72949":"listor.se##:is(a[href*=\"casino\"], a[href*=\"betting\"], a[href*=\"poker\"]):upward(.elementor-widget)","73639":"livinguppsala.se##.fusion-post-content-container:has-text(/^annons/i):upward(article)","74022":"livsstil.se,godare.se##[id^=\"adPlacement\"]:upward(1)","75698":"lokalti.se##:is(img[src$=\"a_top.png.webp\"], a[href*=\"casino\"]):upward(section.elementor-section)","75797":"loppi.se##a[href=\"https://loppi.se/promotion\"]:upward(.page__section)","77878":"maltermagasin.se##.widget_media_image:has-text(/annons/i)","78231":"marknadschefer.se##.elementor-widget-heading:has-text(/Sponsra|annons/i)","78306":"marknadschefer.se##.elementor-widget-heading:has-text(/Sponsra|annons/i) + .elementor-widget-post-block","78713":"matspar.se###ad-panorama-category:upward(1)","78900":"medibok.se#$?#noscript:has-text(mdp-deblocker-js-disabled) { remove: true; }","78978":"medibok.se#$?#style:has-text(body * :not) { remove: true; }","79560":"metalcentral.net##.bannergroup:upward(.uk-panel-box)","80198":"minimalisterna.se##p.has-text-align-center:has-text(/i samarbete med/i):upward(.post)","81344":"modernalivet.se##.excerpt:has-text(/annons/i):upward(article)","81453":"modernalivet.se##.sidebar-widget h3:has-text(/annons/i):upward(.sidebar-widget)","82305":"moviezine.se##div[itemprop=\"articleBody\"] div:has-text(ANNONS:)","82427":"moviezine.se##.inner_article:has-text(/sponsrat|annons/i)","82533":"mygatemagazine.se##.textwidget:has-text(Annons)","83408":"naringslivetvgl.se,dalarnasaffarer.se,stockholmsaffarer.se,jamtlandsaffarer.se,hallandsnaringsliv.se,sjuharadsnaringsliv.se##.list-article__item-inscription:has-text(/sponsrat innehåll/i):upward(.list-article__item)","85258":"nordfront.se##span:not(.post-content):has-text(/annons/i):upward(.post)","85625":"nyadagbladet.se##.site-main > div.widget_custom_html p[style^=\"text-align: center;\"]:has-text(/annonssamarbete/i):upward(div.widget_custom_html)","85947":"nyadagbladet.se##.widget_media_image:has-text(/annons/i)","86423":"nyemissioner.se##.jet-listing-grid__item[data-post-id]:has-text(/sponsrad artikel/i)","86510":"nyfiknainvesterare.se##article.post:has-text(/annons från/i)","86752":"nyheteridag.se##article.teaser h2.fsize-24:has-text(/casino/i):upward(.teaser)","87544":"nyheter.swebbtv.se##.recent-posts-widget-with-thumbnails:has-text(/annonssamarbete/i)","89217":"oskarshamns-nytt.se##:is(.adsbygoogle, a[href*=\"casino\"]):upward(.elementor-section)","90441":"placera.se##.vignette.XLText :is(a[href*=\"/externa-tjanster\"], a[href*=\"promoted\"]):upward(.section)","90909":"podtail.se##.item-list__item:has-text(/annons från/i)","94361":"samfalligheterna.se##.td_block_wrap:has-text(Annons)","95865":"shortcut.se##.category-tag:has-text(/annons/i):upward(.ArticleListItem)","96034":"siljannews.se##a[target=\"_blank\"]:upward(2)","96152":"siljanskok.se##a[target=\"_blank\"][rel=\"nofollow\"]:upward(1)","96369":"sillyseason.se##.sidebar-widget > .textwidget strong:has-text(casino):upward(li.sidebar-widget)","96883":"sjofart.ax##:is(.sjofa-top-takeover, .sjofa-artikel-pano):upward(section)","98769":"so-rummet.se##.view-header > h3:has-text(/annonser/i):upward(.view-nya-lankar-front)","99670":"spelochfilm.se##a[href*=\"casino\"]:upward(.mh-posts-stacked-wrap)","100175":"sportbloggare.com##div.section-body-plus:has-text(/bonus|casino/i)","100244":"sportbloggare.com##.container:has-text(Senaste nyheterna om spelbolag:)","101916":"svampguiden.com##.label-sponsor:upward(.panel)","102938":"svenskamagasinet.nu##legend:has-text(Annons)","104759":"sverigespringer.se##.cd-card-bar:has-text(/annons/i):upward(.cd-sidebar-item, .cd-news-card)","104971":"sweclockers.com##div[class^=\"card-info\"]:has-text(/spons/i):upward(.card)","105143":"sweclockers.com##.bbSize:has-text(Sponsormeddelande):upward(.bbRelatedBox)","105595":"swedroid.se##.mostReadMobile:has-text(/annons/i)","106982":"tekniknytt.se##.label:has-text(/samarbete|annons|reklam|presenteras av/i):upward(a)","107362":"teknikveckan.se##.pill:has-text(/spons/i):upward(.grid-item, .pinned, .articleFlow-item)","108178":"temperatur.nu##.holidAds:upward(1)","108592":"thelocal.se##.ra-widget-article-tag:has-text(/partner/i):upward(.ra-widget-panel)","109000":"tidningenbalans.se##p.uppercase:has-text(/i annonssamarbete med/i):upward(.flex.overflow-hidden)","109980":"tlnt.se##h2.elementor-heading-title:has-text(/annons/i):upward(.e-con-boxed[data-settings^=\"{\\\"background\"])","111028":"travnet.se##div.text-\\[8px\\].text-center:has-text(ANNONS):upward(1)","111173":"travrondenspel.se###root div[id]:not([id^=\"checkout\"]):empty:upward(2)","111315":"travronden.se##main div[id]:not([id^=\"checkout\"]):empty:upward(2)","111462":"trendenser.se##a[href=\"\"].uppercase:has-text(REKLAM):upward(.popular-post)","111683":"tripadvisor.se##a[target=\"_blank\"] button[aria-labelledby] span:has-text(/Sponsrat av|i samarbete med/i):upward(a)","112778":"tv.nu###tv-schedule section:has-text(ANNONS)","112966":"underbaraclaras.se##.jet-listing-dynamic-field__content:has-text(/annonssamarbete|reklamsamarbete/i):upward(.jet-listing-grid__item)","113924":"utsidan.se##.betart-marker:matches-css(after, content: /Annons/i):upward(.documentpush-group)","115073":"varmepumpsforum.com##a[target]:upward(.frontlinks tr)","115580":"veckorevyn.com##a[href*=\"/casino\"]:upward(.wp-block-image)","116730":"vildmarken.se##.g-single:upward(section[data-settings*=\"background_background\"])","116996":"villalivet.se##.td-block-title span:has-text(/sponsr/i):upward(3)","117610":"viseniorer.se##.leftinfo:has-text(/Externa artiklar:|Länktips:/)","118516":"vmj.se##.sidebox:has-text(/Externa länkar|Artiklar/)","118754":"vm-fotboll.se##.fusion-text:has-text(Online casino)","119084":"voodoofilm.org##.card-header:has-text(Annons):upward(.card)","119236":"vovve.net##span.arialtext11[style^=\"float:left\"]:has-text(/^i samarbete med/i):upward(2)","119802":"xn--gtboken-exa.se##span[id^=\"ezoic-pub-ad\"]:upward(.row)"}