{"239542":"adnkronos.com#?#.cont-ev-list:-abp-has(.title-channel:-abp-contains(in Evidenza))","239615":"agi.it#?#.agi-article-card:-abp-has(.article-category:-abp-contains(BRANDED CONTENT))","239692":"cronacadiverona.com#?#.td_block_template_1:-abp-has(.td-block-title-wrap:-abp-contains(Banner))","239779":"guadagna.net#?#center:-abp-has(a:-abp-contains(Esponi i tuoi banner sul forum))","239850":"ilpiccolo.net#?#.article:has(div.categories:-abp-contains(pubbliredazionale))","239924":"ilprogettistaindustriale.it#?#.td_block_wrap:-abp-has(span:-abp-contains(Contenuti sponsorizzati))","240014":"impiego24.it#?#.boxAnnunci:-abp-has(h4:-abp-contains(Annuncio pubblicitario))","240083":"investire.biz#?#.container-fluid.py-3.bg-white-color.pl-5.pr-5:-abp-has(.text-black.weight-400.mb-0:-abp-contains(I Nostri Partners))","240208":"lalaziosiamonoi.it#?#.testo > div:-abp-has(b:-abp-contains(PARTNERS COMMERCIALI))","240281":"laleggepertutti.it#?#.cl-amp-important-information:-abp-has(div:-abp-contains(Annuncio pubblicitario))","240375":"laleggepertutti.it#?#.custom-html:-abp-has(div:-abp-contains(Annuncio pubblicitario))","240452":"logisticanews.it#?#.td_block_wrap:-abp-has(a:-abp-contains(Contenuti sponsorizzati))","240528":"lospiffero.com#?#.article-blog-default:-abp-has(span:-abp-contains(CONTENUTO SPONSORIZZATO))","240612":"mediamarkt.ch,mediaworld.it#?#li[data-index-number]:-abp-has([data-test=\"mms-product-card\"]:-abp-contains(Sponsorizzati))","240725":"paginegialle.it#?#.search-itm:-abp-has(.search-itm__label:-abp-contains(annuncio))","240799":"pharmacyscanner.it#?#.similar-post-holder:-abp-has(.categoria:-abp-contains(Post sponsorizzato))","240887":"radioluna.it#?#.feat-widget-wrap:-abp-has(div:-abp-contains(INFORMAZIONE REDAZIONALE))","240965":"technofashion.it#?#.td_block_wrap:-abp-has(span:-abp-contains(Advertorial))","241032":"tgcom24.mediaset.it#?#div[data-testid=\"section\"]:-abp-has(span:-abp-contains(Contenuto sponsorizzato))","241126":"tuttoandroid.net#?#.card.dark:-abp-has(span:-abp-contains(Adv))"}