[{"id":7386,"action":{"type":"block"},"condition":{"urlFilter":"/wp-content/plugins/ioimedia-app-banner/*"},"priority":1},{"id":7438,"action":{"type":"block"},"condition":{"urlFilter":"/js/jquery.smartbanner.js"},"priority":1},{"id":7474,"action":{"type":"block"},"condition":{"urlFilter":"||br.app.link^","domainType":"thirdParty"},"priority":2},{"id":9503,"action":{"type":"block"},"condition":{"urlFilter":"||animatebookstore.com/js/smartbanner/smart-app-banner.js"},"priority":1},{"id":12897,"action":{"type":"block"},"condition":{"urlFilter":"||lk21static.buzz/assets/dlapps.png"},"priority":1},{"id":18843,"action":{"type":"block"},"condition":{"urlFilter":"||xn--pckua2a7gp15o89zb.com/bundles/kyujinboxweb/pc/img/top/banner_app.jpg"},"priority":1},{"id":24205,"action":{"type":"block"},"condition":{"urlFilter":"||cdn.mobalytics.gg/assets/tft/images/banners/*/*/*Campaign.jpg"},"priority":1},{"id":31353,"action":{"type":"block"},"condition":{"urlFilter":"||myhome.nifty.com/cms_image/myhome/rent-banner/*/banner_rent_left_sidemenu_pc.png"},"priority":1},{"id":31562,"action":{"type":"block"},"condition":{"urlFilter":"||insightsonindia.com/wp-content/uploads/*/App_Banner_"},"priority":1},{"id":33243,"action":{"type":"block"},"condition":{"urlFilter":"||hab.co.jp/news/img/sidebar_app.png"},"priority":1},{"id":38867,"action":{"type":"block"},"condition":{"urlFilter":"||erli.pl/static/media/mobile_go_footer_desktop."},"priority":1},{"id":39888,"action":{"type":"block"},"condition":{"urlFilter":"||img.taishurx.jp/static/qr.jpg"},"priority":1},{"id":41181,"action":{"type":"block"},"condition":{"urlFilter":"||testbook.com/js/truecaller-client-sdk-amp.js"},"priority":1},{"id":44824,"action":{"type":"block"},"condition":{"urlFilter":"||baby-calendar.jp/babycalendar/img/side/banner_side_app.png"},"priority":1},{"id":53156,"action":{"type":"block"},"condition":{"urlFilter":"||baycrews.jp/src/feature/seo/*_app/*-app-bana.jpg"},"priority":1},{"id":66223,"action":{"type":"block"},"condition":{"urlFilter":"||app.link/branch-amp-journeys-pre"},"priority":1},{"id":67403,"action":{"type":"block"},"condition":{"urlFilter":"||www3.nhk.or.jp/news/parts16/js/amp_banner.json"},"priority":1},{"id":69158,"action":{"type":"block"},"condition":{"urlFilter":"||liputan6.com/pages/widget-gateway-mobile-app"},"priority":1},{"id":72520,"action":{"type":"block"},"condition":{"urlFilter":"||mytwintiers.com/wp-content/uploads/*/*-Mobile-App"},"priority":1},{"id":74936,"action":{"type":"block"},"condition":{"urlFilter":"||ad.chatpad.jp^"},"priority":1},{"id":75550,"action":{"type":"block"},"condition":{"urlFilter":"||tvcdn.netkeiba.com/img.dir/common/img/keibamatome/banner/"},"priority":1},{"id":77875,"action":{"type":"block"},"condition":{"urlFilter":"||attach.setn.com/images/starnewsapp_"},"priority":1},{"id":78863,"action":{"type":"block"},"condition":{"urlFilter":"||onlinegibdd.ru/js/jquery.smartbanner_custom*.js"},"priority":1},{"id":78923,"action":{"type":"block"},"condition":{"urlFilter":"||jalan.net/assets/img/pages/smart/img/applink/"},"priority":1},{"id":79289,"action":{"type":"block"},"condition":{"urlFilter":"||shogidojo.net/images/app24_banner.png"},"priority":1},{"id":83962,"action":{"type":"block"},"condition":{"urlFilter":"||connpass.com/static/img/top/side_ios"},"priority":1},{"id":84435,"action":{"type":"block"},"condition":{"urlFilter":"||ulifestyle.com.hk/*/*app-popup-modal.min.js"},"priority":1},{"id":84491,"action":{"type":"block"},"condition":{"urlFilter":"||ulifestyle.com.hk/*/open-in-modal.js"},"priority":1},{"id":85045,"action":{"type":"block"},"condition":{"urlFilter":"||static-web.stcn.com/static/images/aside-app-download.png"},"priority":1},{"id":89214,"action":{"type":"block"},"condition":{"urlFilter":"||kinarino.k-img.com/assets/webpage/download-app/"},"priority":1},{"id":89434,"action":{"type":"block"},"condition":{"urlFilter":"||eow.alc.co.jp/content/img/footer_btn-googleplay.png"},"priority":1},{"id":89498,"action":{"type":"block"},"condition":{"urlFilter":"||eow.alc.co.jp/content/img/footer_btn-appstore.png"},"priority":1},{"id":89657,"action":{"type":"block"},"condition":{"urlFilter":"||uub.jp/kkn/DL_banner_940x100.png"},"priority":1},{"id":90346,"action":{"type":"block"},"condition":{"urlFilter":"||bbc.com/*/manifest.json"},"priority":1},{"id":90531,"action":{"type":"block"},"condition":{"urlFilter":"||motilaloswal.com/images/banner1.jpg"},"priority":1},{"id":98646,"action":{"type":"block"},"condition":{"urlFilter":"||navitime.co.jp/static/*/bicycle/banner/app_p1.png"},"priority":1},{"id":101681,"action":{"type":"block"},"condition":{"urlFilter":"||gc-img.net/img/parts/banner_comment.png"},"priority":1},{"id":102723,"action":{"type":"block"},"condition":{"urlFilter":"||tenki.jp/images/icon/radar/radar48h-banner-"},"priority":1},{"id":102838,"action":{"type":"block"},"condition":{"urlFilter":"||telnavi.jp/img/sf/app.png"},"priority":1},{"id":103076,"action":{"type":"block"},"condition":{"urlFilter":"||s1.spkimg.com/spjp/cmn/pr_smartphone.png"},"priority":1},{"id":104524,"action":{"type":"block"},"condition":{"urlFilter":"||w-higa.com/wp-content/uploads/2014/06/android_hedder.png"},"priority":1},{"id":107205,"action":{"type":"block"},"condition":{"urlFilter":"||menu.mt.co.kr/starnews/images/banner/banner_starpoll_install.png"},"priority":1},{"id":107282,"action":{"type":"block"},"condition":{"urlFilter":"||menu.mt.co.kr/m_starnews_n/images/banner_AAA_vote6.gif"},"priority":1},{"id":107349,"action":{"type":"block"},"condition":{"urlFilter":"||menu.mt.co.kr/m_starnews_n/images/bg_starnews2.png"},"priority":1},{"id":108239,"action":{"type":"block"},"condition":{"urlFilter":"||membernotifications.aol.com/offers/aol_mobile_web_index_promo/default","resourceTypes":["sub_frame"]},"priority":101},{"id":109295,"action":{"type":"block"},"condition":{"urlFilter":"||snoway.jp/img/v*/ad/snoway_300x80"},"priority":1},{"id":110515,"action":{"type":"block"},"condition":{"urlFilter":"||intl.rakuten-static.com/b/tw/assets/footer/img/appBnFooter_sprites.png"},"priority":1},{"id":111904,"action":{"type":"block"},"condition":{"urlFilter":"||japantaxi.jp/assets/images/*/bnr-go"},"priority":1},{"id":116618,"action":{"type":"block"},"condition":{"urlFilter":"||zenmed*.tk/sport*/imgs/play.webp"},"priority":1},{"id":121697,"action":{"type":"block"},"condition":{"urlFilter":"||s.yimg.jp/images/yjtop-app/promo/banner"},"priority":1},{"id":123729,"action":{"type":"block"},"condition":{"urlFilter":"||loader.to/images/loader/loader_app.jpg"},"priority":1},{"id":124776,"action":{"type":"block"},"condition":{"urlFilter":"||hket.com/res/*/hketapp_"},"priority":1},{"id":126132,"action":{"type":"block"},"condition":{"urlFilter":"||s.yimg.jp/images/realestate/tmpl2014/img/app/footer_banner.png"},"priority":1},{"id":137528,"action":{"type":"block"},"condition":{"urlFilter":"||media.kasperskydaily.com/wp-content/uploads/sites/*/protect-your-smartphone-V1-sidebar-*.png"},"priority":1},{"id":137633,"action":{"type":"block"},"condition":{"urlFilter":"||media.kasperskydaily.com/wp-content/uploads/sites/*/protect-your-smartphone-V1-category-*-1030x175.png"},"priority":1},{"id":139858,"action":{"type":"block"},"condition":{"urlFilter":"||jmd.co.jp/api/linkimg.php?imgid=JMD_Application_"},"priority":1},{"id":140034,"action":{"type":"block"},"condition":{"urlFilter":"||gu-global.com/*/material/l1/app"},"priority":1},{"id":142009,"action":{"type":"block"},"condition":{"urlFilter":"||okinawaokuyami.com/images/common/app_"},"priority":1},{"id":150835,"action":{"type":"block"},"condition":{"urlFilter":"||s.yimg.jp/images/weather/promo/banner"},"priority":1},{"id":155891,"action":{"type":"block"},"condition":{"urlFilter":"||static.curazy.com/image/banner_curazy_app.png"},"priority":1},{"id":158373,"action":{"type":"block"},"condition":{"urlFilter":"||scdn.line-apps.com/stf/line-news/js/thirdparty/"},"priority":1},{"id":159757,"action":{"type":"block"},"condition":{"urlFilter":"||kangaroobro.com/bn.js"},"priority":1},{"id":159791,"action":{"type":"block"},"condition":{"urlFilter":"||kangaroobro.com/bnpc.js"},"priority":1},{"id":174499,"action":{"type":"block"},"condition":{"urlFilter":"||popdaily.com.tw/statics/images/appDownloadBanner.png"},"priority":1},{"id":178459,"action":{"type":"block"},"condition":{"urlFilter":"||mangalove.me/images/app_yuudou.png"},"priority":1},{"id":179581,"action":{"type":"block"},"condition":{"urlFilter":"||baby-calendar.jp/img/common/app/"},"priority":1},{"id":179626,"action":{"type":"block"},"condition":{"urlFilter":"||baby-calendar.jp/images/default_web/banner_side_app.png"},"priority":1},{"id":184300,"action":{"type":"block"},"condition":{"urlFilter":"||st.work.ua/js/app-banner-"},"priority":1},{"id":189723,"action":{"type":"block"},"condition":{"urlFilter":"||st.work.ua/js/app-banner||st.work.ua/js/app-banner-src_*.js"},"priority":1},{"id":192026,"action":{"type":"block"},"condition":{"urlFilter":"||united-arrows.co.jp/sp/js/smartbanner/"},"priority":1},{"id":192592,"action":{"type":"block"},"condition":{"urlFilter":"||seiga.nicovideo.jp/manga/img/manga/common/app_store_banner_"},"priority":1},{"id":192664,"action":{"type":"block"},"condition":{"urlFilter":"||seiga.nicovideo.jp/manga/resources/viewer/dl_banner.png"},"priority":1},{"id":193185,"action":{"type":"block"},"condition":{"urlFilter":"||tomorrowland.co.jp/assets/smartbanner/"},"priority":1},{"id":193236,"action":{"type":"block"},"condition":{"urlFilter":"||noin.shop/_nuxt/img/btn_webapp.appStore"},"priority":1},{"id":193800,"action":{"type":"block"},"condition":{"urlFilter":"||carservice.r10s.jp/img/top/sidebar-app-"},"priority":1},{"id":194760,"action":{"type":"block"},"condition":{"urlFilter":"||s.jlogos.com/images/jlogosbanner2.png"},"priority":1},{"id":195091,"action":{"type":"block"},"condition":{"urlFilter":"||static.gc-img.net/img/parts/banner_readafter.png"},"priority":1},{"id":196102,"action":{"type":"block"},"condition":{"urlFilter":"||fc2.com/video/img/b/"},"priority":1},{"id":196243,"action":{"type":"block"},"condition":{"urlFilter":"||d-card.jp/st/smartbanner/"},"priority":1},{"id":196666,"action":{"type":"block"},"condition":{"urlFilter":"||doga.hikakujoho.com/assets/sp/img/common/aukana_app.png"},"priority":1},{"id":196801,"action":{"type":"block"},"condition":{"urlFilter":"||vitbichi.by/wp-content/uploads/*/banner_prilozhenie.jpg"},"priority":1},{"id":197471,"action":{"type":"block"},"condition":{"urlFilter":"||bangumi.skyperfectv.co.jp/i/TV_guide_app_"},"priority":1},{"id":198194,"action":{"type":"block"},"condition":{"urlFilter":"||jpnumber.com/m/img/googleplaylink.png"},"priority":1},{"id":201121,"action":{"type":"block"},"condition":{"urlFilter":"||audee.jp/js/smart.banner/"},"priority":1},{"id":202266,"action":{"type":"block"},"condition":{"urlFilter":"||glav-dostavka.ru/js/n-smartbanner.min.js"},"priority":1},{"id":204822,"action":{"type":"block"},"condition":{"urlFilter":"||abhipedia.abhimanu.com/UP/FreeResources/*-Down-load-android-app-on-playstore.jpeg"},"priority":1},{"id":206522,"action":{"type":"block"},"condition":{"urlFilter":"||akm-img-a-in.tosshub.com/sites/lallantop/resources/images/Web_Banner.gif"},"priority":1},{"id":211877,"action":{"type":"block"},"condition":{"urlFilter":"||i.glbimg.com/og/ig/infoglobo1/static/blog/_js/redesign2019/smartbanner.js"},"priority":1},{"id":212854,"action":{"type":"block"},"condition":{"urlFilter":"||groups.tapatalk-cdn.com/static/js/smartbanner_"},"priority":1},{"id":216028,"action":{"type":"block"},"condition":{"urlFilter":"||pikicast.com/js/view/layer/asset/layer.store.js"},"priority":1},{"id":216319,"action":{"type":"block"},"condition":{"urlFilter":"||tver.jp/img/sd_to_app_banner.png"},"priority":1},{"id":217566,"action":{"type":"block"},"condition":{"urlFilter":"||portal.librus.pl/images/base/aplikacjamobilna.jpg"},"priority":1},{"id":217628,"action":{"type":"block"},"condition":{"urlFilter":"||portal.librus.pl/images/base/aplikacjamobilna_mobile.jpg"},"priority":1},{"id":217697,"action":{"type":"block"},"condition":{"urlFilter":"||portal.librus.pl/ad|"},"priority":1},{"id":227424,"action":{"type":"block"},"condition":{"urlFilter":"/images/playstore-","initiatorDomains":["bhaskar.com","divyabhaskar.co.in"]},"priority":151},{"id":227971,"action":{"type":"block"},"condition":{"urlFilter":"||ssl.pstatic.net/static/m/comic/im/app_banner_"},"priority":1},{"id":229345,"action":{"type":"block"},"condition":{"urlFilter":"||m.555duo.net/images/app.gif"},"priority":1},{"id":229385,"action":{"type":"block"},"condition":{"urlFilter":"||m.youwu333.com/images/app.gif"},"priority":1},{"id":230702,"action":{"type":"block"},"condition":{"urlFilter":"||nekopoi.care/wp-content/plugins/mobiloud-smart-app-banner/"},"priority":1},{"id":234732,"action":{"type":"block"},"condition":{"urlFilter":"||xgoo.jp/img/portal/misc/footer_app_recommend/"},"priority":1},{"id":237361,"action":{"type":"block"},"condition":{"urlFilter":"||farmlend.ru/images/megi-app.jpg"},"priority":1},{"id":237641,"action":{"type":"block"},"condition":{"urlFilter":"||getnada.com/google_play_banner."},"priority":1},{"id":239048,"action":{"type":"block"},"condition":{"urlFilter":"||nekto.me/chat/img/gplay."},"priority":1},{"id":239404,"action":{"type":"block"},"condition":{"urlFilter":"||m.hindustantimes.com/res/img/*/app.png"},"priority":1},{"id":239787,"action":{"type":"block"},"condition":{"urlFilter":"||i2.sinaimg.cn/*/searchCallup.js","initiatorDomains":["gu.sina.cn"]},"priority":201},{"id":239986,"action":{"type":"block"},"condition":{"urlFilter":"||myaccount.earthlink.net/cam/images/login/ad-4.jpg"},"priority":1},{"id":240484,"action":{"type":"block"},"condition":{"urlFilter":"||iwatchme2u.com/Public/banner.jpg"},"priority":1},{"id":241940,"action":{"type":"block"},"condition":{"urlFilter":"||s3.amazonaws.com/uploads/image/505544/33ab86499a.png","initiatorDomains":["nishinippon.co.jp"]},"priority":201},{"id":242858,"action":{"type":"block"},"condition":{"urlFilter":"||s.yimg.jp/images/news-app/promo/banner/","initiatorDomains":["news.yahoo.co.jp"]},"priority":201},{"id":242946,"action":{"type":"block"},"condition":{"urlFilter":"||yimg.jp/images/shp_app/flagship/web2app/smartappbnr/","initiatorDomains":["shopping.yahoo.co.jp"]},"priority":201},{"id":245646,"action":{"type":"block"},"condition":{"urlFilter":"/googleplay_135x40.png","initiatorDomains":["xn----etbbecbrbp5ahkja1ae7v.xn--p1ai","kingisepp-today.ru"]},"priority":151},{"id":245754,"action":{"type":"block"},"condition":{"urlFilter":"/appstore_135x40.png","initiatorDomains":["xn----etbbecbrbp5ahkja1ae7v.xn--p1ai","kingisepp-today.ru"]},"priority":151},{"id":249154,"action":{"type":"block"},"condition":{"urlFilter":"||jx.la/*/true.js"},"priority":1},{"id":249182,"action":{"type":"block"},"condition":{"urlFilter":"||jx.la/*/h.js"},"priority":1},{"id":250681,"action":{"type":"block"},"condition":{"urlFilter":"||images.finanzen.net/images/b_devisen/waehrungsrechner_300x100.jpg"},"priority":1},{"id":250759,"action":{"type":"block"},"condition":{"urlFilter":"||js.em.com.br/*/smartBanner.*.min.js"},"priority":1},{"id":250807,"action":{"type":"block"},"condition":{"urlFilter":"||picdumps.com/ddeal*.png"},"priority":1},{"id":251516,"action":{"type":"block"},"condition":{"urlFilter":"||cdn.branch.io^","initiatorDomains":["underarmour.com","pressreader.com","medium.com"]},"priority":135},{"id":252419,"action":{"type":"block"},"condition":{"urlFilter":"||naturalnews.com/Images/NaturalNews-App-"},"priority":1},{"id":253514,"action":{"type":"block"},"condition":{"urlFilter":"||adab.com/photos/back44.jpg"},"priority":1},{"id":254115,"action":{"type":"block"},"condition":{"urlFilter":"||forum.doctorhead.ru/mobiquo/tapadetect.js"},"priority":1},{"id":256731,"action":{"type":"block"},"condition":{"urlFilter":"||instagram.com/static/images/appstore-install-badges^"},"priority":1},{"id":263933,"action":{"type":"block"},"condition":{"urlFilter":"||m.autohome.com.cn/news/cdn_20180706/view/ah/nsee.html"},"priority":1},{"id":264880,"action":{"type":"block"},"condition":{"urlFilter":"||play.google.com/intl/en_us/badges/","initiatorDomains":["richluck.ru"]},"priority":201},{"id":269995,"action":{"type":"block"},"condition":{"urlFilter":"||hibiny.com/images/new_site/iphone/app-store.png"},"priority":1},{"id":270055,"action":{"type":"block"},"condition":{"urlFilter":"||hibiny.com/images/new_site/iphone/google-play.png"},"priority":1},{"id":270837,"action":{"type":"block"},"condition":{"urlFilter":"||static.fastpic.ru/android.png"},"priority":1},{"id":272180,"action":{"type":"block"},"condition":{"urlFilter":"||teknowebim.com/uploads/mobil-ads.png"},"priority":1},{"id":272592,"action":{"type":"block"},"condition":{"urlFilter":"||superfb.com/_img/banner/sfb*.png"},"priority":1},{"id":272637,"action":{"type":"block"},"condition":{"urlFilter":"||superfb.com/_img/mobil_imaj.png"},"priority":1},{"id":272956,"action":{"type":"block"},"condition":{"urlFilter":"||m.faz.net/*/fit/project/files/js/smartbanner.js"},"priority":1},{"id":273991,"action":{"type":"block"},"condition":{"urlFilter":"||klavyer.com/android/klavyer-android-uygulamamiz.jpg"},"priority":1},{"id":275049,"action":{"type":"block"},"condition":{"urlFilter":"||gamer-mods.ru/.s/src/jquery.smartbanner.js"},"priority":1},{"id":282370,"action":{"type":"block"},"condition":{"urlFilter":"/mobiquo/smartbanner/appbanner.js"},"priority":1},{"id":283340,"action":{"type":"block"},"condition":{"urlFilter":"||banki.ru/static/common/vendor-libs/jquery.smartbanner/"},"priority":1},{"id":283407,"action":{"type":"block"},"condition":{"urlFilter":"||malatyahaber.com/wp-content/uploads/2016/05/SA.gif"},"priority":1},{"id":283470,"action":{"type":"block"},"condition":{"urlFilter":"||ntv.com.tr/Content/img/promote.jpg"},"priority":1},{"id":283517,"action":{"type":"block"},"condition":{"urlFilter":"||s.livelib.ru/js/smartbanner."},"priority":1},{"id":283558,"action":{"type":"block"},"condition":{"urlFilter":"||turkiyecocuk.com.tr/banner/"},"priority":1},{"id":283598,"action":{"type":"block"},"condition":{"urlFilter":"||unleashedprepaids.com/mobiquo/smartbanner/"},"priority":1},{"id":283653,"action":{"type":"block"},"condition":{"urlFilter":"||vizefinalsorupaylasimi.com/uploads/googleplay.jpg"},"priority":1},{"id":325355,"action":{"type":"block"},"condition":{"urlFilter":"||bokete.jp/images/banner_over_w640.png"},"priority":1},{"id":327995,"action":{"type":"block"},"condition":{"urlFilter":"||dumskaya.net/js/appbanner/"},"priority":1},{"id":328946,"action":{"type":"allow"},"condition":{"urlFilter":"||fashion-headline.com/js/jquery.smartbanner.js"},"priority":100001},{"id":329004,"action":{"type":"allow"},"condition":{"urlFilter":"||bfn.today/min/*/js/jquery.smartbanner.js"},"priority":100001},{"id":329057,"action":{"type":"allow"},"condition":{"urlFilter":"||mafia.ua/js/jquery.smartbanner.js"},"priority":100001},{"id":329103,"action":{"type":"allow"},"condition":{"urlFilter":"||mckolomen.ru/js/jquery.smartbanner.js"},"priority":100001},{"id":329153,"action":{"type":"allow"},"condition":{"urlFilter":"||rshb.ru/source/js/jquery.smartbanner.js"},"priority":100001},{"id":329271,"action":{"type":"allow"},"condition":{"urlFilter":"/js/jquery.smartbanner.js","initiatorDomains":["fiyatseyir.com","greyhound.com","amalgama-lab.com","m.halkbank.com.tr","intime.ua","avic.ua","mirage.ru","speedtest.net","energy.de","hermesworld.com","lekvapteke.ru","yalispor.com.tr","metroturizm.com.tr","anadolu.edu.tr","whatpub.com"]},"priority":100108},{"id":329535,"action":{"type":"allow"},"condition":{"urlFilter":"||cdn.bustracker.utrack.com/js/jquery.smartbanner.js"},"priority":100001},{"id":11366,"action":{"type":"redirect","redirect":{"transform":{"queryTransform":{"removeParams":["recap_redirect"]}}}},"condition":{"urlFilter":"||reddit.com^","resourceTypes":["main_frame","sub_frame"]},"priority":1}]