[{"id":294415,"action":{"type":"block"},"condition":{"urlFilter":"/ajax/privacy_popup","initiatorDomains":["debica24.eu","narew.info"],"resourceTypes":["xmlhttprequest"]},"priority":251},{"id":294496,"action":{"type":"block"},"condition":{"urlFilter":"/assets/cookies-info.js","initiatorDomains":["allegrolokalnie.pl"],"resourceTypes":["script"]},"priority":301},{"id":294577,"action":{"type":"block"},"condition":{"urlFilter":"/cookie*/bosch-privacy-settings-*.min.js","initiatorDomains":["bosch-professional.com","bosch.pl"],"resourceTypes":["script"]},"priority":251},{"id":294688,"action":{"type":"block"},"condition":{"urlFilter":"/cookie-banner-radio-","initiatorDomains":["felicity-lublin.pl"],"resourceTypes":["script"]},"priority":301},{"id":294767,"action":{"type":"block"},"condition":{"urlFilter":"/cookie-info.","initiatorDomains":["venezia.pl"]},"priority":201},{"id":294821,"action":{"type":"block"},"condition":{"urlFilter":"/cookie.js","initiatorDomains":["coffeecave.pl","iap.pl","iaw.pl","kurnik.pl","sacz.pl"],"resourceTypes":["script"]},"priority":221},{"id":294916,"action":{"type":"block"},"condition":{"urlFilter":"/dc-cookie-privacy-settings.min.js","initiatorDomains":["boschrexroth.com"],"resourceTypes":["script"]},"priority":301},{"id":295006,"action":{"type":"block"},"condition":{"urlFilter":"/eucookies.","initiatorDomains":["lajfy.com"],"resourceTypes":["stylesheet","script"]},"priority":276},{"id":295075,"action":{"type":"block"},"condition":{"urlFilter":"/gdpr/cookie-consent/css/*","initiatorDomains":["ichgcp.net"]},"priority":201},{"id":295142,"action":{"type":"block"},"condition":{"urlFilter":"/gdpr/CookieConsent","domainType":"firstParty","initiatorDomains":["kayak.pl"],"resourceTypes":["xmlhttprequest"]},"priority":302},{"id":295218,"action":{"type":"block"},"condition":{"urlFilter":"/images/banners/cookies_b2","initiatorDomains":["sklep.macmillan.pl"]},"priority":201},{"id":295293,"action":{"type":"block"},"condition":{"urlFilter":"/images/cookie.png","initiatorDomains":["loteriainpost.pl","loteriavelvet.pl"]},"priority":151},{"id":295375,"action":{"type":"block"},"condition":{"urlFilter":"/includes/infocookies.js","initiatorDomains":["wici.info"]},"priority":201},{"id":295439,"action":{"type":"block"},"condition":{"urlFilter":"/informationbar.js","initiatorDomains":["stowarzyszenie-dyrektorow.pl","zgkim.zgora.pl"]},"priority":151},{"id":295531,"action":{"type":"block"},"condition":{"urlFilter":"/jquery.cookiebar","initiatorDomains":["selgros.pl"]},"priority":201},{"id":295589,"action":{"type":"block"},"condition":{"urlFilter":"/libraries/js/jquery.tipsy.cookie.js","initiatorDomains":["kierunkowy.com"]},"priority":201},{"id":295670,"action":{"type":"block"},"condition":{"urlFilter":"/otbannersdk.js","initiatorDomains":["avast.com","avg.com","coca-cola.pl","dhl.com"]},"priority":126},{"id":295754,"action":{"type":"block"},"condition":{"urlFilter":"/pltk.js","initiatorDomains":["aplikuj.pl","auta-wesele.pl","bielsko.biala.pl","filmy-wesele.pl","fotograf-wesele.pl","hrd.pl","influencer.pl","lokale-wesele.pl","muzyka-wesele.pl","wesele.com.pl","whitepress.pl"]},"priority":111},{"id":295954,"action":{"type":"block"},"condition":{"urlFilter":"/pltk_pl-PL.js","initiatorDomains":["aplikuj.pl","auta-wesele.pl","bielsko.biala.pl","biuroprasowe.pl","filmy-wesele.pl","fotograf-wesele.pl","hrd.pl","influencer.pl","lokale-wesele.pl","muzyka-wesele.pl","wesele.com.pl","whitepress.pl"]},"priority":110},{"id":296176,"action":{"type":"block"},"condition":{"urlFilter":"/pp-t-a-c.js","initiatorDomains":["najlepsze.net","silacze.org","toplista.info"]},"priority":135},{"id":296258,"action":{"type":"block"},"condition":{"urlFilter":"/preferences*name=gdprConsents","initiatorDomains":["allegrolokalnie.pl"],"resourceTypes":["script","xmlhttprequest"]},"priority":276},{"id":296355,"action":{"type":"block"},"condition":{"urlFilter":"/preferences*name=rodoConsents","initiatorDomains":["allegrolokalnie.pl"],"resourceTypes":["script","xmlhttprequest"]},"priority":276},{"id":296452,"action":{"type":"block"},"condition":{"urlFilter":"/privacy/popup.js","initiatorDomains":["bauer.pl","cdaction.pl","pcformat.pl"],"resourceTypes":["script"]},"priority":235},{"id":296541,"action":{"type":"block"},"condition":{"urlFilter":"/rhododendron/css/rhododendron-popup.css","initiatorDomains":["abctygodnik.pl","wpolsce.pl"]},"priority":151},{"id":296637,"action":{"type":"block"},"condition":{"urlFilter":"/rodo-agreement-popup/rodo-agreement-popup.min.js","initiatorDomains":["gremimedia.pl","rpkom.pl","zw.com.pl"]},"priority":135},{"id":296749,"action":{"type":"block"},"condition":{"urlFilter":"/user_preferences*name=gdprConsents","initiatorDomains":["allegrolokalnie.pl"],"resourceTypes":["script","xmlhttprequest"]},"priority":276},{"id":296851,"action":{"type":"block"},"condition":{"urlFilter":"/user_preferences*name=rodoConsents","initiatorDomains":["allegrolokalnie.pl"],"resourceTypes":["script","xmlhttprequest"]},"priority":276},{"id":296953,"action":{"type":"block"},"condition":{"urlFilter":"/whcookies.js","initiatorDomains":["artexhome.eu","lessmess.storage","pdinetwork.net"]},"priority":135},{"id":297041,"action":{"type":"block"},"condition":{"urlFilter":"/whcookiesutf.js","initiatorDomains":["apteka-vita.eu"]},"priority":201},{"id":297102,"action":{"type":"block"},"condition":{"urlFilter":"/wp-content/plugins/mm-extensions/assets/js/info-popup.js","initiatorDomains":["koty.pl","psy.pl"]},"priority":151},{"id":297204,"action":{"type":"block"},"condition":{"urlFilter":"/wp-content/plugins/wp-modal-popup-with-cookie-integration/*","initiatorDomains":["edutorial.pl"],"resourceTypes":["stylesheet","script"]},"priority":276},{"id":297325,"action":{"type":"block"},"condition":{"urlFilter":"/wp-content/plugins/wpmagus-consent-manager/assets/*","initiatorDomains":["alt.pl","altenberg.pl"]},"priority":151},{"id":297427,"action":{"type":"block"},"condition":{"urlFilter":"/wrapperMessagingWithoutDetection.js","initiatorDomains":["computerworld.pl","idg.pl","internetstandard.pl","party.pl","pcworld.pl","ppe.pl","radio.pl"],"resourceTypes":["script"]},"priority":216},{"id":297582,"action":{"type":"block"},"condition":{"urlFilter":"/zgody/*/rodo","initiatorDomains":["gruparmf.pl","rmf.fm","rmf24.pl","rmfclassic.pl","rmfmaxxx.pl","rmfon.pl"],"resourceTypes":["stylesheet"]},"priority":218},{"id":297697,"action":{"type":"block"},"condition":{"urlFilter":"/zgody/*/rodo_rmf","resourceTypes":["script"]},"priority":101},{"id":297740,"action":{"type":"block"},"condition":{"urlFilter":"||ad.ipolska.pl/cookies/cookiecheck.js","initiatorDomains":["wielodzietni.org"],"resourceTypes":["script"]},"priority":301},{"id":297834,"action":{"type":"block"},"condition":{"urlFilter":"||akademiareissa.pl/jquery.cg.rodo.modal.js"},"priority":1},{"id":297888,"action":{"type":"block"},"condition":{"urlFilter":"||allegro.pl/plugins/custom/allegro/allegro/custom-cookie-banner-ep"},"priority":1},{"id":297966,"action":{"type":"block"},"condition":{"urlFilter":"||aptekarzpolski.pl/wp-content/plugins/popup-builderPro/style/sgcolorbox/colorbox4.css"},"priority":1},{"id":298063,"action":{"type":"block"},"condition":{"urlFilter":"||apteki24.waw.pl/info_cook.js"},"priority":1},{"id":298104,"action":{"type":"block"},"condition":{"urlFilter":"||architektura.info/extension/pucookies/design/base/stylesheets/pu_cookies.css"},"priority":1},{"id":298193,"action":{"type":"block"},"condition":{"urlFilter":"||artkomnet.pl/wp-content/plugins/popup-builder/javascript/jquery.sgcolorbox-min.js"},"priority":1},{"id":298287,"action":{"type":"block"},"condition":{"urlFilter":"||assets.goldenline.io/assets/user/rodoAgreement.*.js"},"priority":1},{"id":298351,"action":{"type":"block"},"condition":{"urlFilter":"||asus.com/cookienotice.json","resourceTypes":["xmlhttprequest"]},"priority":101},{"id":298405,"action":{"type":"block"},"condition":{"urlFilter":"||asus.com/pl/cookienotice.json","resourceTypes":["xmlhttprequest"]},"priority":101},{"id":298462,"action":{"type":"block"},"condition":{"urlFilter":"||biv.gazeta.pl/static/front/ot-iab-consent/master/rodoGuard.js"},"priority":1},{"id":298536,"action":{"type":"block"},"condition":{"urlFilter":"||bramka-proxy.pl/themes/default/cookies.js"},"priority":1},{"id":298590,"action":{"type":"block"},"condition":{"urlFilter":"||cdn.cookielaw.org/consent/*/otSDKStub.js","initiatorDomains":["lubimyczytac.pl"],"resourceTypes":["script"]},"priority":301},{"id":298687,"action":{"type":"block"},"condition":{"urlFilter":"||cdn.jsdelivr.net/gh/orestbida/cookieconsent@v*/dist/cookieconsent.css"},"priority":1},{"id":298769,"action":{"type":"block"},"condition":{"urlFilter":"||cdnjs.cloudflare.com/ajax/libs/cookieconsent2/*/cookieconsent.min.js","initiatorDomains":["legalcakes.com","satkurier.pl"]},"priority":151},{"id":298897,"action":{"type":"block"},"condition":{"urlFilter":"||ciasteczka.eu/cookiesEU-latest.min.js"},"priority":1},{"id":298947,"action":{"type":"redirect","redirect":{"extensionPath":"/web-accessible-resources/redirects/noopjs.js"}},"condition":{"urlFilter":"||cmp.*.com/choice/*.com/*","initiatorDomains":["bleepingcomputer.com","convertcase.net","krokdozdrowia.com","medianarodowe.com","pl.forvo.com","politykazdrowotna.com","rozmiar.com","softpedia.com","taniataxi.com"],"resourceTypes":["script"]},"priority":1213},{"id":299175,"action":{"type":"redirect","redirect":{"extensionPath":"/web-accessible-resources/redirects/noopjs.js"}},"condition":{"urlFilter":"||cmp.*.com/choice/*.eu/*","initiatorDomains":["debica24.eu","pl.androidhow.eu","rymy.eu"],"resourceTypes":["script"]},"priority":1235},{"id":299290,"action":{"type":"redirect","redirect":{"extensionPath":"/web-accessible-resources/redirects/noopjs.js"}},"condition":{"urlFilter":"||cmp.*.com/choice/*.info/*","initiatorDomains":["bolec.info","iotwock.info","kartuzy.info","koscierski.info","mapa.info","meble.info","msze.info","odleglosci.info","pomocdrogowa.info","powiatowa.info","trasa.info"],"resourceTypes":["script"]},"priority":1211},{"id":299515,"action":{"type":"redirect","redirect":{"extensionPath":"/web-accessible-resources/redirects/noopjs.js"}},"condition":{"urlFilter":"||cmp.*.com/choice/*.is/*","initiatorDomains":["time.is"],"resourceTypes":["script"]},"priority":1301},{"id":299601,"action":{"type":"redirect","redirect":{"extensionPath":"/web-accessible-resources/redirects/noopjs.js"}},"condition":{"urlFilter":"||cmp.*.com/choice/*.net/*","initiatorDomains":["auslandsvorwahlen.net","legia.net","nekrologi.net","newonce.net","szkola.net"],"resourceTypes":["script"]},"priority":1221},{"id":299749,"action":{"type":"redirect","redirect":{"extensionPath":"/web-accessible-resources/redirects/noopjs.js"}},"condition":{"urlFilter":"||cmp.*.com/choice/*.org/*","initiatorDomains":["aternos.org","dojazd.org","naukowiec.org","poezja.org","polonia.org","polscylekarze.org","polscyprawnicy.org"],"resourceTypes":["script"]},"priority":1216},{"id":299925,"action":{"type":"redirect","redirect":{"extensionPath":"/web-accessible-resources/redirects/noopjs.js"}},"condition":{"urlFilter":"||cmp.*.com/choice/*.pl/*","initiatorDomains":["24wspolnota.pl","adresowo.pl","android.com.pl","antyweb.pl","aszdziennik.pl","biznes24.pl","biznesinfo.pl","bp24.pl","calc.pl","ciufcia.pl","czaslotu.pl","dadhero.pl","dobaku.pl","dobryslownik.pl","docelu.pl","domekiogrodek.pl","dzidzius.pl","e-commerce.pl","edodatki.pl","edupress.pl","eduranking.pl","egarwolin.pl","elle.pl","eszkola.pl","filmnet.pl","flog.pl","forumneurologiczne.pl","fotoszukacz.pl","gazetki.pl","gizmaniak.pl","glamour.pl","glamrap.pl","goniec.pl","goral.info.pl","gram.pl","groove.pl","gry-online.pl","gwiazdor.pl","hejto.pl","iglo.pl","innpoland.pl","inowroclaw.info.pl","instrukcjaobslugipdf.pl","interpunkcja.pl","irss.pl","ithardware.pl","kalendarz-365.pl","kobieta.pl","krzyzowki.edu.pl","lelum.pl","liczebnik.pl","lokmed.pl","mamadu.pl","mamotoja.pl","materialy-budowlane.pl","medme.pl","mmorpg.org.pl","mojegotowanie.pl","mojeprodukty.pl","mojpieknyogrod.pl","mp.pl","mpcforum.pl","myradioonline.pl","naekranie.pl","natemat.pl","national-geographic.pl","nowiny.pl","ops.pl","ortograf.pl","pacjenci.pl","photoblog.pl","plonszczak.pl","pobierz.pl","polonista.pl","polski-slownik.pl","polskieradio24.pl","procesor.pl","przepisy24.pl","przyslijprzepis.pl","pupilek.pl","radiokierowcow.pl","ratusz.pl","rolnikinfo.pl","rozklad-pkp.pl","sanatorium.pl","sieciprawdy.pl","sieradzak.pl","smakosze.pl","streszczenia.pl","swiatgwiazd.pl","swiatzwierzat.pl","synonim.pl","tabletowo.pl","teleman.pl","termedia.pl","turysci.pl","tvs.pl","tvsport.pl","weekendowo.pl","wizaz.pl","wycieczka.pl","wypracowania.pl","wypracowania24.pl","wyznacz.pl","wyznaczanie-trasy.pl","xforex.pl","zlotowskie.pl","zycie.pl","zyciorysy.pl","zyczenia.pl"],"resourceTypes":["script"]},"priority":1202},{"id":301435,"action":{"type":"block"},"condition":{"urlFilter":"||cmp.redge.media^","initiatorDomains":["kanalsportowy.pl"],"resourceTypes":["xmlhttprequest"]},"priority":301},{"id":301509,"action":{"type":"block"},"condition":{"urlFilter":"||consent.cookiebot.com/*/cc.js","initiatorDomains":["crclondon.com","elica.com","gitlab.com","storytel.com","wienerberger.pl","ziaja.com"],"resourceTypes":["script"]},"priority":218},{"id":301653,"action":{"type":"block"},"condition":{"urlFilter":"||consent.dropbox.com^","resourceTypes":["sub_frame"]},"priority":101},{"id":301701,"action":{"type":"block"},"condition":{"urlFilter":"||consentmanager.net^","initiatorDomains":["badamydzieci.pl"]},"priority":201},{"id":301768,"action":{"type":"block"},"condition":{"urlFilter":"||cookie.bortos.pl/*cookie*.js","resourceTypes":["script"]},"priority":101},{"id":301824,"action":{"type":"block"},"condition":{"urlFilter":"||cookieconsent.lieps.de/consent/","initiatorDomains":["pl.tierpark-ueckermuende.de"]},"priority":201},{"id":301915,"action":{"type":"block"},"condition":{"urlFilter":"||cookieq.com^","domainType":"thirdParty"},"priority":2},{"id":301955,"action":{"type":"block"},"condition":{"urlFilter":"||cookies.neuca24.pl/nc.js"},"priority":1},{"id":301992,"action":{"type":"block"},"condition":{"urlFilter":"||crimedistrict.com/lang/pl/images/nowa_glowna/cookies_ok.jpg"},"priority":1},{"id":302064,"action":{"type":"block"},"condition":{"urlFilter":"||ctm.gdynia.pl/js/alertbox.js"},"priority":1},{"id":302105,"action":{"type":"block"},"condition":{"urlFilter":"||demotywatory.pl/*/js/privacy_policy.js","resourceTypes":["script"]},"priority":101},{"id":302171,"action":{"type":"block"},"condition":{"urlFilter":"||dipol.com.pl/js/cookies.js"},"priority":1},{"id":302210,"action":{"type":"block"},"condition":{"urlFilter":"||dlastudenta.pl/cookie/cookie_set.js","domainType":"firstParty","excludedInitiatorDomains":["www.dlastudenta.pl"],"resourceTypes":["script"]},"priority":103},{"id":302315,"action":{"type":"block"},"condition":{"urlFilter":"||dlastudenta.pl/cookie/upd/","domainType":"firstParty","excludedInitiatorDomains":["www.dlastudenta.pl"],"resourceTypes":["xmlhttprequest"]},"priority":103},{"id":302411,"action":{"type":"block"},"condition":{"urlFilter":"||durszlak.pl/assets/privacy_popup-*.js","resourceTypes":["script"]},"priority":101},{"id":302476,"action":{"type":"block"},"condition":{"urlFilter":"||dziennikelblaski.pl/js/rodo-wm.js"},"priority":1},{"id":302522,"action":{"type":"block"},"condition":{"urlFilter":"||e-drewno.pl/stock/javascript/browser.js"},"priority":1},{"id":302574,"action":{"type":"block"},"condition":{"urlFilter":"||e-drewno.pl/stock/javascript/cptlx.js"},"priority":1},{"id":302624,"action":{"type":"block"},"condition":{"urlFilter":"||e-hortico.pl/skins/user/rwd_shoper_1/js/fancybox/dist/jquery.fancybox.min.css"},"priority":1},{"id":302714,"action":{"type":"block"},"condition":{"urlFilter":"||eurocookie.galilcloud.wixapps.net/pages/widget/views/widget.html"},"priority":1},{"id":302791,"action":{"type":"block"},"condition":{"urlFilter":"||eurocookie.galilcloud.wixapps.net/popup","resourceTypes":["sub_frame"]},"priority":101},{"id":302858,"action":{"type":"block"},"condition":{"urlFilter":"||evacalor.pl/js/skryptdocookie.js"},"priority":1},{"id":302903,"action":{"type":"block"},"condition":{"urlFilter":"||exploder.pl/info_o_cookie.js","resourceTypes":["script"]},"priority":101},{"id":302959,"action":{"type":"block"},"condition":{"urlFilter":"||forumsamochodowe.pl/js/jquery.cookie.js"},"priority":1},{"id":303011,"action":{"type":"block"},"condition":{"urlFilter":"||fundacjamare.pl/*/assets/javascripts/cookies.min.js"},"priority":1},{"id":303075,"action":{"type":"block"},"condition":{"urlFilter":"||fundingchoices.google.com^","initiatorDomains":["accuweather.com"],"resourceTypes":["script"]},"priority":301},{"id":303158,"action":{"type":"block"},"condition":{"urlFilter":"||granice.pl/api/Agreements/AgreementsCheck?RodoCookie=","resourceTypes":["xmlhttprequest"]},"priority":101},{"id":303239,"action":{"type":"block"},"condition":{"urlFilter":"||igimag.pl/wp-content/plugins/gdpr-cookie-compliance/dist/scripts/lity.js"},"priority":1},{"id":303324,"action":{"type":"block"},"condition":{"urlFilter":"||itmarket.pl/modules/prestaboost/views/js/prestaboost-popup.js"},"priority":1},{"id":303398,"action":{"type":"block"},"condition":{"urlFilter":"||jak-zablokowac-cookies.pl/cookies_komunikat.js","resourceTypes":["script"]},"priority":101},{"id":303472,"action":{"type":"block"},"condition":{"urlFilter":"||katowice-airport.com/js-libraries/cookie-info.js","resourceTypes":["script"]},"priority":101},{"id":303548,"action":{"type":"block"},"condition":{"urlFilter":"||kochamwroclaw.pl/wp-content/plugins/surbma-yes-no-popup/css/styles.css"},"priority":1},{"id":303631,"action":{"type":"block"},"condition":{"urlFilter":"||kochamwroclaw.pl/wp-content/plugins/wp-terms-popup/assets/popup-style.css"},"priority":1},{"id":303717,"action":{"type":"block"},"condition":{"urlFilter":"||kolarstwo.wroclaw.pl/cook.js"},"priority":1},{"id":303758,"action":{"type":"block"},"condition":{"urlFilter":"||kolporter.com.pl/gfx/img/bannery/2018/RODO.png"},"priority":1},{"id":303817,"action":{"type":"redirect","redirect":{"extensionPath":"/web-accessible-resources/redirects/nooptext.js"}},"condition":{"urlFilter":"||lajt-online.pl/api/terms/rodo","resourceTypes":["xmlhttprequest"]},"priority":1101},{"id":303888,"action":{"type":"block"},"condition":{"urlFilter":"||legionisci.com/js/cookiepopup.js"},"priority":1},{"id":303933,"action":{"type":"block"},"condition":{"urlFilter":"||lenovozone.pl/frontend/js/sweetalert.min.js","resourceTypes":["script"]},"priority":101},{"id":304004,"action":{"type":"block"},"condition":{"urlFilter":"||lovekrakow.pl/ajax/rodo"},"priority":1},{"id":304040,"action":{"type":"block"},"condition":{"urlFilter":"||lubiegrac.pl/api/Agreements/AgreementsCheck?RodoCookie=","resourceTypes":["xmlhttprequest"]},"priority":101},{"id":304123,"action":{"type":"block"},"condition":{"urlFilter":"||midea.pl/wp-content/uploads/2015/01/cookie_img.png"},"priority":1},{"id":304186,"action":{"type":"block"},"condition":{"urlFilter":"||msecnd.net/Unilever/panels/generic/PanelPrzepisy.htm?consent","resourceTypes":["sub_frame"]},"priority":101},{"id":304274,"action":{"type":"block"},"condition":{"urlFilter":"||muza.com.pl/modules/rodoinfo/views/js/remodal.js","initiatorDomains":["muza.com.pl"],"resourceTypes":["script"]},"priority":301},{"id":304375,"action":{"type":"block"},"condition":{"urlFilter":"||mypolacy.de/addons/checkRodoSettings","resourceTypes":["xmlhttprequest"]},"priority":101},{"id":304439,"action":{"type":"block"},"condition":{"urlFilter":"||newonce.net/wp-content/plugins/popup-builder/javascript/jquery.sgcolorbox-min.js"},"priority":1},{"id":304532,"action":{"type":"block"},"condition":{"urlFilter":"||nike.com/*/script.js*assets=*CookieSettingsManager*loaded=nike","resourceTypes":["script"]},"priority":101},{"id":304622,"action":{"type":"block"},"condition":{"urlFilter":"||nike.com/*CookieSettingsManager","resourceTypes":["xmlhttprequest"]},"priority":101},{"id":304681,"action":{"type":"block"},"condition":{"urlFilter":"||odrowaz24.pl/wp-content/plugins/sintra-gdpr/","resourceTypes":["script"]},"priority":101},{"id":304753,"action":{"type":"block"},"condition":{"urlFilter":"||odrowaz24.pl/wp-content/plugins/wp-gdpr-compliance/","resourceTypes":["script"]},"priority":101},{"id":304832,"action":{"type":"block"},"condition":{"urlFilter":"||odszkodowania-torun.pl/wp-content/plugins/wp-cookies-alert/style.css"},"priority":1},{"id":304913,"action":{"type":"block"},"condition":{"urlFilter":"||ose.gov.pl/rest/public/consent/cookies-body/pl","resourceTypes":["xmlhttprequest"]},"priority":101},{"id":304987,"action":{"type":"block"},"condition":{"urlFilter":"||ottwow.com/api/documents/consents-notice","resourceTypes":["xmlhttprequest"]},"priority":101},{"id":305055,"action":{"type":"block"},"condition":{"urlFilter":"||ottwow.com/api/documents/cookie-notice","resourceTypes":["xmlhttprequest"]},"priority":101},{"id":305121,"action":{"type":"block"},"condition":{"urlFilter":"||paypass.pl/themes/paypass/js/cookies.js","resourceTypes":["script"]},"priority":101},{"id":305188,"action":{"type":"block"},"condition":{"urlFilter":"||pikio.pl/desktop/static/js/jscookie.js","resourceTypes":["script"]},"priority":101},{"id":305254,"action":{"type":"block"},"condition":{"urlFilter":"||pino.pl/app/static/global/files/cookie-alert.js"},"priority":1},{"id":305314,"action":{"type":"block"},"condition":{"urlFilter":"||pl/*wpjslib-chunk-consent-form.js"},"priority":1},{"id":305360,"action":{"type":"block"},"condition":{"urlFilter":"||pl/*wpjslib-chunk-cookie-info.js"},"priority":1},{"id":305405,"action":{"type":"block"},"condition":{"urlFilter":"||pl/*wpjslib-chunk-notification.js"},"priority":1},{"id":305451,"action":{"type":"block"},"condition":{"urlFilter":"||pl/wp-content/plugins/eu-cookie-law-wp-cookie-law/","resourceTypes":["script"]},"priority":101},{"id":305529,"action":{"type":"block"},"condition":{"urlFilter":"||player.pl/playerapi/document/rodo-short/content","resourceTypes":["xmlhttprequest"]},"priority":101},{"id":305604,"action":{"type":"block"},"condition":{"urlFilter":"||prywatnosc.interia.pl/rodo-iframe","resourceTypes":["sub_frame"]},"priority":101},{"id":305665,"action":{"type":"block"},"condition":{"urlFilter":"||pryzmat.com.pl/wp-content/plugins/popup-builder/javascript/jquery.sgcolorbox-min.js"},"priority":1},{"id":305761,"action":{"type":"block"},"condition":{"urlFilter":"||ptwp.pl/fs/js/jquery.cookie.js","initiatorDomains":["4dd.pl"],"resourceTypes":["script"]},"priority":301},{"id":305839,"action":{"type":"block"},"condition":{"urlFilter":"||radiopoznan.fm//homepage/privacyPolicy"},"priority":1},{"id":305890,"action":{"type":"block"},"condition":{"urlFilter":"||retrotraktor.pl/grafika/cookies.jpg"},"priority":1},{"id":305938,"action":{"type":"block"},"condition":{"urlFilter":"||revolweb.pl/api/flash_msg.js","resourceTypes":["script"]},"priority":101},{"id":305994,"action":{"type":"block"},"condition":{"urlFilter":"||rodo.rawlplug.com/wp-content/themes/rodo/popup/markups/modal-koelner.html","resourceTypes":["xmlhttprequest"]},"priority":101},{"id":306095,"action":{"type":"block"},"condition":{"urlFilter":"||rolpetrol.com.pl/cookies.js","resourceTypes":["script"]},"priority":101},{"id":306150,"action":{"type":"block"},"condition":{"urlFilter":"||sdk.privacy-center.org/*/loader.js?target=","initiatorDomains":["brainly.pl","hilti.pl"],"resourceTypes":["script"]},"priority":251},{"id":306253,"action":{"type":"block"},"condition":{"urlFilter":"||serialowa.pl/wpr/wp-content/plugins/popup-maker/assets/css/site.min.css"},"priority":1},{"id":306337,"action":{"type":"block"},"condition":{"urlFilter":"||service-cmp.com/config","initiatorDomains":["megogo.net"],"resourceTypes":["script","xmlhttprequest"]},"priority":276},{"id":306420,"action":{"type":"block"},"condition":{"urlFilter":"||siemashop.pl/assets/*/js/cookie_agreement.js","resourceTypes":["script"]},"priority":101},{"id":306492,"action":{"type":"block"},"condition":{"urlFilter":"||silnet.pl/*/js/vue/silnet-privacy-policy.vue","resourceTypes":["xmlhttprequest"]},"priority":101},{"id":306564,"action":{"type":"block"},"condition":{"urlFilter":"||stokrotka.pl/*/w_cookie_privacy/","resourceTypes":["script"]},"priority":101},{"id":306624,"action":{"type":"block"},"condition":{"urlFilter":"||swiatksiazki.pl/customer/account/infoAgreement/","resourceTypes":["xmlhttprequest"]},"priority":101},{"id":306699,"action":{"type":"block"},"condition":{"urlFilter":"||szkolawohyn.pl/images/klauzula-PNG.png"},"priority":1},{"id":306750,"action":{"type":"block"},"condition":{"urlFilter":"||tamizo.pl/js/jquery.cookiesinfo.js","resourceTypes":["script"]},"priority":101},{"id":306812,"action":{"type":"block"},"condition":{"urlFilter":"||tspodbeskidzie.pl/js/vendor/cookiebox.min.js"},"priority":1},{"id":306869,"action":{"type":"block"},"condition":{"urlFilter":"||tvp.pl/files/*/polityka-prywatnosci/","resourceTypes":["stylesheet","script"]},"priority":76},{"id":306942,"action":{"type":"block"},"condition":{"urlFilter":"||twojapogoda.pl/rodo/","resourceTypes":["xmlhttprequest"]},"priority":101},{"id":306990,"action":{"type":"block"},"condition":{"urlFilter":"||twoje-seriale.pl/cookies.html","resourceTypes":["sub_frame"]},"priority":101},{"id":307047,"action":{"type":"block"},"condition":{"urlFilter":"||twojezaglebie.pl/wp-content/plugins/rodo/rodo_style.css"},"priority":1},{"id":307115,"action":{"type":"block"},"condition":{"urlFilter":"||tygodnik-krapkowicki.info/media/plg_system_eprivacy/js/eprivacy.js"},"priority":1},{"id":307194,"action":{"type":"block"},"condition":{"urlFilter":"||vox.pl/modal/rodo","resourceTypes":["xmlhttprequest"]},"priority":101},{"id":307239,"action":{"type":"block"},"condition":{"urlFilter":"||widoczni.com/_resources/themes/widoczni/js/rodo.jquery.js"},"priority":1},{"id":307309,"action":{"type":"block"},"condition":{"urlFilter":"||wieczorpomorze.pl/wp-content/themes/colormag/js/magnific-popup/jquery.magnific-popup.min.js"},"priority":1},{"id":307413,"action":{"type":"block"},"condition":{"urlFilter":"||wins.pl/pages/getcookie","resourceTypes":["xmlhttprequest"]},"priority":101},{"id":307464,"action":{"type":"block"},"condition":{"urlFilter":"||wio.org.pl/js/cookie_warning.js","resourceTypes":["script"]},"priority":101},{"id":307523,"action":{"type":"block"},"condition":{"urlFilter":"||wroclaw.pl/portal/themes/js/script-rodo.min.js"},"priority":1},{"id":307582,"action":{"type":"block"},"condition":{"urlFilter":"||wydminy.pl/images/rodo-wydminy.jpg"},"priority":1},{"id":307629,"action":{"type":"block"},"condition":{"urlFilter":"||wyprawyrowerem.pl/wp-content/plugins/popup-builder/public/js/Popup.js"},"priority":1},{"id":307711,"action":{"type":"block"},"condition":{"urlFilter":"||zgody.infor.pl/build/assets/js/main.js"},"priority":1},{"id":307762,"action":{"type":"block"},"condition":{"urlFilter":"||ztm.kielce.pl/modules/mod_rppopup/js/jquery.gafancybox.min.js"},"priority":1},{"id":307836,"action":{"type":"block"},"condition":{"urlFilter":"oetker.*/static/js/privacy-dialog/"},"priority":1},{"id":307881,"action":{"type":"block"},"condition":{"urlFilter":"/ajax/privacy_popup","initiatorDomains":["pl"],"resourceTypes":["xmlhttprequest"]},"priority":301},{"id":307942,"action":{"type":"block"},"condition":{"urlFilter":"/component-CookieConsent.","initiatorDomains":["pl"],"resourceTypes":["script"]},"priority":301},{"id":308009,"action":{"type":"block"},"condition":{"urlFilter":"/cookie-terms."},"priority":1},{"id":308034,"action":{"type":"block"},"condition":{"urlFilter":"/cookie_info.js","initiatorDomains":["info","pl"],"resourceTypes":["script"]},"priority":251},{"id":308096,"action":{"type":"block"},"condition":{"urlFilter":"/cookie_msg.js","resourceTypes":["script"]},"priority":101},{"id":308136,"action":{"type":"block"},"condition":{"urlFilter":"/cookie_notify/*"},"priority":1},{"id":308163,"action":{"type":"block"},"condition":{"urlFilter":"/cookiecon__cookieConsent?","resourceTypes":["script"]},"priority":101},{"id":308215,"action":{"type":"block"},"condition":{"urlFilter":"/cookieDisclaimer.js","resourceTypes":["script"]},"priority":101},{"id":308261,"action":{"type":"block"},"condition":{"urlFilter":"/CookieLaw","resourceTypes":["script"]},"priority":101},{"id":308297,"action":{"type":"block"},"condition":{"urlFilter":"/cookieMonster.min.js","resourceTypes":["script"]},"priority":101},{"id":308344,"action":{"type":"block"},"condition":{"urlFilter":"/cookies-legal-"},"priority":1},{"id":308370,"action":{"type":"block"},"condition":{"urlFilter":"/cookies.smartgroup.min.js"},"priority":1},{"id":308407,"action":{"type":"block"},"condition":{"urlFilter":"/cookieser.js","resourceTypes":["script"]},"priority":101},{"id":308446,"action":{"type":"block"},"condition":{"urlFilter":"/cookiespopup/*","initiatorDomains":["pl"]},"priority":201},{"id":308494,"action":{"type":"block"},"condition":{"urlFilter":"/cookiesWidget/widget.js","resourceTypes":["script"]},"priority":101},{"id":308544,"action":{"type":"block"},"condition":{"urlFilter":"/cookiewarning*.js","resourceTypes":["script"]},"priority":101},{"id":308588,"action":{"type":"block"},"condition":{"urlFilter":"/css/cukiernia.css","domainType":"firstParty"},"priority":2},{"id":308632,"action":{"type":"block"},"condition":{"urlFilter":"/cukiernia/cukiernia.css","domainType":"firstParty"},"priority":2},{"id":308682,"action":{"type":"block"},"condition":{"urlFilter":"/js/cukiernia.js","domainType":"firstParty"},"priority":2},{"id":308724,"action":{"type":"block"},"condition":{"urlFilter":"/js/info_o_cookie.js","resourceTypes":["script"]},"priority":101},{"id":308770,"action":{"type":"block"},"condition":{"urlFilter":"/js/polityka_cookies.js","resourceTypes":["script"]},"priority":101},{"id":308819,"action":{"type":"block"},"condition":{"urlFilter":"/libs/cukiernia/cukiernia.css","domainType":"firstParty"},"priority":2},{"id":308874,"action":{"type":"block"},"condition":{"urlFilter":"/libs/cukiernia/cukiernia.js","domainType":"firstParty"},"priority":2},{"id":308928,"action":{"type":"block"},"condition":{"urlFilter":"/libs/cukiernia/cukiernia.min.js","domainType":"firstParty"},"priority":2},{"id":308986,"action":{"type":"block"},"condition":{"urlFilter":"/media/plg_system_cookieconfirm","initiatorDomains":["pl"],"resourceTypes":["script"]},"priority":301},{"id":309059,"action":{"type":"block"},"condition":{"urlFilter":"/media/plg_system_eprivacy","initiatorDomains":["pl"],"resourceTypes":["script"]},"priority":301},{"id":309127,"action":{"type":"block"},"condition":{"urlFilter":"/pp-t-a-c.js","initiatorDomains":["pl"]},"priority":201},{"id":309172,"action":{"type":"block"},"condition":{"urlFilter":"/rodo.js","excludedInitiatorDomains":["patronite.pl"],"resourceTypes":["script"]},"priority":102},{"id":309233,"action":{"type":"block"},"condition":{"urlFilter":"/savecookie.js","resourceTypes":["script"]},"priority":101},{"id":309273,"action":{"type":"block"},"condition":{"urlFilter":"/tvp-tcfapi.js"},"priority":1},{"id":309298,"action":{"type":"block"},"condition":{"urlFilter":"/whcookies.js","initiatorDomains":["pl"]},"priority":201},{"id":309344,"action":{"type":"block"},"condition":{"urlFilter":"/whcookiesutf.js","initiatorDomains":["pl"]},"priority":201},{"id":309393,"action":{"type":"block"},"condition":{"urlFilter":"||choices.consentframework.com^","initiatorDomains":["pl"]},"priority":201},{"id":309457,"action":{"type":"block"},"condition":{"urlFilter":"||cmp.optad360.io^","excludedInitiatorDomains":["cmp.optad360.io"]},"priority":2},{"id":309522,"action":{"type":"block"},"condition":{"urlFilter":"||cookieform.pl/assets/js/plugin.js","domainType":"thirdParty"},"priority":2},{"id":309583,"action":{"type":"block"},"condition":{"urlFilter":"||hokuspokus.pl/themes/webtheme/js/whrodo.js"},"priority":1},{"id":309638,"action":{"type":"block"},"condition":{"urlFilter":"||smart.idmnet.pl/consent/"},"priority":1},{"id":309675,"action":{"type":"block"},"condition":{"urlFilter":"||vendorlist.consensu.org/vendorlist.json","initiatorDomains":["pl"],"resourceTypes":["xmlhttprequest"]},"priority":301},{"id":309758,"action":{"type":"block"},"condition":{"urlFilter":"cookie-law-popup.js","initiatorDomains":["pl"]},"priority":201},{"id":309810,"action":{"type":"block"},"condition":{"urlFilter":"pl/tcf/cookie.js","initiatorDomains":["pl"],"resourceTypes":["script"]},"priority":301},{"id":366780,"action":{"type":"block"},"condition":{"urlFilter":"||vendorlist.consensu.org/vendorlist.json","initiatorDomains":["jbzdy.com.pl","jbzdy.pl"],"resourceTypes":["xmlhttprequest"]},"priority":251},{"id":368068,"action":{"type":"allow"},"condition":{"urlFilter":"/jquery.cookiebar","initiatorDomains":["pl"]},"priority":100201},{"id":368118,"action":{"type":"allow"},"condition":{"urlFilter":"/wp-content/plugins/cookie-law-info/*","initiatorDomains":["eu","pl"]},"priority":100151},{"id":368191,"action":{"type":"allow"},"condition":{"urlFilter":"/wp-content/plugins/cookie-law-info/admin/*"},"priority":100001},{"id":368245,"action":{"type":"allow"},"condition":{"urlFilter":"/wp-content/plugins/cookie-law-info/images/*"},"priority":100001},{"id":368300,"action":{"type":"allow"},"condition":{"urlFilter":"/wp-content/plugins/cookie-law-info/public/*","resourceTypes":["stylesheet"]},"priority":100101},{"id":368370,"action":{"type":"allow"},"condition":{"urlFilter":"||cdn.ampproject.org*consent","initiatorDomains":["lelum.pl"],"resourceTypes":["script"]},"priority":100301},{"id":368446,"action":{"type":"allow"},"condition":{"urlFilter":"||consensu.","initiatorDomains":["infogliwice.pl","zlubaczowa.pl"]},"priority":100151},{"id":368516,"action":{"type":"allow"},"condition":{"urlFilter":"||consent.cookiebot.com^","initiatorDomains":["forth.gr"]},"priority":100201},{"id":368579,"action":{"type":"allow"},"condition":{"urlFilter":"||footroll.pl/js/vendor/cookiebox.min.js"},"priority":100001},{"id":368630,"action":{"type":"allow"},"condition":{"urlFilter":"||fundingchoicesmessages.google.com^","initiatorDomains":["spidersweb.pl","stooq.com","stooq.pl"]},"priority":100135},{"id":368729,"action":{"type":"allow"},"condition":{"urlFilter":"||kawalekkodu.pl/bl-plugins/cookie-consent/js/advert.js"},"priority":100001},{"id":368795,"action":{"type":"allow"},"condition":{"urlFilter":"||s.tvp.pl/files/portale-v*/polityka-prywatnosci/js/tvp-embed-cmp.js"},"priority":100001},{"id":368874,"action":{"type":"allow"},"condition":{"urlFilter":"||wisla-plock.pl/scripts/jquery.ihavecookies.js","initiatorDomains":["www.wisla-plock.pl"],"resourceTypes":["script"]},"priority":100301},{"id":376859,"action":{"type":"allow"},"condition":{"urlFilter":"/complianz.","initiatorDomains":["entra.pl"],"resourceTypes":["script"]},"priority":100301},{"id":376918,"action":{"type":"allow"},"condition":{"urlFilter":"/complianz.","initiatorDomains":["nowymarketing.pl"],"resourceTypes":["script"]},"priority":100301},{"id":376985,"action":{"type":"allow"},"condition":{"urlFilter":"/otBannerSdk.js","initiatorDomains":["avanti24.pl","bankier.pl","bethesda.net","blaklader.pl","carrefour.pl","cartoonito.pl","czterykaty.pl","dyskusje24.pl","edziecko.pl","elle.pl","elleman.pl","essilor.pl","focus.pl","focusnauka.pl","g.pl","gazeta.pl","gazeta.tv","glamour.pl","gry.pl","haps.pl","hapsvod.pl","ikea.com","infoladnydom.pl","infozdrowie24.pl","kobieta.pl","magazyn-kuchnia.pl","mojegotowanie.pl","mojpieknyogrod.pl","moto-wiadomosci.pl","moto.pl","national-geographic.pl","olx.pl","pizzahut.pl","player.pl","plotek.pl","przyslijprzepis.pl","sport.gwar.pl","sport.pl","tokfm.pl","toteraz.pl","tvn.pl","tvn24.pl","ugotuj.to","wpodrozy24.pl","wyborcza.pl"]},"priority":100104},{"id":377689,"action":{"type":"allow"},"condition":{"urlFilter":"||cdn.cookielaw.org^","initiatorDomains":["rossmann.pl"]},"priority":100201},{"id":377751,"action":{"type":"allow"},"condition":{"urlFilter":"||grupabiwakowa.pl/wp-content/plugins/complianz-gdpr/cookiebanner/js/complianz.min.js"},"priority":100001},{"id":377847,"action":{"type":"allow"},"condition":{"urlFilter":"||sdk.privacy-center.org/*/loader.js","initiatorDomains":["bonduelle.pl"],"resourceTypes":["script"]},"priority":100301},{"id":377935,"action":{"type":"allow"},"condition":{"urlFilter":"||usercentrics.eu^","initiatorDomains":["aldi.pl"],"resourceTypes":["sub_frame","script","xmlhttprequest"]},"priority":100268},{"id":388590,"action":{"type":"allow"},"condition":{"urlFilter":"/jquery-eu-cookie-law-popup.js","initiatorDomains":["agagrzelak.pl"],"resourceTypes":["script"]},"priority":100301},{"id":388673,"action":{"type":"allow"},"condition":{"urlFilter":"/wp-content/plugins/cookie-law-info/js/cookielawinfo.js"},"priority":100001},{"id":388739,"action":{"type":"allow"},"condition":{"urlFilter":"||consensu.*/js/cmp.stable.min.js","initiatorDomains":["shinden.pl"],"resourceTypes":["script"]},"priority":100301},{"id":388822,"action":{"type":"allow"},"condition":{"urlFilter":"||pracatobie.pl/jscripts/cookieLaws.js"},"priority":100001},{"id":388871,"action":{"type":"allow"},"condition":{"urlFilter":"||sdk.privacy-center.org/*/loader.js","initiatorDomains":["filmweb.pl"]},"priority":100201},{"id":388948,"action":{"type":"allow"},"condition":{"urlFilter":"||sdk.privacy-center.org/sdk.*.js","initiatorDomains":["filmweb.pl"]},"priority":100201},{"id":390358,"action":{"type":"block"},"condition":{"urlFilter":"/wp-content/plugins/cookie-law-info/lite/frontend/js/script.min.js","initiatorDomains":["sztolnie.pl","zamekgrodno.pl"]},"priority":1000151},{"id":390490,"action":{"type":"block"},"condition":{"urlFilter":"||cdn.cookielaw.org^","initiatorDomains":["downdetector.pl"]},"priority":201},{"id":390556,"action":{"type":"block"},"condition":{"urlFilter":"||doubleclick.net/pagead/managed/js/gpt","initiatorDomains":["downdetector.pl"],"resourceTypes":["script"]},"priority":1000301},{"id":390659,"action":{"type":"redirect","redirect":{"extensionPath":"/web-accessible-resources/redirects/googletagservices-gpt.js"}},"condition":{"urlFilter":"||doubleclick.net/pagead/managed/js/gpt","initiatorDomains":["downdetector.pl"],"resourceTypes":["script"]},"priority":1301},{"id":390767,"action":{"type":"redirect","redirect":{"extensionPath":"/web-accessible-resources/redirects/noopjson.json"}},"condition":{"urlFilter":"||lajt-online.pl/api/terms/rodo","domainType":"firstParty","resourceTypes":["xmlhttprequest"]},"priority":1001102},{"id":504280,"action":{"type":"allow"},"condition":{"urlFilter":"||gawex.pl/assets/js/cookieinfo.js"},"priority":100001},{"id":504325,"action":{"type":"redirect","redirect":{"extensionPath":"/web-accessible-resources/redirects/didomi-loader.js"}},"condition":{"urlFilter":"||sdk.privacy-center.org/*/loader.js","initiatorDomains":["bonduelle.pl"],"resourceTypes":["script"]},"priority":1301}]