{"124140":"wolt.com##button:has(> div > div > div > span:has-text(ממומן))","124205":"wolt.com##div:has(> div > div > div > div > div > p:has-text(ממומן))","129590":"||googlesyndication.com/pagead/js/adsbygoogle.js$script,redirect=noopjs:10,important,domain=walla.co.il","134153":"||googlesyndication.com/pagead/js/adsbygoogle.js$script,redirect=noopjs:10,important,domain=ynet.co.il","134679":"||googlesyndication.com/pagead/js/adsbygoogle.js$script,redirect=noopjs:10,important,domain=mako.co.il","135507":"||googlesyndication.com/pagead/js/adsbygoogle.js$script,redirect=noopjs:10,important,domain=calcalist.co.il","136228":"||googlesyndication.com/pagead/js/adsbygoogle.js$script,redirect=noopjs:10,important,domain=sport5.co.il","137316":"||googlesyndication.com/pagead/js/adsbygoogle.js$script,redirect=noopjs:10,important,domain=yad2.co.il","137979":"haaretz.co.il##span:has([href*=\"promo\"]):xpath(..)","139519":"www.kikar.co.il##div[aria-label*=\"המחלקה המסחרית\"]:nth-ancestor(5)","139588":"www.kikar.co.il##iframe[title*=\"Banner\"]:upward(4)","141894":"www-haaretz-co-il.eu1.proxy.openathens.net##span:has([href*=\"promo\"]):xpath(..)"}