{"3462368":"||googletagmanager.com/gtm.js$third-party,script,redirect=googletagmanager-gtm,domain=~corsair.com|~olx.ai|~olx.ba|~olx.be|~olx.bg|~olx.ca|~olx.cn|~olx.co|~olx.co.id|~olx.co.in|~olx.co.ke|~olx.co.th|~olx.co.uk|~olx.co.za|~olx.com|~olx.com.ar|~olx.com.au|~olx.com.bd|~olx.com.br|~olx.com.co|~olx.com.mx|~olx.com.ng|~olx.com.np|~olx.com.pe|~olx.com.pk|~olx.com.tr|~olx.com.ua|~olx.com.uy|~olx.de|~olx.fr|~olx.gr|~olx.hu|~olx.in|~olx.io|~olx.kz|~olx.net|~olx.org|~olx.pe|~olx.ph|~olx.pl|~olx.pt|~olx.ro|~olx.ru|~olx.ua|~olx.us|~olx.uz|~olx.xyz|~simon.com|~bethesda.net|~paddle.com","3729908":"||sgtm.ipekyol.com.tr/gtm.js$script,redirect=googletagmanager-gtm","3730230":"||googletagmanager.com/gtag/js$script,redirect=googletagmanager-gtm,domain=ncsoft.jp","3731688":"||googletagmanager.com/gtag/js?id=$script,redirect=googletagmanager-gtm,domain=dvdmax.pl","3784705":"||googletagmanager.com/gtag/js$script,redirect=googletagmanager-gtm,domain=clujust.ro","3792279":"||googletagmanager.com/gtm.js$script,redirect=googletagmanager-gtm,important,domain=raaga.com","3792433":"||googletagmanager.com/gtag/js$script,redirect=googletagmanager-gtm,domain=weathernews.jp,important","3796718":"||googletagmanager.com/gtag/js?id=$script,redirect=googletagmanager-gtm,domain=inforesist.org,important","3797320":"||googletagmanager.com/gtm.js$script,xmlhttprequest,redirect=googletagmanager-gtm,domain=evernote.com,important","3803095":"||googletagmanager.com/gtm.js$script,xmlhttprequest,redirect=googletagmanager-gtm,domain=whoer.net","3804429":"||googletagmanager.com/gtm.js$script,xmlhttprequest,redirect=googletagmanager-gtm,domain=coda.io,important","3805881":"||googletagmanager.com/gtm.js$script,xmlhttprequest,redirect=googletagmanager-gtm,domain=systemrequirementslab.com,important","3812014":"||googletagmanager.com/gtm.js$script,xmlhttprequest,redirect=googletagmanager-gtm,important,domain=napishem.ru","3814190":"||googletagmanager.com/gtm.js$script,xmlhttprequest,redirect=googletagmanager-gtm,domain=oresundsbron.com,important","3814544":"||googletagmanager.com/gtm.js$script,xmlhttprequest,redirect=googletagmanager-gtm,important,domain=thestar.co.uk","3815566":"||googletagmanager.com/gtag/js$script,other,redirect=googletagmanager-gtm,domain=filmomaniak.pl","3822381":"||googletagmanager.com/gtm.js$script,xmlhttprequest,redirect=googletagmanager-gtm,important,domain=cuk.pl","3825867":"||googletagmanager.com/gtm.js$script,xmlhttprequest,redirect=googletagmanager-gtm,important,domain=pcjisaku.com","3832295":"||googletagmanager.com/gtm.js$script,xmlhttprequest,redirect=googletagmanager-gtm,important,domain=northantstelegraph.co.uk","3837603":"||googletagmanager.com/gtm.js$script,xmlhttprequest,important,redirect=googletagmanager-gtm,domain=gazin.com.br","3840954":"||googletagmanager.com/gtag/js$script,other,redirect=googletagmanager-gtm,domain=guardaserie.app|guardaserie.biz|guardaserie.cc|guardaserie.ch|guardaserie.cloud|guardaserie.club|guardaserie.co.in|guardaserie.co.uk|guardaserie.com|guardaserie.com.bd|guardaserie.com.co|guardaserie.com.np|guardaserie.dev|guardaserie.digital|guardaserie.eu|guardaserie.fun|guardaserie.live|guardaserie.media|guardaserie.my|guardaserie.one|guardaserie.online|guardaserie.pl|guardaserie.ru|guardaserie.site|guardaserie.store|guardaserie.today|guardaserie.tv|guardaserie.world|guardaserie.ws","3842548":"||googletagmanager.com/gtm.js$script,redirect=googletagmanager-gtm,important,domain=flyingv.cc","3852125":"||googletagmanager.com/gtag/js$script,other,redirect=googletagmanager-gtm,domain=playphrase.me","3854221":"||googletagmanager.com/gtag/js$script,redirect=googletagmanager-gtm,domain=html5.gamedistribution.com","3861571":"||googletagmanager.com/gtm.js$script,redirect=googletagmanager-gtm,important,domain=displate.com","3883486":"||googletagmanager.com/gtm.js$script,redirect=googletagmanager-gtm,domain=theverge.com,important"}