{"70099":"krefel.be#?#div[class^=\"Flex-styled__StyledFlex-\"]:has(h3:-abp-contains(Gesponsorde producten))","70191":"marktplaats.nl#?#.hz-Listing--list-item:-abp-contains(Topadvertentie)","70388":"2dehands.be#?#.hz-Listing--list-item:-abp-has(.hz-Listing-priority:-abp-contains(Topadvertentie))","70477":"almere-nieuws.nl#?#.wpb_wrapper:has(.section-heading:-abp-contains(partners))","70551":"amstelveensnieuwsblad.nl,baarnschecourant.nl,barneveldsekrant.nl,bennekomsnieuwsblad.nl,biltschecourant.nl,deputtenaer.nl,derijnpost.nl,destadamersfoort.nl,destadgorinchem.nl,dewoudenberger.nl,edestad.nl,ermelosweekblad.nl,harderwijkercourant.nl,hcnieuws.nl,hetkompashardinxveld-giessendam.nl,hetkompassliedrecht.nl,houtensnieuws.nl,huisaanhuiselburg.nl,huisaanhuisoldebroek.nl,leusderkrant.nl,nieuwsbladdekaap.nl,nunspeethuisaanhuis.nl,recreatiekrantveluwe.nl,regiosportveenendaal.nl,rijnenveluwe.nl,scherpenzeelsekrant.nl,soestercourant.nl,stadnijkerk.nl,stadwageningen.nl,weekbladvoorouderamstel.nl,wijksnieuws.nl#?#.component__plugin:has(h6:-abp-contains(advertentie))","71220":"autobahn.eu#?#.d-none.d-md-block.mb-3:-abp-has(a[target=\"_blank\"][rel=\"noopener\"])","71299":"buienradar.nl#?#.linklist:-abp-has(h1:-abp-contains(Lekker Dichtbij Deals))","71366":"businessinsider.nl#?#.widget_custom_html:-abp-has(h2:-abp-contains(Beter Beleggen))","71545":"fonq.nl#?#[data-cy=\"plp-tile-container\"]:-abp-contains(Gesponsord)","71608":"fonq.nl#?#li:-abp-contains(Gesponsord)","71643":"geenstijl.nl#?#.article.row.no-image:-abp-has(.row.compost-warn:-abp-contains(- ingezonden mededeling -))","71740":"glutenvrij.nl#?#.Article__inner:has(.Article__title:-abp-contains(Advertentie))","71816":"linda.nl#?#.article-column_article:-abp-has(.category-label_label:-abp-contains(Advertorial))","71901":"linda.nl#?#.article-row_article:-abp-has(.article-row_category.category-label_label:-abp-contains(Advertorial))","72004":"mediamarkt.be,mediamarkt.nl#?#[data-index-number]:-abp-contains(Gesponsord)","72076":"mnm.be#?#.grid-item.grid-item-pebble:-abp-has(#pebble-label:-abp-contains(Advertentie))","72155":"moviemeter.nl#?#.footer-artikelen:has(.footer-h6:-abp-contains(Partners))","72225":"nieuwsopbeeld.nl#?#.td_module_wrap:-abp-has(.td-post-category:-abp-contains(Gesponsord))","72305":"psvinside.nl#?#.td_block_template_1:has(.block-title:-abp-contains(Partners))","72379":"tijd.be#?#.o-hpgrid__row-tijdconnect:-abp-has(h2:-abp-contains(Gesponsorde inhoud))","72454":"tostrams.nl#?#section.network:-abp-has(.contentheader.contentheader--network:-abp-contains(Gesponsorde links))","72556":"vi.nl#?#.c-articles-list__item.c-articles-list__item--highlight:-abp-has(.c-tag.c-articles-list__label:-abp-contains(Advertorial))","72678":"voetbalcentraal.nl#?#.blok:-abp-has(h3:-abp-contains(Partners))","72733":"weer.nl#?#.shadow-lvl-2:-abp-has(a[href^=\"https://www.voordeeluitjes.nl/\"])","72805":"wielerflits.nl#?#.widget-container:-abp-has(.h3.mb-4:-abp-contains(Wielerdeals))","72877":"wielerflits.nl#?#li.list-item.list-item-aside:-abp-has(.badge:-abp-contains(Ad))","72949":"wielerflits.nl#?#li.list-item.list-item-default:-abp-has(span:-abp-contains(Ad))","73021":"wkdarts.nl#?#.wpb_wrapper:-abp-has(div:-abp-contains(#advertentie))","86414":"centraalplus.nl##div[class^=\"col\"] > div.center:has(> div.g > div.g-single > center > i:contains(Advertentie))"}