{"467653":"eroangle.club##.article > h3.frontTitle:contains(お勧めサイト[PR])","498646":"geinoukame.com##.menu_title:contains(/スポンサードリンク|記事|【PR】/)","517017":"blog.livedoor.jp#?##left_wrapper > div.area01 > p[style=\"”font-size:5pt;\"] + center:has-text(スポンサードリンク)","528015":"trafficnews.jp#?##slider_list span.title-text:has-text(おすすめPR):upward(#slider_list)","603808":"viet-jo.com#?##irelated > div > ul > div.bds > div.bd_left1[name]:has-text(PR):upward(4)"}