{"5724":"blogsazan.com##.blog_center_bar > .main_title:has-text(مطالب پیشنهادی)","5797":"blogsazan.com##.blog_right_bar > .main_title:has-text(آخرین مطالب مجله)","5871":"blogsazan.com##.blog_right_bar > .main_title:has-text(آخرین مطالب مجله) + .main_content_free","6029":"blogsazan.com##.main_content[style=\"border-radius:10px;\"] > div[style=\"padding: 10px; text-align:center; font-size:13px;\"] > a:upward(.main_content)","6238":"eramblog.com#$?#div#macy-container > article:has(> div.articlebox > div.icons:has-text(تبلیغات)) { remove: true; }","6490":"eramblog.com##div.main_title:has(> span:has-text(مطالب پیشنهادی از سراسر وب))","17463":"[$path=/^((?!\\/category\\/رپرتاژ-آگهی).)*$/]appreview.ir##.archive-blog > article > figure > .entry-category:has-text(رپرتاژ آگهی):upward(article)","18071":"anzalweb.ir##aside > div > span > a.ani[target=\"_blank\"][title]:upward(div)","18149":"[$path=/^((?!category/رپرتاژ).)*$/]anzalweb.ir##article > footer > span.post-meta-cat:has-text(رپرتاژ):upward(article)","18497":"avaz-kurd.ir##.page-body > .post:not(article) > .yn-bnr:empty:upward(.post)","18575":"avaz-kurd.ir##.page-body > .post:not(article) > [id^=\"pos-article-\"]:empty:upward(.post)","18666":"avaz-kurd.ir##.sidebar-right > .box > .title:has-text(لینک های مفید):upward(.box)","18848":"artmusics.top##aside.left > div.box > div.title:has-text(تبلیغات):upward(div.box)","19711":"androidzoom.ir###sidebar .widget div[id^=\"kaprila_linktable\"]:upward(.widget)","19791":"androidzoom.ir###sidebar .widget a[href*=\"faradars.org\"] > img[alt*=\"فرادرس\"]:upward(.widget)","20022":"akharinnews.com##.yn-bnr:upward(.custom)","20315":"asandl.com##.widget-asan > span > a:upward(.widget-asan)","20625":"arga-mag.com##.menu_left-side-ads:upward(.boxsh)","20676":"arga-mag.com##.menu_right-side-ads:upward(.boxsh)","20728":"arga-mag.com###yektanet-pos-2:upward(.boxsh)","21083":"amazing.ir##.widget > .widget-top:has-text(آگهی متنی):upward(.widget)","21365":"alamto.com##.sidebar.col-4 > ul > li > h4:has-text(رپورتاژ آگهی):upward(li)","21537":"androidgozar.com##.post-sticky:upward(.row)","21891":"aparat.com##div.video-list:has(> div > div:has(span.ad:has-text(AD)))","22526":"aftabir.com##.carousel-inner > .item > .row > .col-md-4 > article:has(a[href*=\"aftabir.com/reportages\"]):upward(.col-md-4)","22787":"aftabir.com##.block > header > h2:has-text(/وبگردی|نیازمندی|رپرتاژ/):upward(.block)","24218":"apktops.ir##.spcontent:upward(.post)","24257":"apktops.ir##.post-article > .content > .row .entry-content:has-text(اسپاتیفای پرمیوم از APKTOPS):upward(.post-article)","27012":"bazimag.com###yt_spotlight3 .klatest-items-div > .modtitle:has-text(تبلیغات متنی):upward(.klatest-items-div)","27181":"blogsazan.com###macy-container > article > .articlebox > a[href*=\"/blogsazan.com/mag/reportage\"]:upward(article)","27433":"bazdeh.org##.widget > .section-heading > .h-text:has-text(لینکستون):upward(.widget)","29361":"bartarinha.ir##section.text_type_holder:has(> header.header_section > h4:has-text(تبلیغات متنی))","31634":"charbzaban.com##.widget:has(.widgettitle:has-text(/پیشنهاد|مفید/))","31817":"chetor.com##.linkbox:upward(4)","32629":"coffeeapps.ir#$?#style:has-text(@media print) { remove: true; }","32751":"coffeeapps.ir###sidebar > .block > h5:has-text(لینک های متنی):upward(.block)","33964":"darkroid.ir##a.dl-btn:has(> span:has-text(ads))","35368":"dlrozaneh.ir##.linkbox > header:has-text(تبلیغات متنی):upward(.linkbox)","35604":"deltapayam.com##.bd-sidebar > div > .widget > .block-title:has-text(تبلیغات):upward(.widget)","36949":"digiro.ir##.main-term-none > .listing > .type-post > .item-inner > .post-meta > .post-author-a > .author:has-text(واحد تبلیغات):upward(.type-post)","37098":"digiro.ir##.main-term-none > .listing > .type-post > .item-inner > .featured > .term-badges:has-text(رپورتاژ آگهی):upward(.type-post)","37545":"dlfox.com##header.recent_news_wrapper > ul.news_text > li:has-text(تبلیغ :)","39081":"donya-e-eqtesad.com##.general-box:has(.box-header:has-text(وب گردی))","39349":"[$path=/^((?!\\/رپورتاژ).)*$/]downloadsoftware.ir##.art-post > .head-post > .cat-post:has-text(رپورتاژ):upward(.art-post)","39822":"downloadly.ir###kaprila_downloadly_ir_static-post:upward(.g-cols)","39890":"downloadly.ir###kaprila_downloadly_ir_top-side:upward(.g-cols)","39955":"downloadly.ir###kaprila_downloadly_ir_side-2:upward(.g-cols)","40018":"downloadly.ir###kaprila_linktable:upward(.g-cols)","40070":"downloadly.ir##.postfixedafterpost:upward(.g-cols)","40411":"digiboy.ir##div.slider-tab-ring:has(> h4.extra-menu:has-text(حامیان ما))","41268":"digiato.com###primary:not(> .categoriesPageHead:has-text(رپورتاژ آگهی)).rowList > li:has(a[href*=\"/promoted/\"])","42142":"www.digikala.com##div.flex.w-full > div.grow.min-w-0 > div[class*=\"styles_PdpProductContent__s\"]:has(> div.break-words > div.text-body-2:has-text(آگهی‌شده))","42419":"digikala.com##div.py-2:has(> div.items-center > div.swiper-container > div.swiper-wrapper > div.swiper-slide > div.h-full > div.flex > span.text-caption:has-text(سفارشی))","44871":"elmevarzesh.com##.footer-content .tag-cloud:upward(.foot-col)","46335":"ecoiran.com##.latestContents:has(.bTitle:has-text(وب گردی))","46890":"entekhab.ir##div.sp_ln_box_title:has-text(نیازمندیها)","47783":"elmefarda.com##div#sidebar300 > div.mywidget > div.titles:has-text(تبلیغات)","47861":"elmefarda.com##div#sidebar300 > div.mywidget > div.titles:has-text(تبلیغات) + div.titline","47994":"elmefarda.com##div.mywidget:has(> div.titles:has-text(تبلیغات متنی))","49792":"filmnet.ir##div#player-container svg[width=\"48\"][height=\"48\"][viewBox=\"0 0 64 64\"] > g[opacity=\"0.6\"]:upward(svg)","50090":"filmsky.ir##.widget > .widget_title:has-text(پیوندهای مفید):upward(.widget)","50168":"farsifilm.ir##.aside-inner > .widget-sidebar > .title:has-text(/بنر شماره|تبلیغات متنی/):upward(.widget-sidebar)","50778":"farachart.com##div.sidebar > div.widget:has(> div.widget-head > h3:has-text(تبلیغات))","50866":"farachart.com##div.g:has(> div.g-col > span[style]:has-text(تبلیغات)):has( div.post-link-box1)","53056":"farnet.io##.content-column:not(> .archive-title:has-text(رپرتاژ تبلیغاتی)) .item-inner:has(a[href*=\"/pr/\"])","54995":"gamemods.ir##div#sidebar > aside > section.widget_text:has(> a > h5:has-text(تبلیغات))","55625":"7ganj.ir##.herald-sidebar .widget:has(.widget-title:has-text(تبلیغات)) p:not(:has(a[href*=\"kurdsoft\"])):not(:has(a[href*=\"7ganj.ir\"]))","56084":"gamesetup.ir##.sidebar > .box > .behtarinbacklink:upward(.box)","57500":"ghatreh.com##table > tbody > tr > td > .dagh > strong:has-text(اخبار تبلیغاتی)","57798":"graphiran.com##div[id$=\"col-up\"]:has-text(تبلیغات)","57851":"graphiran.com##div[id$=\"col-up\"]:has-text(تبلیغات) + div[id$=\"col-body\"]","58822":"harmonydl.us##.cside1 > .hside2:has-text(تبلیغات):upward(.cside1)","59267":"hamtamovie.nl##section#left-side > aside > h4:has-text(تبلیغات):upward(aside)","59484":"harfetaze.com##aside.sidebar-right > div.box:has(> div.title > h4.title-text:has-text(تبلیغات متنی))","59918":"hamshahrionline.ir###ads-container > .box > header:has-text(وبگردی):upward(.box)","60392":"iranidata.com##.m-ads:upward(.sidebar-left-item.content)","61286":"imna.ir##.box:has(header:has-text(تبلیغات متنی))","62180":"my.irancell.ir##div[class^=\"css-\"][dir=\"auto\"]:has-text(بازارگاه)","62248":"my.irancell.ir##div[class^=\"css-\"][dir=\"auto\"]:has-text(بازارگاه) + div[class^=\"css-\"]:empty + div[class^=\"css-\"]:has(> div[class^=\"css-\"][style] > div[class^=\"css-\"]:empty + div[class^=\"css-\"][style] > div[style=\"width: 25%;\"] > div[tabindex=\"0\"][style=\"transition-duration: 0s;\"])","64043":"iranjib.ir##div#column3 > table.sidea > tbody > tr:has(> td > div.mybox > h4:has-text(تبلیغات متنی))","66250":"jafekri.com#$?#style:has-text(@media print) { remove: true; }","68326":"kihanb.ir#$?#style:has-text(user-select) { remove: true; }","68386":"kihanb.ir#$?#style[media=\"print\"]:has-text(display:none) { remove: true; }","68516":"khodrotak.com##section.other_news > header:has-text(رپرتاژ)","68578":"khodrotak.com##section.other_news > header:has-text(رپرتاژ) + div","69068":"khodropluss.ir##.aside_boxs > .title_nt_box:has-text(تبلیغ):upward(.aside_boxs)","69503":"khanefootball.com##.bahavadaran-news > .header-section:has-text(دیگر رسانه ها)","70336":"konkur.in##.part-content-wordpres > .title-section:has-text(پست تبلیغاتی):upward(.part-content-wordpres)","70443":"konkur.in##.small-tab-news > .sidebar-news > ul:has-text(تبلیغات متنی):upward(.small-tab-news)","70540":"konkur.in##section.tabliqat-text > header:has-text(تبلیغات متنی):upward(section.tabliqat-text)","72870":"khabarpu.com##.rbox .rbox-h:has-text(تبلیغات):upward(.rbox)","73351":"kalakamuz.ir##div.sidebar > div.box:has(div.row:has-text(تبلیغات))","74053":"lordroid.com##.lnk > center > a > img[alt=\"ADS\"]:upward(center)","74119":"lordroid.com##.footer_column > div > ul > li > a:has-text(طراحی سایت)","74252":"listen2music.ir##.side_left > .side > .title:has-text(تبلیغات متنی):upward(.side_left)","75128":"mihantrader.com##div.text-white:has(> div:has-text(AD))","75749":"mohandescenter.ir##div.col-12 div#ctl00_topModule1_pnlTop:has(> div.divleftmod > div.py-2 > strong:has-text(جت سئو))","75982":"mediat.ir##div.elementor > section > div.elementor-container:has(h2.heading-title:has-text(لینک‌های کاربردی))","78468":"mihand.ir##.entry:has(.title:has-text(تبلیغات))","80319":"mybia4music.com##aside#left > .box > .title:has-text(تبلیغات):upward(.box)","80502":"marzfun.com##aside:has(aside>div>div>span:has-text(تبلیغ))","81113":"moderndl.com##.sidebar_item > .sidebar_item__inner > .sidebar_item__title:has-text(تبلیغات متنی):upward(.sidebar_item)","83781":"nex11music.ir,show-music.ir##div.side_left > div.side > div.title:has-text(تبلیغات متنی):upward(div.side)","84487":"niniban.com##section:has(> header > h4:has-text(تبلیغات متنی))","86411":"55online.news###webgardi_list:upward(.section_cnt)","88582":"plaza.ir##.post > .post__content > .post__category:has-text(رپورتاژ آگهی):upward(.post)","88754":"par30media.com##.right-sidebar > aside > .tit-side:has-text(لینک های مفید):upward(aside)","89196":"power-music.ir##.sidbar > p > strong:has-text(پیوندها):upward(.sidbar)","89984":"p30konkor.com#$?#style:has-text(@media print) { remove: true; }","93978":"1pezeshk.com##div.wpb_column:has(h3.section-heading:has-text(رپورتاژ))","94051":"1pezeshk.com##div#custom_html-3:has(p.section-heading:has-text(رپورتاژ))","94126":"1pezeshk.com##div.wpb_column:has(div.section-heading:has-text(آگهی متنی))","94202":"1pezeshk.com##div.wbie:has(div.section-heading:has-text(آگهی متنی))","97355":"rokna.net##div.margin-bottom-16 > section.various-cnt:has(> header.default-header > h2.title:has-text(بازرگانی))","97499":"rokna.net##header.default-header-2 > h2.title:has-text(وبگردی)","99740":"subkade.ir##aside.widget-area > div > div.sk-side:has(> div.sk-side-title > h2:has-text(دانلود فیلم و سریال جدید))","99857":"subkade.ir##aside.widget-area > div > div.sk-side:has(> div.sk-side-title > h2:has-text(لوازم جانبی کامپیوتر و موبایل))","102277":"sclinic.ir#$?#style:has-text(@media print) { remove: true; }","102640":"sariasan.com##.widget > h3:has-text(مطالب مفید):upward(.widget)","103678":"salameno.com##.box:has(header:has-text(مفید))","104721":"sheypoor.com##main.mainV2 div:has(> section > a > div > div > span:has-text(تبلیغات))","104809":"sheypoor.com##main.mainV2 div:has(> section > div > div > h2 > p:has-text(/^Ad$/))","104915":"shereno.com##.widget:has(.widget_title:has-text(پیوند))","107704":"sakhtafzarmag.com##.dinu:upward(.widget)","108007":"sarzamindownload.com##.OpenTable > div > center > a[rel=\"nofollow\"] > .img-responsive:upward(.OpenTable)","108114":"sarzamindownload.com##.GSBlock > div > .title > h3:has-text(لینک های ویژه):upward(.GSBlock)","108208":"sarzamindownload.com##.OpenTable > h2:has-text(مقالات):upward(.OpenTable)","108284":"sarzamindownload.com##.GSLiveTab > .tab_container1 > #tab3 > h2:has-text(مقالات):upward(.GSLiveTab)","110804":"skinak.ir##div.left-body:has(> div.left-title:has-text(لینک دوستان))","111522":"[$path=/^((?!\\/fa\\/news\\/pr).)*$/]shahrsakhtafzar.com##.items-row:has(.sazitem_imgcat:has-text(رپورتاژ آگهی))","112468":"saednews.com##div.px-3:has(a > span:has-text(AD))","112717":"saat24.news##li[id^=\"ad\"]:upward(section.box)","112765":"saat24.news##section.box ul > li.bklnk:upward(section.box)","115697":"technews-iran.com##.sidebar > .d-flex > aside > section > figure:has(a[href*=\"ad.technews-iran.com/\"]):upward(.sidebar)","117689":"torob.com##div.buy_box > a.cheapest-seller-wrapper > div.online_seller div.online_badge:has-text(آگهی):upward(div.buy_box)","118813":"takmili.com#$?#style:has-text(wccp) { remove: true; }","118868":"takmili.com#$?#style:has-text(user-select) { remove: true; }","119119":"[$path=/^((?!category/website/reportage).)*$/]techfars.com##.box:has-text(رپورتاژ آگهی)","119417":"techna.news##[class=\"widget_text sidebar-box\"]:has-text(تبلیغ)","119482":"techna.news##[class=\"widget_text sidebar-box\"]:has-text(وبگردی)","120379":"texahang.org##div.right-sidebar > aside:has(> div.tit-side:has-text(پیوندهای داغ))","120792":"techrato.com##.widget > p > #KajAds_Panel:upward(.widget)","120852":"[$path=/^((?!tag/رپورتاژ-آگهی).)*$/]techrato.com##.posts-list > article.tag-8164 > .clearfix > a[class=\"title\"][href$=\"reportage/\"]:upward(article)","121372":"tabnak.ir##.film_box:has-text(مدرسه آنلاین)","121418":"tabnak.ir##.stitle_box:has(.top_title:has-text(وب گردی))","121477":"tabnak.ir##.box:has(.top_title:has-text(نیازمندیها))","123240":"toranji.ir###mostvisited:has(.widget-title:has-text(تبلیغات متنی))","125233":"tarafdari.com##aside.column-side > div.block:has(> div.block-title:has-text(وبگردی))","125457":"takskin.com##div.col-md-3 > .box.style-1 > .box-header:has-text(/تبلیغات رپورتاژ|لوگو اسپانسر/):upward(.box)","125612":"taknaz.ir##section#RightPanel > div.RBC > div.CCTS:has-text(تبلیغات متنی):upward(div.RBC)","126203":"uptrack.ir##aside.widget_text > div.aside_box_title:has-text(لینک های ویژه):upward(aside.widget_text)","128628":"vipofilm.com##aside > .title:has-text(تبلیغات):upward(aside)","130013":"vazeh.com##div.main > div.mainx1 > div:has(> span.side-title:has-text(تبلیغات))","132204":"youc.ir##.widget > .widget-title:has-text(تبلیغات):upward(.widget)","132273":"[$path=/^((?!\\/author\\/d-reportages).)*$/]youc.ir##ul#posts-container > li.post-item > .post-details > .post-meta > .author-meta:has-text(دپارتمان تبلیغات):upward(li.post-item)","134343":"zibamoon.com##.LeftSide > .TableOfContent > div[style=\"text-align:center;\"]:has-text(صفحات مرتبط):upward(.TableOfContent)","135440":"zoomit.ir,zoomg.ir##div[class][width=\"100%\"][height=\"100%\"][style]:empty:upward(3)","135525":"zoomit.ir,zoomg.ir##div[class][width=\"100%\"][height=\"100%\"][style]:empty:matches-css-after(animation: 1.6s linear 0.5s infinite normal none running waveKeyframe):upward(3)","225399":"takvim.tj##a[name^=Advertisement]:upward(.wb_element)","225599":"benawa.com##.benawa_contentarea .benawa_treeads:upward(.benawa_contentarea)"}