{"2110":"iltalehti.fi#?#.double-column > a[href]:has(.article-container:has-text(Kaupallinen yhteistyö)):remove()","2226":"kaaoszine.fi#$?#article.post:has-text(Kaupallinen yhteistyö) { height: 1px !important; width: 1px !important; margin-right: 0px !important }","2368":"kaaoszine.fi#@#article.post:has-text(Kaupallinen yhteistyö)","2731":"kotiliesi.fi#?#.article-card-grid li:has(div[id^=dfp__]:not([id^=dfp__desk-1_1])):remove()","3239":"nyan.ax#?#.wpb_column.vc_column_container.td-pb-span8:has(a[onclick*='banner']):remove()","3656":"talouselama.fi,tekniikkatalous.fi##section hr:matches-css-before(content: /Mainos |Mainoksen /):upward(1)","5647":"karjalainen.fi#@#.breaking-news-container:has-text(mainos:)","5751":"karjalainen.fi#$?#.breaking-news-container:not(:has-text(mainos:)) { display: flex !important }","8604":"mtv.fi,mtvuutiset.fi##.avod-web-player-skin > #skin-wrapper > div > div:has-text(Mainos)","12485":"aamulehti.fi,jamsanseutu.fi,janakkalansanomat.fi,kankaanpaanseutu.fi,kmvlehti.fi,merikarvialehti.fi,nokianuutiset.fi,rannikkoseutu.fi,satakunnankansa.fi,suurkeuruu.fi,sydansatakunta.fi,tyrvaansanomat.fi,valkeakoskensanomat.fi#?#article[class=\"list bg-positive w-full mb-16\"]:has-text(Mainos)","12778":"aamulehti.fi,jamsanseutu.fi,janakkalansanomat.fi,kankaanpaanseutu.fi,kmvlehti.fi,merikarvialehti.fi,nokianuutiset.fi,rannikkoseutu.fi,satakunnankansa.fi,suurkeuruu.fi,sydansatakunta.fi,tyrvaansanomat.fi,valkeakoskensanomat.fi#?#div[class|=\"ab-test-laneitem\"]:has(.list__heading:has-text(Mainos))","15624":"alandstidningen.ax#?#.views-element-container:has-text(Annonsnytt)","15737":"alfatvuutiset.fi#?#.widget_text:has-text(Advertisement)","15882":"alibi.fi#?#.article__body > p:has-text(/^\\xA0$/)","18262":"apteekkari.fi#?#.container:has-text(MAINOS (TEKSTI JATKUU ALLA))","20260":"assembly.org#?#section:not(section[id], section[class]):has-text(Mainos)","21070":"autobild.fi#?#.red-the-latest-issue:has-text(Kaupallinen yhteistyö)","21614":"bbs.io-tech.fi#?#div.node-extra:has-text(Mainos)","21664":"bbs.io-tech.fi#?#li.block-row:has-text(Mainos)","22841":"edgeski.fi#?#.widget_text:has-text(Mainos)","23218":"eeva.fi#?#a[class^=\"ContentCard__Card-\"]:has-text(Mainos: )","23375":"eeva.fi#?#div[class^=\"EmbeddedArticle__Container\"]:has(.category:has-text(Mainos:))","23555":"eeva.fi#?#div[class^=\"StripeBannerBlock__StripeBannerContainer\"]:has-text(Mainos:)","24403":"elmotv.com#?#.luelisaa > .solu:has-text(Kaupallinen yhteistyö)","24467":"elmotv.com#?#[href]:has-text(LeoVegas)","25559":"epari.fi,ilkkapohjalainen.fi,jarviseutu-lehti.fi,jurvansanomat.fi,komiat.fi,suupohjansanomat.fi,vaasalehti.fi,viiskunta.fi#?#article > div[class]:has-text(Mainos (sisältö jatkuu alla))","25906":"epari.fi,ilkkapohjalainen.fi,jarviseutu-lehti.fi,vaasalehti.fi#?#.voice-no-read:has-text(Mainos päättyy)","26012":"epari.fi,jarviseutu-lehti.fi,jurvansanomat.fi,komiat.fi,suupohjansanomat.fi,vaasalehti.fi,viiskunta.fi#?#div[class] > div[id^=\"sas_\"] + div:has-text(Mainos)","28671":"foreigner.fi#?#article:has-text(SPONSORED)","28931":"fuengirola.fi#?#.elementor-widget-divider.elementor-widget.elementor-widget-divider--element-align-center.elementor-widget-divider--view-line_text.elementor-element:has-text(Mainos)","31157":"gamereactor.fi#?#article.areview:has-text(Sponsoroitua sisältöä)","31628":"gekkonen.net#?#.td_block_wrap.td_block_text_with_title:has-text(/kasino/i)","31881":"glu.fi#?#.box:has-text(Mainos:)","32068":"gogolf.fi#?#.has-background:has-text(/MAINOS/i)","32117":"gogolf.fi#?#.has-background:has-text(mainos)","32881":"gti.fi#?#.wall-item__container:has-text(Mainos)","33174":"hardelli.com#?#div[class=wpb_wrapper][style^=\"width: 324px;\"] > div[data-td-block-uid]:has-text(PELIT)","34445":"high.fi#?#article > .main-link:has(.source:has-text(sponsoroitu))","35513":"hs.fi#?#.embedded:has-text(Markkinapaikka)","35609":"huonoaiti.fi#?#.col.article-card.item:has-text(Kaupallinen yhteistyö, yhteistyössä)","36686":"iijokiseutu.fi,kaleva.fi,koillissanomat.fi,lapinkansa.fi,pohjoisenpolut.fi,pyhajokiseutu.fi,raahenseutu.fi,rantalakeus.fi,siikajokilaakso.fi#?#.m-contentListItemThumb.-level-1:has-text(Mainos)","38548":"jp-kunnallissanomat.fi#?#a[href^=\"/artikkeli-\"]:has-text(MAINOS)","39327":"kaksplus.fi#?##huomiotekstiotsikko:has-text(Mainos)","39490":"kaksplus.fi#?#.wp-block-otavamedia-section-management:has-text(Kaupallinen yhteistyö)","39823":"kalamies.com#?#.widget:has-text(Mainos):not(:has([href=\"https://kalamies.com/tilaa/\"]))","40260":"kaleva.fi#?#.media-site__widget-container:has( * .media-widget__title:has-text(Kaupallinen yhteistyö))","40762":"kangasalansanomat.fi#?#.td-pb-span6:has-text(Kaupallinen yhteistyö)","41312":"kansantahto.fi#?#.elementor-widget-divider:has-text(Mainos)","41373":"kansantahto.fi#?#.strike:has-text(Mainos)","41507":"karjalainen.fi#?#.breaking-news-container:has-text(mainos:)","41568":"karjalainen.fi#?#.card-container:has-text(Mainos alkaa)","41871":"kauppalehti.fi#?#main:not(> h2:has-text(Kumppanisisältöä)) [class][data-test] ~ div[class]:has(> a[href^=\"https://www.kauppalehti.fi/kumppanisisallot/\"])","42026":"kauppalehti.fi#?#main:not(> h2:has-text(Kumppanisisältöä)) a[href^=\"https://www.kauppalehti.fi/kumppanisisallot/\"][target=\"_self\"]","43820":"kiinteistoposti.fi#?#.featuredpost:has(.gb-post-grid-section-title:has-text(Kaupallinen yhteistyö))","44110":"kodinviilennys.fi#?#.wp-block-image:has-text(mainos)","44278":"koeajolle.com#?#.post p:has-text(Mainos:)","44321":"kohokohta.com#?#.text-center:has-text(loadAd)","44368":"kokemaenjokilaakso.fi#?#.ai-attributes:has-text(Mainos)","44603":"koneviesti.fi#?#.layout__article-area__text-content > p:has-text(/^\\xA0$/)","44726":"koneviesti.fi,maaseuduntulevaisuus.fi#?#.row .col-small-12.col-medium-12.col-large-12:has-text(Mainos:)","45594":"koululainen.fi#?#.article__body > p:has-text(/^\\xA0$/)","47251":"lennot.rantapallo.fi#?#.flights.type-provider:has-text(Mainos)","48218":"ls24.fi#?#.article-list--article:has-text(Kaupallinen yhteistyö)","48441":"ls24.fi#?#section[class=\"page-section page-section--no-main-article\"]:has-text(Kaupallinen yhteistyö)","50485":"mediuutiset.fi#?#body:not(#skyscraper-height-div > div > div:has-text(Kumppanisisältöä)) section > a[href^=\"https://www.mediuutiset.fi/kumppanisisallot\"]","50640":"mediuutiset.fi#?#body:not(.is-style-kumppanisisallot):not(#skyscraper-height-div > div > div:has-text(Kumppanisisältöä)) div[class]:has(> a[href^=\"https://www.mediuutiset.fi/kumppanisisallot/\"]:not(a[class^=site-header]))","51312":"meillakotona.fi#?#div[class^=transitionSlot__component][class*=layout__container]:has-text(MAINOS)","52646":"mma.fi#?#.commercial__content:has-text(Kumppanilta)","53171":"mobiili.fi#?#.fullarticle:has-text(Sponsoroitu)","53220":"mobiili.fi#?#.fullarticle:has-text(src=\"https://mobiili.fi/aaa.png\")","53290":"mobiili.fi#?#div[style=\"float:left; width:100%; text-align:center; padding:0px; margin-bottom:17px;\"]:has-text(MAINOS)","53410":"mobiili.fi#?#p:has(small:has-text(Mainos:))","54395":"muropaketti.com#?#article.grid__item_md-1-5.grid__item_1:has-text(Mainos)","55204":"mvlehti.net#?#.entry-content > h3:has-text(kasino)","55357":"mvlehti.net#?#[class|=featured-post]:has-text(/rahapeli|kasino/i):has(a[href*=\"/202\"])","56449":"nettitrendi.fi#?#.block-block-content:has-text(Jatkuu mainoksen alla)","56903":"opensubtitles.org#?#fieldset:has-text(Poista mainos)","58074":"pelaajat.com#?#.social-media-links + p:has-text(/^ $/):has(+ div[data-ad-unit-id])","58557":"pienimatkaopas.com#?##mainos .otsikko:has-text(Lue myös) + div ~ *","59051":"pottupellossa.fi#?#.widget_text:has-text(Mainos)","61666":"seiska.fi#?##article-body .article div[class^=\"sc-\"]:has-text(/Juttu jatkuu ilmoituksen jälkeen|ilmoitus päättyy/i)","61954":"seura.fi#?#section[class=entry-body] > p:has-text(/^\\xA0$/)","62606":"sijoitustieto.fi#?#.st-banneri-view:has-text(Mainos:) > div","62667":"sijoitustieto.fi#?#p > em > strong:has-text(Kaupallinen yhteistyö:)","63891":"sportti.com#?#div[style=\"padding-bottom:10px;border-bottom:1px solid gray;margin-bottom:6px;\"]:has-text(Mainos:)","64005":"sportti.com#?#div[style=\"padding-bottom:10px;margin-bottom:6px;border-top:1px solid gray;margin-top:6px;\"]:has(+ [style=\"font-size:14px;line-height:21px;padding-top:6px;\"]:has-text(MAINOS))","64196":"sportti.com#?#div[style=\"padding-bottom:10px;margin-bottom:6px;border-top:1px solid gray;margin-top:6px;\"]:has-text(MAINOS)","64444":"sportti.com#?#tr:has-text(.loadAd)","64554":"sss.fi#?#aside.widget_text:has-text(MAINOS)","64904":"suomela.fi#?#.custom-title:has-text(Kaupalliset yhteistyöt)","65210":"suomenkuvalehti.fi#?#.clearfloats.content__body > p:has-text(/^\\xA0$/)","66261":"suomimobiili.fi#?#.posts-listing-list-alt-b:has-text(Artikkeleita kumppaneilta)","66851":"talouselama.fi#?#[id|=podcasti]:has-text(Kaupallinen Yhteistyö)","67176":"talouselama.fi#?#li:has-text(MAINOS)","68487":"tekniikkatalous.fi#?#.article-body > div[class]:has(> span:has-text(KAUPALLINEN YHTEISTYÖ) + a[href^=\"https://koulutus.almatalent.fi/\"])","68625":"tekniikkatalous.fi#?#div#skyscraper-height-div > aside > div > div > a:has-text(Kaupallinen yhteistyö)","68729":"tekniikkatalous.fi#?#div#skyscraper-height-div > section > div > a:has-text(Kaupallinen yhteistyö)","68914":"telsu.fi#?#.ch:has-text(/SPON|SPONS|SPONSO|SPONSOR|SPONSORO|SPONSOROI|SPONSOROIT|SPONSOROITU/)","69010":"telsu.fi#?#.ch:has-text(/SP(O|0)NSOROITU/)","69276":"terve.fi#?#div[class^=PageElementFeedItem__Container]:has-text(Mainos)","69348":"terve.fi#?#div[class^=transitionSlot__component][class*=layout__container]:has-text(KAUPALLINEN YHTEISTYÖ)","70167":"tilannehuone.fi#?##cnt_lista tr:has-text(/^\\s$/):has(+ tr:has(.mainosinline))","70591":"tivi.fi#?#aside:has(> div > span:has-text(KAUPALLINEN YHTEISTYÖ))","70658":"tivi.fi#?#div#skyscraper-height-div > aside > div > section > div:has-text(KAUPALLINEN YHTEISTYÖ)","70757":"tivi.fi#?#div#skyscraper-height-div > div > aside > div > section > div:has-text(KAUPALLINEN YHTEISTYÖ)","70862":"tivi.fi#?#div#skyscraper-height-div > section > div > a > div:has-text(Kaupallinen yhteistyö)","71680":"ts.fi#?#.tsv3-c-common-elementcollection:has-text(/yhteistyö[\\u00AD]kumppanimme artikkelit/)","71774":"ts.fi#?#.tsv3-c-common-elementlist--layout-mobiili_etusivu:has-text(/yhteistyö[\\u00AD]kumppanimme artikkelit/)","72274":"twitter.com#?#div:has(> div > div > div > h2 > div > span:has-text(Mainostettu twiitti))","72364":"tyyliniekka.fi#?#.tdc-row.stretch_row_1400.td-stretch-content:has-text(MAINOS:)","72540":"ulvilanseutu.fi#?#.elementor-widget-container:has-text(MAINOS)","73306":"uusisuomi.fi#?#.lazyload-wrapper + section:has-text(Kaupallinen yhteistyö)","73454":"uusisuomi.fi#?#div#skyscraper-height-div > div > aside > section > a:has-text(Kaupallinen yhteistyö)","73556":"uusisuomi.fi#?#div#skyscraper-height-div > div > main > div > a:has-text(Kaupallinen yhteistyö)","73994":"vaasalehti.fi#?#h2 > span:has-text(Mainos)","74583":"vau.fi#?#h4:has-text(MAINOS)","74613":"vau.fi#?#hr + h4:has-text(MAINOS) ~ hr","75381":"verkkouutiset.fi#?#article.featured-post:has-text(Mainos)","76265":"viisitahtea.com#?#.widget--side:has-text(Mainos)","76565":"viranomaisuutiset.fi#?#.td-footer-wrap .td-block-row:has-text(-Yhteistyössä-)","80411":"www.uusisuomi.fi#?#aside > section:has-text(Kaupallinen yhteistyö)","80479":"www.uusisuomi.fi#?#body:not(.is-style-kumppanisisallot) main > div[class]:has-text(Kaupallinen yhteistyö)","80886":"ykkoslohja.fi#?##sidebar-widgets-area-1 > .widget:has-text(Mainos)","81883":"ykkoslohja.fi#?#.widget:has-text(tradedoubler.com)","81935":"ykkoslohja.fi#?#.widget_carousel_slider:has-text(tarjouksia tälle viikolle)","82090":"ykkoslohja.fi#?#div[id|=block]:has-text(/Lainavertailu/i)","82149":"ykkoslohja.fi#?#div[id|=block]:has-text(eToro)","91988":"iltalehti.fi#?#.card .recommendation:has-text(Kaupallinen yhteistyö)","92264":"iltalehti.fi#?#.category-double-article-container:has(.half-article:nth-child(1):has-text(Kaupallinen yhteistyö) + .half-article:nth-child(2):has-text(Kaupallinen yhteistyö))","92526":"iltalehti.fi#?#.related-articles-list > .link-container:has-text(/^Kaupallinen yhteistyö/)","92788":"iltalehti.fi#?#a.small-article:has-text(Kaupallinen yhteistyö)","92852":"iltalehti.fi#?#div.card:has-text(Mainos:)","93698":"iltalehti.fi#?#div.fp-container.card:has-text(Kaupallinen yhteistyö)","93768":"iltalehti.fi#?#div.is-visible.LazyLoad:has-text(kaupallinen yhteistyö)","93957":"iltalehti.fi#?#div[class=\"card \"]:has(> .block > div[class=content-router-wrapper]:has-text(kaupallinen yhteistyö))","94074":"iltalehti.fi#?#div.container:not(.sub-category-unikulma):not(.sub-category-rahapuhe):not(.sub-category-santander):not(.sub-category-miehen-terveys):not(.sub-category-kehon-hyvinvointi-ja-vitaepro):not(.sub-category-unijaterveys):not(.sub-category-huippukivaa-seksia):not(.sub-category-puhti):not(.sub-category-hyvinvointivinkit):not(.sub-category-hetki):not(.sub-category-kaalimato):not(.sub-category-oslo-skin-lab):not(.sub-category-kodin-siivousvinkit):not(.sub-category-qled-tv):not(.sub-category-jatevesiratkaisut):not(.sub-category-bluestep):not(.sub-category-sortter-reilua-lainavertailua):not(.sub-category-rahalaitos):not(.sub-category-aitien-keittiosta):not(.sub-category-koko-kansan-autokauppa):not(.sub-category-kuljetusten-kestava-kehitys):not(.sub-category-kestavat-liikkuvuusratkaisut):not(.sub-category-hintaopas):not(.sub-category-boltworks):not(.sub-category-samsung-tv):not(.sub-category-reseptit):not(.sub-category-terveystalo):not(.sub-category-etuafi-lainanottajan-asialla):not(.sub-category-vinkit-yrityslainaan) .article-list a[href]:has-text(Kaupallinen yhteistyö)","95164":"iltalehti.fi#?#div.container:not(.sub-category-unikulma):not(.sub-category-rahapuhe):not(.sub-category-santander):not(.sub-category-miehen-terveys):not(.sub-category-kehon-hyvinvointi-ja-vitaepro):not(.sub-category-unijaterveys):not(.sub-category-huippukivaa-seksia):not(.sub-category-puhti):not(.sub-category-hyvinvointivinkit):not(.sub-category-hetki):not(.sub-category-kaalimato):not(.sub-category-oslo-skin-lab):not(.sub-category-kodin-siivousvinkit):not(.sub-category-qled-tv):not(.sub-category-jatevesiratkaisut):not(.sub-category-bluestep):not(.sub-category-sortter-reilua-lainavertailua):not(.sub-category-rahalaitos):not(.sub-category-aitien-keittiosta):not(.sub-category-koko-kansan-autokauppa):not(.sub-category-kuljetusten-kestava-kehitys):not(.sub-category-kestavat-liikkuvuusratkaisut):not(.sub-category-hintaopas):not(.sub-category-boltworks):not(.sub-category-samsung-tv):not(.sub-category-reseptit):not(.sub-category-terveystalo):not(.sub-category-etuafi-lainanottajan-asialla):not(.sub-category-vinkit-yrityslainaan) > div > div > main .article-container:has-text(Kaupallinen yhteistyö)","96270":"iltalehti.fi#?#div.container:not(.sub-category-unikulma):not(.sub-category-rahapuhe):not(.sub-category-santander):not(.sub-category-miehen-terveys):not(.sub-category-kehon-hyvinvointi-ja-vitaepro):not(.sub-category-unijaterveys):not(.sub-category-huippukivaa-seksia):not(.sub-category-puhti):not(.sub-category-hyvinvointivinkit):not(.sub-category-hetki):not(.sub-category-kaalimato):not(.sub-category-oslo-skin-lab):not(.sub-category-kodin-siivousvinkit):not(.sub-category-qled-tv):not(.sub-category-jatevesiratkaisut):not(.sub-category-bluestep):not(.sub-category-sortter-reilua-lainavertailua):not(.sub-category-rahalaitos):not(.sub-category-aitien-keittiosta):not(.sub-category-koko-kansan-autokauppa):not(.sub-category-kuljetusten-kestava-kehitys):not(.sub-category-kestavat-liikkuvuusratkaisut):not(.sub-category-hintaopas):not(.sub-category-boltworks):not(.sub-category-samsung-tv):not(.sub-category-reseptit):not(.sub-category-terveystalo):not(.sub-category-etuafi-lainanottajan-asialla):not(.sub-category-vinkit-yrityslainaan) > div > div > main .half-article:has-text(Kaupallinen yhteistyö)","97371":"iltalehti.fi#?#div.container:not(.sub-category-unikulma):not(.sub-category-rahapuhe):not(.sub-category-santander):not(.sub-category-miehen-terveys):not(.sub-category-kehon-hyvinvointi-ja-vitaepro):not(.sub-category-unijaterveys):not(.sub-category-huippukivaa-seksia):not(.sub-category-puhti):not(.sub-category-hyvinvointivinkit):not(.sub-category-hetki):not(.sub-category-kaalimato):not(.sub-category-oslo-skin-lab):not(.sub-category-kodin-siivousvinkit):not(.sub-category-qled-tv):not(.sub-category-jatevesiratkaisut):not(.sub-category-bluestep):not(.sub-category-sortter-reilua-lainavertailua):not(.sub-category-rahalaitos):not(.sub-category-aitien-keittiosta):not(.sub-category-koko-kansan-autokauppa):not(.sub-category-kuljetusten-kestava-kehitys):not(.sub-category-kestavat-liikkuvuusratkaisut):not(.sub-category-hintaopas):not(.sub-category-boltworks):not(.sub-category-samsung-tv):not(.sub-category-reseptit):not(.sub-category-terveystalo):not(.sub-category-etuafi-lainanottajan-asialla):not(.sub-category-vinkit-yrityslainaan) > div > div > main div[class=\"card \"]:has(.half-article:has-text(Kaupallinen yhteistyö)):not(:has(.half-article:not(:has-text(Kaupallinen yhteistyö))))","98559":"iltalehti.fi#?#div.layout:not(.sub-category-unikulma):not(.sub-category-rahapuhe):not(.sub-category-santander):not(.sub-category-miehen-terveys):not(.sub-category-kehon-hyvinvointi-ja-vitaepro):not(.sub-category-unijaterveys):not(.sub-category-huippukivaa-seksia):not(.sub-category-puhti):not(.sub-category-hyvinvointivinkit):not(.sub-category-hetki):not(.sub-category-kaalimato):not(.sub-category-oslo-skin-lab):not(.sub-category-kodin-siivousvinkit):not(.sub-category-qled-tv):not(.sub-category-jatevesiratkaisut):not(.sub-category-bluestep):not(.sub-category-sortter-reilua-lainavertailua):not(.sub-category-rahalaitos):not(.sub-category-aitien-keittiosta):not(.sub-category-koko-kansan-autokauppa):not(.sub-category-kuljetusten-kestava-kehitys):not(.sub-category-kestavat-liikkuvuusratkaisut):not(.sub-category-hintaopas):not(.sub-category-boltworks):not(.sub-category-samsung-tv):not(.sub-category-reseptit):not(.sub-category-terveystalo):not(.sub-category-etuafi-lainanottajan-asialla):not(.sub-category-vinkit-yrityslainaan) div.card:has(> .full-article:has-text(Kaupallinen yhteistyö))"}