{"11804":"elektroda.pl###main .col-md-8 form[action*=\"//\"][action*=\"m\"][action*=\".\"]:upward(.col-md-8 > div)","15309":"gralandia.tv#?#div.pink > .box > div:-abp-contains(Adblock)","22201":"poczta.onet.pl#?#div[class^=\"slot-\"]:-abp-has(> div[class^=\"slot\"][class$=\"plug\"])","43747":"chelmski.eu#?#div[class]:not([id]):-abp-has(> .ad-text)","48001":"finanse.wp.pl,kobieta.wp.pl,ksiazki.wp.pl,magazyn.wp.pl,opinie.wp.pl,sportowefakty.wp.pl,teleshow.wp.pl,wiadomosci.wp.pl##body > div[class][id]:has(div[class]:not([id]):contains(Tworzenie treści to nasza pasja))","48215":"kobieta.wp.pl,ksiazki.wp.pl,wiadomosci.wp.pl##body > div[class][id]:has(div[class]:not([id]):matches-css-before(content:\"Jak dodać WP do wyjątków adBlocka\"))","48477":"film.wp.pl,finanse.wp.pl,kobieta.wp.pl,ksiazki.wp.pl,magazyn.wp.pl,opinie.wp.pl,sportowefakty.wp.pl,teleshow.wp.pl,wiadomosci.wp.pl##body > div[class][id]:has(div[class]:matches-css-before(content:\"Nie teraz, wracam na WP.pl\"))"}