{"513559":"aadarshhimachal.com#?#.wpb_wrapper:-abp-has(> h5:-abp-contains(Ads))","513619":"aapkikhabar.com#?#[id^=\"custom\"]:-abp-has(> a:-abp-contains(Government Ad))","513686":"aapkikhabar.com#?#div[id^=\"AS_O_\"] div:-abp-has(> div > div > a> div h5:-abp-contains(Ad |) )","513771":"abcnews.media#?#.widget_custom_html:-abp-has(> div > div > h3:-abp-contains(Advertisement))","513915":"ammanealing.org#?#.wpb_wrapper:-abp-has(> div > .sc_item_title:-abp-contains(Advertisement))","513999":"angulonline.com#?#.elementor-widget-heading:-abp-has(> div > h2:-abp-contains(Sponsored))","516695":"asr24.news#?#.card:-abp-has(> .card-header:-abp-contains(Advertisment))","516758":"bangla.24livenewspaper.com#?#.advertisement:-abp-contains(advertisement)","516827":"betulsamachar.com#?#.gb-container:-abp-contains(Advertisement)","516886":"bharatiyadigitalnews.in#?#.mb-3:-abp-has(> .section-title > h4:-abp-contains(Advertisement))","516970":"bharatiyadigitalnews.in#?#center:-abp-contains(Advertisement)","517028":"bhingatimes.co.in#?#.my-4:-abp-has(> h5:-abp-contains(Advertisement))","517089":"biharnation.in#?#.primary-sidebar-widget:-abp-has(> .section-heading > .h-text:-abp-contains(Advertisement))","517189":"blivenews.com#?#div[id^=\"AS_O_LHS_1\"] > div:-abp-has(> div > div > a>span:-abp-contains(Ad |))","517479":"bulandsoch.com#?#div[id^=\"AS_O_\"] div:-abp-has(> div > a> div h5:-abp-contains(Ad |))","517772":"cg24news.in#?#.sidebar:-abp-has(> h5 > span:-abp-contains(Advertisement))","517837":"champarantoday.in#?#.sidebar-widget:-abp-has(> .widget-head > .title:-abp-contains(Ads))","517917":"chatonay71news.com#?#.widget_recent_entries:-abp-contains(ads)","517976":"cityandolan.com#?#div[data-slot=\"460008\"] div:-abp-has(> div > div > a > div > h6:-abp-contains(Ad |))","518070":"cityliveindia.com#?#div:-abp-has(> .main-heading:-abp-contains(Advertizement))","518140":"countrynewstoday.com#?#.td-block-title > span:-abp-contains(Advertisement)","518211":"dailyharyananews.com#?#div[id^=\"AS_O_LHS_1\"] > div:-abp-has(> div > div > a>span:-abp-contains(Ad |))","518304":"dakshinapath.com#?#.sidebar-widget:-abp-has(> .widget-head > .title:-abp-contains(ADV))","518383":"deshkikhabar.in#?#span:-abp-contains(Advertisement)","518431":"dhamaka36.com#?#.mb-3:-abp-has(> .section-title > h4:-abp-contains(Advertisement))","518505":"dhinasari.com#?#.tdm-descr:-abp-contains(Advertisement)","538316":"doonhorizon.in#?#.colombiaonesuccess > div:-abp-has(> div > div > a h5:-abp-contains(Ad |))","538399":"encounterindia.in#?#.sidebar-widget:-abp-has(> .widget-head > .title:-abp-contains(ADS))","538479":"entevarthakal.com#?#.fourth_2_inner:-abp-has(> a>div > h1:-abp-contains(advertisement))","538608":"etamilnews.com#?#div:-abp-has(> .section-title > h4:-abp-contains(Advertisement))","538681":"fashionnewsera.com#?#div[id^=\"AS_O_LHS_1\"] > div:-abp-has(> div > div > a>span:-abp-contains(Ad |))","540375":"gossiplanka.com#?#.HTML:-abp-has(.title:-abp-contains(Advertisement))","540652":"horizonhind.com#?#div > h2:-abp-contains(Google Ads)","540701":"horizonhind.com#?#strong:-abp-contains(ABS Hospital)","540750":"horizonhind.com#?#strong:-abp-contains(Vijay Bakery)","540840":"hrbreakingnews.com#?#div[id^=\"AS_O_LHS\"] > div:-abp-has(> div > div > a > div > h5:-abp-contains(Ad |))","540996":"ibmnews24.com#?#p:-abp-contains(Advertisement)","543567":"indiakhabar.co.in#?#div:-abp-has(> .section-title > h4:-abp-contains(ADVERTISEMENT))","543643":"indianewscentre.in#?#.fashion_technology_area div:-abp-has(> div > h2 span:-abp-contains(Advertisement))","543739":"indiannewsservice.net#?#.sidebar h2:-abp-contains(Advertisement)","543800":"indiasamachar24.com#?#.widget:-abp-has(.widget-title > h4:-abp-contains(Advertise))","543875":"indocanadiantimes.com#?#.block-title span:-abp-contains(Sponsored Ads)","544017":"jalauntimessite.wordpress.com#?#.widget-title:-abp-contains(Advertisment)","544087":"janadeshexpress.in#?#section.widget_text:-abp-has(div > h4.widget-title:-abp-contains(Advertisment))","544179":"janamtv.com#?#div:-abp-has(> .jeg_block_title > span:-abp-contains(ADVT))","544244":"jankarido.com#?#.gb-container:-abp-contains(Advertisement)","544299":"jansandeshonline.com#?#div[id^=\"AS_P_LHS_\"] > div:-abp-has(> div > div > a>div > h5:-abp-contains(Ad |))","544395":"jansandeshonline.com#?#div[id^=\"AS_P_LHS_\"] > div:-abp-has(> div > div > a>div > p:-abp-contains(Ad |))","544490":"janwarta.com#?#.td_block_wrap:-abp-has(> div > h4 > span:-abp-contains(Ad))","544557":"k9media.live#?#[id^=\"AS_O_\"] div:-abp-has(> div > a>div > h5:-abp-contains(Ad |))","544630":"khabaraaptak.net#?#.widget:-abp-has(> .widget--title > h2:-abp-contains(Advertisement))","544709":"khabardev.com#?#.list-category-posts-half:-abp-has(> .widget-title:-abp-contains(AD))","544786":"kirandoot.com#?#.sidebar-widget:-abp-has(> div > h4:-abp-contains(adv))","544905":"lifestylenama.in#?#div[id*=\"_O_LHS_\"] > div:-abp-has(> div > div > a>div > h5:-abp-contains(Ad |))","544995":"livevns.news#?#.colombiaonesuccess div:-abp-has(> div > div > a > h5:-abp-contains(Ad:))","545075":"livevns.news#?#.colombiaonesuccess div:-abp-has(> div > div a > p:-abp-contains(Ad:))","545152":"lnstarnews.com#?#.elementor-widget-wrap:-abp-has(h2:-abp-contains(Adv.))","545216":"loginkerala.com#?#div[id^=\"AS_O_LHS\"] > div:-abp-has(> div > div > a > h2 + span:-abp-contains(Ad |))","545309":"loudspeakeronline.com#?#div.sidebar-widget:-abp-has(> .widget-head > h4:-abp-contains(Advertisement))","545402":"madhepurakhabar.com#?#.HTML:-abp-has(> .widget-title > .title:-abp-contains(Advertisement))","545485":"madhubaninews.in#?#figure:-abp-has(> figcaption:-abp-contains(ADVERTISEMENT))","545554":"magadhexpress.in#?#.wp-block-group:-abp-has(> div > .wp-block-heading:-abp-contains(Advertisement))","545880":"pressnote.in#?##main-content .main-carousel:-abp-has(> .title-wrapper > h2 > span:-abp-contains(Advertisement))","545983":"pressnote.in#?##main-content .theiaStickySidebar:-abp-has(> div > .title-wrapper > h2 span:-abp-contains(Advertisement))","546145":"meranews.com#?#p:-abp-contains(Advertisement)","546187":"mirroruttarakhand.com#?#.widget-sidebar:has(> .widget-header > h3:-abp-contains(ADVT))","546270":"muktirlorai.com#?#.themesBazar_widget:has(> h3:-abp-contains(sonalilife.com))","546344":"munaadi.com#?#.mb-3:-abp-has(.section-title > h4:-abp-contains(Advertisement))","546414":"namastepurvanchal.in#?#.elementor-widget-heading:-abp-has(> div > h2:-abp-contains(Advertisement))","546504":"nation9network.com#?#.gb-container:-abp-contains(Advertisement)","546596":"navbharattimes.indiatimes.com#?#.news-card:has(> span > h2 > a>.text_ellipsis:-abp-contains(Adv:))","546691":"naya-alo.com#?#.textwidget:-abp-contains(.adsbygoogle)","546742":"neplays.com#?#.widget--title .h4:-abp-contains(Advertisement)","546800":"news11.live#?#.align_cent:-abp-contains(Advertise)","546847":"news24bite.com#?#figure:-abp-has(> figcaption:-abp-contains(Advertisement))","546914":"newsmoments.in#?#div[id^=\"AS_O_LHS_\"] > div:-abp-has(> div > div > a > div > p:-abp-contains(Ad |))","547005":"newstm.in#?#div[id^=\"AS_O_\"] div:-abp-has(> div > a> div h5:-abp-contains(Ad |) )","547078":"newstodaynetwork.com#?#div[id^=\"AS_O_LHS\"] > div:-abp-has(> div > div > a > h4:-abp-contains(Ad: ))","547169":"nobat.com#?#div:-abp-has(> small:-abp-contains(Advertisement))","547223":"odiascraps.info#?#div[id*=\"_O_\"] > div:-abp-has(> div > div > a>div > h4 > span:-abp-contains(Ad:))","547314":"odiascraps.info#?#div[id*=\"_O_\"] > div:-abp-has(> div > div > a>div > p:-abp-contains(Ad:))","547472":"pingara.com#?#.block-title-4:-abp-has(> h4 > span:-abp-contains(Advertisements))","547544":"pksnews24.com#?#div.primary-sidebar-widget:-abp-has(> div > span:-abp-contains(Advertisement))","547630":"pksnews24.com#?#div[data-adid]:-abp-has(> p:-abp-contains(Advertisement))","547695":"neemuchlive.com#?##pt-magazine-carousel-news-2:has(> div > .section-title .widget-title:-abp-contains(Advertisement))","547809":"rajdhanidaily.com#?#.elementor-widget-wrap p:-abp-contains(Ads)","547869":"rochakkhabare.com#?#div[id*=\"_O_\"] div:-abp-has(> div > div > a> div *:-abp-contains(Ad |) )","547953":"rozanapost.in#?#aside:-abp-has(> h3 > span:-abp-contains(Advt))","548008":"rozanaspokesman.in#?#div[style]:-abp-has(> div:-abp-contains(Advertisement))","548076":"sabhavarthakal.com#?#.jeg_block_heading:-abp-has(> .jeg_block_title > span:-abp-contains(ADVERTISEMENTS))","548173":"sabhavarthakal.com#?#.jeg_block_heading:-abp-has(> .jeg_block_title > span:-abp-contains(Advertisement))","548269":"samajkihalchal.com#?#div.sidebar h5:-abp-has(> span:-abp-contains(Ads))","548332":"samarthsahara.com#?#.heading:-abp-has(> span:-abp-contains(Advt))","548389":"samayduniya.com#?#div:-abp-has(> a span:-abp-contains(Ad |))","548441":"satkhiraprobaho.net#?#div:-abp-has(> h3:-abp-contains(Advertisement))","548502":"satyasandhana.in#?#div:has(> div > div > p:-abp-contains(Advertisement))","548571":"satyavoice.com#?#div[id^=\"AS_O_\"] > div:-abp-has(> div > a>div > h5:-abp-contains(Ad |))","548651":"scgnews.in#?#.widget-header:has(> h4:-abp-contains(Advertise))","551486":"seithipunal.com#?#.widget:-abp-has(> .widget--title > h2:-abp-contains(Advertisement))","551564":"shikshabhartinetwork.com#?#div:-abp-has(> .box_header:-abp-contains(Advertisements))","551640":"punjabikangaroo.com#?##side .widget:-abp-has(> .heading > span:-abp-contains(Advertisement))","551819":"smtv24x7.com#?#.single_post_content:-abp-has(> h2 > span > a:-abp-contains(ADS))","551891":"soochnanews.in#?#h4.td-block-title:-abp-has(> span:-abp-contains(Advertisement))","552130":"suprovatsydney.com.au#?#.box_header:-abp-contains(Advertising)","552500":"tamizhakam.com#?#p:-abp-contains(Advertisement)","552635":"thannambikkai.org#?#h2:-abp-contains(Advertisement)","552683":"thechopal.com#?#div[id*=\"ArticleShow_\"] > div:-abp-has(> div > div > a>span:-abp-contains(Ad |))","552771":"thedesiawaaz.com#?#div:-abp-has(> div > a>div > p:-abp-contains(Ad:))","552832":"thedesiawaaz.com#?#div:-abp-has(> div > div > a>div > div > p:-abp-contains(Ad |))","552906":"theexpose.in#?#.colombiaonesuccess > div:-abp-has(> div > div > a h5:-abp-contains(Ad |))","552987":"theexpose.in#?#.colombiaonesuccess > div:-abp-has(> div > div a p:-abp-contains(Ad:))","553064":"theheadline24.com#?#div:-abp-has(> .heading > span:-abp-contains(Advt.))","553128":"thenewswords.in#?#:-abp-has(> h4:-abp-contains(Advertise))","553178":"theonlinepost.in#?#div[id*=\"_O_\"] div:-abp-has(> div > div > a> div *:-abp-contains(Ad |) )","553261":"theonlinepost.in#?#div[id*=\"_O_\"] div:-abp-has(> div > div > a> div *:-abp-contains(Ad:) )","553343":"thesigmanews.com#?#div.wrapper-sticky div:-abp-has(> div.section-heading > span:-abp-contains(Advertisement))","553444":"todaynewshindi.in#?#.sidebar-widget:-abp-has(h4:-abp-contains(Ads))","553503":"ttncinema.com#?#div[id*=\"_O_\"] div:-abp-has(> div > div > a> div p:-abp-contains(AD |) )","553583":"tutyonline.net#?#.sub_new b:-abp-contains(Ads)","553626":"tv20news.in#?#p:-abp-contains(Advertisement)","553667":"twentyfournews.com#?#div:-abp-has(> span:-abp-contains(Advertisement))","553768":"unitednewskannada.com#?#.single_sidebar:-abp-has(> h2 > span:-abp-contains(advertisement))","553850":"upuklive.com#?#.colombiaonesuccess > div:-abp-has(> div > div > a span:-abp-contains(Ad |))","553933":"uthayannews.ca#?#.widget_text:-abp-has(.widget-title > span:-abp-contains(Advertising))","554012":"utkalpratidin.com#?#div[id*=\"_O_\"] div:-abp-has(> div > div > a> div *:-abp-contains(Ad |) )","554096":"utkalpratidin.com#?#div[id*=\"_O_\"] div:-abp-has(div-gpt-ad > div > div > a> div *:-abp-contains(Ad:) )","554190":"varchasvnews.com#?#.heading:-abp-has(> span:-abp-contains(Advt))","554246":"visionnewsservice.in#?#.sidebar-widget > h2:-abp-contains(Advertisement)","554315":"viznews.in#?#div:-abp-has(> .heading > span:-abp-contains(Advertisement))","554380":"yugvartanews.com#?#center:-abp-contains(ADVERTISEMENT)","554431":"yuvaharyana.com#?#div[id^=\"AS_O_LHS\"] > div:-abp-has(> div > a>div > h5:-abp-contains(Ad |))"}