{"82534":"inilah.com##.MuiStack-root:has(> span:has-text(/adv/i))","82592":"orami.co.id##.article-post #post-bottom:has(> p.text-center:has-text(/adv/i))","82672":"orami.co.id##.article-post #post-section2:has(> p.text-center:has-text(/adv/i))","82754":"orami.co.id##.article-post #post-top:has(> p.text-center:has-text(/adv/i))","84180":"besttangsel.com##.home .cb-module-block:has(> .cb-module-title:has-text(/iklan/i))","88683":"bisnisbanten.com##[class^=\"stream-item\"]:has(> span:has-text(/adv/i))","89009":"bloktuban.com##a:has(span:has-text(/iklan/i))","89618":"dardura.com##article #body-post-it > center:has-text(/adv/i)","89851":"cobisnis.com##body > div:matches-css(position: fixed):has(a > img)","90059":"koranpagionline.com##figure:has(> figcaption:has-text(/adv/i))","90194":"beritahukum.com##table:has(> tbody > tr > td.styleisikanan:has-text(/ads/i))","90867":"citizen.co.id##div:matches-css(width: 728px):matches-css(height: 90px)","101005":"jawaraspeed.com###openModal:has-text(/ads/i)","101129":"belajarmandiriyuk.com##.entry-content > div:matches-css(text-align: center):has(> p:has-text(/adv/i))","101233":"iglobalnews.co.id##.entry-content > div[class^=\"iglob-\"]:has(> div[class^=\"iglob-\"]:has-text(/adv/i))","101651":"candilkuya.com##.link-btn:has-text(/iklan/i)","101745":"s.id##.main-dashboard .w-full:has(> .right-1:has-text(/ads/i))","101873":"jobskarir.id##.tutup-iklan:upward(1)","101958":"siberkota.com##.wpb_single_image:has(> h3:has-text(Advertising))","102324":"pertamax7.com##a[target=\"_blank\"] div:matches-css(position: fixed)","102687":"ngopibareng.id##div:has(> p:has-text(/adv/i))","102735":"humaniora.id##figure:has(> a):has-text(/adv/i)","111283":"nusabali.com##.widget:has(h2:has-text(/iklan/i))","111383":"infoberita.id,meduonline.co.id##.widget:has-text(/adv/i)","111442":"annews.co.id##.widget:has-text(/sponsor/i)","129088":"beritacyber.com,dutaserviceac.com##.widget .a-wrap:has-text(/ads/i)","129158":"kompiajaib.com##.widget-wrapper .link-btn:has-text(/iklan/i)","129221":"jurnalkepri.com,prokepri.com##.widget:has-text(/adv/i)","129278":"mediawawasan.com,radarnews.id,suarakonsumenindonesia.com,timor-media.com##.widget:has-text(/iklan/i)","129381":"nawacita.co##aside .adsbygoogle:upward(.textwidget)","129435":"dutaserviceac.com##aside .widget:has(.label:has-text(/adv/i))","129499":"bangkitmedia.com##aside p:matches-css(text-align: center):has(> a > img)","129614":"gardapapua.com##aside:has-text(/adv/i)","129913":"timesindonesia.co.id###news_content > p:has-text(/adv/i)","130069":"dutaimigrasi.com,greenscene.co.id,itnesia.com,tipkerja.com,utekno.com##.adsbygoogle:upward(.code-block)","130175":"teknologital.com##.adsbygoogle:upward(.header_media_inner)","130236":"kontenjatim.com##.article-post .adsbygoogle:upward(.text-center)","130764":"hapusakun.com,iuwashplus.or.id##.code-block:has-text(/adv/i)","131044":"buruhtinta.co.id,redaksi.co.id##.entry-content .adsbygoogle:upward(center)","131121":"ayobelajarasuransi.id##.entry-content > .aligncenter:has-text(/iklan/i)","131195":"opikini.com##.entry-content div > :has-text(/adv/i)","131451":"travelingyuk.com##.main-article > div:has-text(/adv/i)","131508":"today.line.me##.midAdModule-root:has-text(/iklan/i)","131851":"chordtela.com##.post > div:matches-css(text-align: center):not(.entry-content)","132001":"inilahkoran.id##.post-content .adsbygoogle:upward(section)","132178":"safahad.my.id##.post-content > div:matches-css(text-align: center):has-text(/scroll/i)","132321":"kontras.co.id##.single-article-text > div:matches-css(text-align: center):has(> .kontr-adlabel)","132419":"garudadaily.com##.wpb_row .wpb_column > .wpb_wrapper:has(.terbaru:has-text(/adv/i))","132542":"kumparan.com##[data-qa-id*=\"mobile-article-page-\"]:has-text(/adv/i)","132612":"kumparan.com##[data-qa-id=\"desktop-article-page-below-images\"]:has(> div > span:has-text(/adv/i))","132712":"kumparan.com##[data-qa-id^=\"desktop-article-page-inline-\"]:has(> div > span:has-text(/adv/i))","132808":"genpi.co##[id^=\"div-gpt-ad-\"]:upward(.text-center)","132909":"temankreasi.com##a[href]:has(> center:has-text(/iklan/i))","132969":"bogordaily.net##article .code-block:matches-css(text-align: center):has(a[href] > img)","133167":"wowkeren.com##article div:matches-css(display: inline-block):has(> script)","133288":"uzone.id##body > .md\\:hidden:has(> div:has-text(/iklan/i))","133853":"pintartekno.id##div:has(> p:has-text(/adv/i) + .adsbygoogle)","133916":"samsungstarters.com##div:has(> small:has-text(/adv/i))","133973":"cosmopolitan.co.id,herworld.co.id,katadata.co.id##div:matches-css(text-align: center):has-text(/adv/i)","134078":"doktersehat.com##div:matches-css(text-align: center):has-text(/iklan/i)","134152":"hetanews.com##div[style^=\"position: relative;\"]:has(> div[style^=\"position: absolute;\"] > a:has-text(/iklan/i))","134423":"emka.web.id##p:has-text(/adv/i)","134523":"cubmu.com##.w-full.h-\\[549px\\]:has(> span:has-text(/adv/i))","134681":"sehatq.com##div:has([id^=\"div-gpt-ad\"]) + p:has-text(/scroll untuk/i)","134753":"sehatq.com##div:matches-css(position:absolute):matches-css(top:0px):has([id^=\"div-gpt-ad\"]):upward(1)","138961":"suara.com##div:matches-css-before(content: /Adv/)","139079":"genpi.co##article [class^=\"_popIn_\"]:has-text(/adv/i)","139135":"marketeers.com##article [class^=\"bg-gray-\"]:has-text(/adv/i)","141633":"sekedus.com##body > .main-container > div:matches-css(position: fixed):has-text(/adblock/i)","141727":"sekedus.com##body > div:matches-css(position: fixed):has-text(/adblock/i)","144699":"||googletagmanager.com/gtm.js$script,redirect=googletagmanager-gtm,domain=orami.co.id","146006":"[$path=/artikel]cermati.com##a:matches-attr(href=\"/^https?:\\/\\/promo\\./\"):has(> picture)","147238":"yummy.co.id##div:has(> button:has-text(/tutup/i)):has-text(/SCROLL UNTUK MELANJUTKAN MEMBACA/i)","147336":"yummy.co.id##div:matches-css(align-items: center):has-text(/adv/i)","150874":"bolasport.com,grid.id,gridoto.com,juara.net,kgnow.com,kompas.com,kompas.tv,motorplus-online.com,parapuan.co,tribunnews.com,tribunnewswiki.com##div:matches-css-before(content: /Adv/)","153321":"cnbcindonesia.com###balloon:matches-css(position: fixed)","153670":"cnbcindonesia.com##.detail-text > div:matches-css(margin: 24px -18px):has(> div:matches-css(background-size: 480px 600px):has(> [id^=\"div-gpt-ad-\"]))","153822":"detik.com##.detail__body-text div:matches-css(align-content: center):has(> .video > [id^=\"div-gpt-\"])","154188":"haibunda.com##.pic_artikel_sisip_table:has-text(/banner/i)","154557":"cnbcindonesia.com##div:matches-css(background-size: 728px 90px)","154623":"cnbcindonesia.com##div:matches-css(background-size: 970px 250px)","154690":"cnbcindonesia.com##div:matches-css(background-size: 970px 50px)","154756":"cnbcindonesia.com##div:matches-css(position: sticky):has(div:matches-css(background-size: 300px 250px):has(> [id^=\"div-gpt-ad-\"]))","154889":"cnbcindonesia.com##div:matches-css(position: sticky):has(div:matches-css(background-size: 300px 250px):has(> [id^=\"div-gpt-ad-\"])):upward(div[style=\"width: 100%; height:600px;\"])","156518":"bola.net,kapanlagi.com##[id^=\"div-gpt-ad\"]:upward(.dfp-bframe-cont)","157049":"inibaru.id##.adsbyadop:upward([class*=\"bg-\"])","158856":"okezone.com##[id^=\"div-gpt-ad-\"]:upward(.center-paralax)","158915":"inews.id##div:matches-css(text-align: center):has([id*=\"-StickyAd\" i])","159354":"inews.id##div:matches-css(justify-content: center):matches-css(height: 298px):has(> div[id^=\"div-gpt-ad-\"])","159464":"inews.id##div:matches-css(justify-content: center):matches-css(height: 90px):has(> div[id^=\"div-gpt-ad-\"])","161868":"jemberterkini.id##.widget:has(> .normalwidget-title:has-text(/adv/i))","162303":"bandungterkini.id,banyuwangiterkini.id,batuterkini.id,idnhits.com,indonesiaterkini.id,jatengterkini.id,jatimterkini.id,jemberterkini.id,jogjaterkini.id,kediriterkini.id,lamonganterkini.id,madiunterkini.id,malangterkini.id,nganjukterkini.id,pacitanterkini.id,pewarta.co.id,republikindonesia.net,suaranasional.id,surabayaterkini.id,tajam.net##center:has(font:has-text(/adv/i))","163360":"beritasatu.com##div:matches-css(text-align: center):has-text(/adv/i)","165700":"republika.co.id##article > div:matches-css(text-align:center):has-text(/sponsored/i)","165902":"roboguru.ruangguru.com##[class^=\"css-\"]:has(> p:has-text(/iklan/i) )","167015":"cantika.com##.card:has(> .card-header:has-text(/iklan/i))","180112":"[$path=/id]addprettysxeycop.shop,alonefairxti3cd.shop,causelandqmjx21s.shop,courtmerelye8hyz3.shop,foreignsomewhere51o5c1.shop,growthplate93iip.shop,hopestoppedrb4zkd7.shop,laterdecidel0wzya.shop,laterobserveyvhkms.shop,nearlyusy8elhs5.shop,pilotselectcqk10.shop,rbtv77.app,rbtv77.cc,rbtv77.co.id,rbtv77.com,rbtv77.com.bd,rbtv77.com.np,rbtv77.digital,rbtv77.guru,rbtv77.in,rbtv77.link,rbtv77.mobi,rbtv77.one,rbtv77.online,rbtv77.org,rbtv77.pw,rbtv77.space,rbtv77.store,rbtv77.us,rbtv77.website,rbtv77.win,rbtv77.ws,receivematterbwgbzq.shop,saymind25423.shop,simplyinteriordj28y.shop,societyrate1o9sjxc.shop,sonbesideza4wlpg.shop,successchickenxydwb6a.shop,treatedhand4c8uo.shop,unitnaturallyxk8lnq.shop,wordclimategjrts.shop##.__layout-inside div:matches-css(position: fixed):has(> img)","180901":"[$path=/id]addprettysxeycop.shop,alonefairxti3cd.shop,causelandqmjx21s.shop,courtmerelye8hyz3.shop,foreignsomewhere51o5c1.shop,growthplate93iip.shop,hopestoppedrb4zkd7.shop,laterdecidel0wzya.shop,laterobserveyvhkms.shop,nearlyusy8elhs5.shop,pilotselectcqk10.shop,rbtv77.app,rbtv77.cc,rbtv77.co.id,rbtv77.com,rbtv77.com.bd,rbtv77.com.np,rbtv77.digital,rbtv77.guru,rbtv77.in,rbtv77.link,rbtv77.mobi,rbtv77.one,rbtv77.online,rbtv77.org,rbtv77.pw,rbtv77.space,rbtv77.store,rbtv77.us,rbtv77.website,rbtv77.win,rbtv77.ws,receivematterbwgbzq.shop,saymind25423.shop,simplyinteriordj28y.shop,societyrate1o9sjxc.shop,sonbesideza4wlpg.shop,successchickenxydwb6a.shop,treatedhand4c8uo.shop,unitnaturallyxk8lnq.shop,wordclimategjrts.shop##.iframe-wrapper > iframe + div:matches-css(position: absolute):has(> img)","181703":"[$path=/id]addprettysxeycop.shop,alonefairxti3cd.shop,causelandqmjx21s.shop,courtmerelye8hyz3.shop,foreignsomewhere51o5c1.shop,growthplate93iip.shop,hopestoppedrb4zkd7.shop,laterdecidel0wzya.shop,laterobserveyvhkms.shop,nearlyusy8elhs5.shop,pilotselectcqk10.shop,rbtv77.app,rbtv77.cc,rbtv77.co.id,rbtv77.com,rbtv77.com.bd,rbtv77.com.np,rbtv77.digital,rbtv77.guru,rbtv77.in,rbtv77.link,rbtv77.mobi,rbtv77.one,rbtv77.online,rbtv77.org,rbtv77.pw,rbtv77.space,rbtv77.store,rbtv77.us,rbtv77.website,rbtv77.win,rbtv77.ws,receivematterbwgbzq.shop,saymind25423.shop,simplyinteriordj28y.shop,societyrate1o9sjxc.shop,sonbesideza4wlpg.shop,successchickenxydwb6a.shop,treatedhand4c8uo.shop,unitnaturallyxk8lnq.shop,wordclimategjrts.shop##div:matches-css(position: relative):has(> img + div:matches-css(position: absolute))","187749":"kuyhaa.org##.bs-blog-post .code-block:has(> button:has-text(/download/i))","187825":"darmediatama.com##.entry-content > .code-block > button:has-text(/download/i)","188228":"kuyhaa-me.net##.markdown.prose .center:has(> button:has-text(/download/i))","188370":"kuyhaa.id##article #download-container button:has-text(/download/i)","188531":"gigapurbalinggaa.com##article .code-block > center:has(> button:has-text(/download/i))","188620":"kuyhaacracks.com##article > .code-block:has(> button:has-text(/unduh/i))","188695":"kuyhaa.id##article center:has(.button-container > button:has-text(/download/i))","191893":"mercon.id#$?#style:has-text(::selection) { remove: true; }","203326":"123moviesmy.site##body > div:matches-css(position: fixed):has(> div:matches-css(position: relative))","205014":"animekompi.pro##body > #floatcenter:matches-css(position: fixed)","205081":"sokuja.uk##div:matches-css(position: fixed):has(> div > #countdown)","220157":"komiku.id##div:matches-css(text-align:center):has(> span:has-text(/iklan/i))","226842":"tempatwisata.pro##span:has-text(/adv/i)","241733":"dibalik.com,dimakan.com,duduk123.com,forumsemut.com,masuk123.com,semprot.com##.js-post:has-text(Banned)","242592":"dibalik.com,dimakan.com,duduk123.com,forumsemut.com,masuk123.com,semprot.com##.semprot_wizard:has-text(adblocker)","300315":"webbrowsertools.com##.card:has-text(/advertisement/i)","300371":"malaysiakini.com##.justify-center:has-text(/ads/i)"}