{"4582":"arendalstidende.no#?#.wpb_wrapper:has-text(/^An{2}onse:.*$/)","4644":"butikkoversikten.no#?#.lenkeboks:has-text(/^.*Cas\\ino.*$/i)","6267":"itavisen.no##article:has(.title:has-text(/^.*[?:;—]\\san{2}ons[eø]r?$/))","6373":"tunnelsyn.no#?#.widget_media_image:has-text(/^AN{2}ONSE.*$/)","8135":"tek.no#?#main > section > section:has-text(/^an{2}onse$/)","8768":"tungt.no#?#div.large-12.row:has-text(MASCUS)","9259":"arendalstidende.no#?#div[style^=font-size]:has-text(/^An{2}onse:.*$/)","9484":"itavisen.no#?#.item:has(.meta:has-text(/^An{2}onse$/))","10543":"tu.no,digi.no#?#article~div:has-text(/^A[n|ĳ]n\\ons/i)","10950":"fodboldspilleren.dk#?#.et_section_regular:has-text(/^.*cas\\ino.*$/i)","11485":"elbil24.no#?#.preview:has(.kicker:has-text(/^.*an{2}onse.*$/i))","11611":"sorlandsavisen.no#?#div:has(> span:has-text(Annonse))","12821":"veitingageirinn.is#?#.mvp-widget-home:has-text(/^Velun{2}arar.*$/)","13065":"gamer.no#?#.entrance:has(.entrance__mark__text:has-text(Annonse:))","14518":"baeredygtigtfiskeri.dk##section.elementor-top-section:has-text(/^.*\\s\\sAnnoncer?\\s\\s.*$/i) + section.elementor-top-section:has(.elementor-image > [loading=lazy])","14682":"baeredygtigtfiskeri.dk##section.elementor-top-section:has-text(/^.*\\s\\sAnnoncer?\\s\\s.*$/i):has(+ section.elementor-top-section .elementor-image > [loading=lazy])","14912":"fiskerforum.dk##.elementor-widget-text-editor:has-text(/^.*\\s\\sANNONCER\\s\\s.*$/)","17060":"itavisen.no#?#article:has(.title:has-text( – annonse))","18769":"united.no#?#.fl-visible-desktop-medium:has(div[class^=ann-forside]:has-text(/^.*An{2}onse:.*$/))","19374":"retrospilling.no#?#.widget:has-text(Play-Asia)","24318":"730.no#?#.g-10:has-text(Artikkelen fortsetter )","25487":"kendte.dk#?#.list-group:has-text(/^.*cas\\ino.*$/i)","26744":"glr.no#?#.bottomSmallSpaced.topMediumSpaced:has-text(/^An{2}onse.*$/)","27333":"jumpb.dk#?#strong:has-text(/^.*Cas\\ino.*$/i)","29167":"gunnarandreassen.com#?#a:has-text(/^.*[kc]as\\ino.*$/i)","31114":"leinstrand-il.no#?#.latestnews-box:has-text(/^.*cas\\ino.*$/i)","31320":"dagbladet.no#?#div[class^=css]:matches-css-before(content: \"Annonse\")","31855":"margit-henriksen.dk,thura.dk#?#.blog-post:has-text(/^.*cas\\ino.*$/i)","32283":"teknologia.no#?#.one-half:has-text(/^.*[kc]as\\ino.*$/i)","38493":"ni.dk#?#.color-scheme-1:has-text(/^.*Cas\\ino.*$/i)","38629":"bilnorge.no#?#tr:has(td:has-text(Annonse:))","40181":"itavisen.no#?#.td-c-loop-item:has(.meta-info:has-text(Annonse))","41056":"gaming.dk#?#.panel-latest-forum-threads:has-text( sponsor)","43085":"xn--bodposten-n8a.no,ranaposten.no#?#.widget-goodpress-home-block-one:has-text(Annonsørinnhold)","44028":"tek.no#?#div.clearfix.col-full-width:has-text(kommersielle partner)","44725":"pengenytt.no#?#.textwidget:has-text(Annonse)","44799":"lystfiskerguiden.dk#?#.elementor-widget-wrap > .elementor-section:has-text(REKLAMER)","46074":"utrop.no#?#.td-pb-span4:has-text(ANNONSØRINNHOLD)","48775":"ni.dk#?#.color-scheme-1:has-text(/^.*Cas\\ino.*$/i) + div","50369":"tek.no#?#article > div:has-text(/^an{2}onse$/)","57802":"tek.no#?#main > div > div:has-text(kommersielle partner)","58578":"pengenytt.no#?#.widget-title:has-text(Annonser)","62101":"tek.no#?#section:has(> div > div:has-text(/^an{2}onse$/))","62495":"padleguide.dk#?#h2:has-text(/^.*cas\\ino.*$/i)","63057":"retrospilling.no#?#.widget:has-text(Reklame)","63714":"ipmsnorge.org#?#.col-md-3 .block:has-text(ponsor)","75228":"padleguide.dk,polarmedia.dk,iphoneluppen.dk,anettelyskjaer.dk,dreampapers.dk,nemsvar.nu,cuben-linedance.dk#?#p:has-text(/^.*cas\\ino.*$/i)","75367":"dagbladet.no,elbil24.no,kk.no,seher.no,sol.no,vi.no#?#[data-cy=video-page-horisontal] > div:has-text(Annonse)","76518":"iphoneluppen.dk,anettelyskjaer.dk,dreampapers.dk,nemsvar.nu#?#h2:has(+ p:has-text(/^.*cas\\ino.*$/i))","118011":"icelandreview.com,bir.no,medier24.no,knr.gl,nutiminn.is#?#p:has-text(/^\\xA0$/)","118535":"yrkesbil.no#?#td:has-text(/^\\xA0$/):not(:has-text(/^.*\\s.*$/)):not(:has(img))","118614":"yrkesbil.no#?#tr:has-text(/^\\xA0$/):not(:has-text(/^.*\\s.*$/)):not(:has(img))","118735":"check-in.dk#?#p:has-text(/^\\xA0$/):not(:has-text(/^.*\\s.*$/)):not(:has(img))","132187":"nettavisen.no#?#.front optimus-element:has-text(Eurojackpot)","132399":"nettavisen.no#?#article[data-lp-section=sportspill]:has(.slotHeader):has-text(/^.*lot{2}o.*$/i)","134515":"politainment.no#?#.widget:has-text(Annonse)","139032":"thelocal.no,thelocal.dk#?#div > .section:has(> div[class*=-label]:has-text(Sponsored))"}