{"4730":"agroinform.hu#?#.ez-egy-dc-doboz:-abp-has(> .double_click_doboz)","42223":"5percblog.hu#?#.code-block:-abp-has(script+ins)","42267":"ado.hu#?#.whiteBox:-abp-has(.goAdverticum)","42306":"agrarszektor.hu#?#div#mymodal:-abp-has(#form-popup)","42354":"bien.hu#?#.hidden-xs:-abp-has(>.lablec_alatt)","42396":"bien.hu#?#.hidden-xs:-abp-has(>.weboldal_felett)","42441":"blikkruzs.blikk.hu#?#div:-abp-has(>div[id^=\"div-gpt-ad-\"])","42496":"bpiautosok.hu#?#.widget:-abp-has(h3w:-abp-contains(Támogatóink))","42552":"bpiautosok.hu#?#[class*=\"item_container\"]:-abp-has([class*=\"_tag\"]:-abp-contains(hirdetés))","42635":"bpiautosok.hu#?#center:-abp-has(>font)","42670":"bpiautosok.hu#?#center:-abp-has(> a[href=\"https://bpiautosok.hu/mediaajanlat\"])","42746":"bpiautosok.hu#?#center:-abp-has(> a[href=\"https://bpiautosok.hu/mediaajanlat\"]) + br","42827":"bpiautosok.hu#?#.otw-sidebar:-abp-has(a[href=\"https://bpiautosok.hu/tamogatonk-a-te-ceged-jelenj-meg-nalunk-a-youtube-on-es-a-bpiautosok-hu-n/\"])","42969":"bpiautosok.hu#?#.widget.widget_text:-abp-has(.adsbygoogle)","43024":"budapestkornyeke.hu#?#div[class*=\"widget\"]:-abp-has(>.widgettitle:-abp-contains(Állásajánlat))","43110":"budapestkornyeke.hu#?#div[class*=\"widget\"]:-abp-has(>.widgettitle:-abp-contains(Hirdetés))","43455":"cyberpress.hu#?#.sb-widget:-abp-has(>h4:-abp-contains(Hirdetés))","43511":"egeszsegkalauz.hu#?#.row:-abp-has(>#onet-ad-top)","43556":"egeszsegkalauz.hu#?#.wrapRectangle:-abp-has(>div>span:-abp-contains(Hirdetés))","43626":"egeszsegkalauz.hu#?#div.wrapRectangle:-abp-has(#ad-cikk)","43679":"femina.hu#?#.cikk-torzs [data-miniapp-id]:-abp-has(.femina-shop-ajanlo-slider-hirdetes)","43763":"femina.hu#?#.szelso-jobb > div:-abp-has(>a)","43803":"gyakorikerdesek.hu#?#td.txtcenter:-abp-has(>script+ins)","43855":"harmonikum.co#?#div:-abp-has(>.ai-attributes+script+ins)","43908":"hetek.hu#?#div.row:-abp-has(>div.ads)","43942":"hiros.hu#?#.frame:-abp-has(>span[style^=\"font-size: 11px;\"])","43999":"hu.ign.com#?#div.right-rail:-abp-has(div.ad-wrapper)","44048":"hu.ign.com#?#figure:-abp-has(a[href*=\"ignshop.hu\"])","44096":"idokep.hu#?#.ik:-abp-contains(/^[Hh]irdetés$/)","44195":"jofogas.hu#?#[style*=\"text-align: center;\"]:-abp-has(> .adverticum-label + a)","44269":"kezilabda.hu#?#div[style*=\"margin-bottom:10px\"]:-abp-has(>div:-abp-contains(HIRDETÉS))","44347":"kiszamolo.hu#?#div.ct-div-block:-abp-has(> div.ct-div-block > div.ct-text-block:-abp-contains(Hirdetés))","44443":"koroshircentrum.hu#?#div:-abp-has(>a+h6)","44480":"kosarsport.hu,hunbasket.hu#?##league-selector+.row+.row:-abp-has(.banner)","44550":"life.hu#?#.frip-inline:-abp-has([data-module-name=\"inline-article\"])","44615":"lifestory.hu#?#div.lol:-abp-has(>a[onclick=\"getValue()\"])","44669":"lifestory.hu#?#div.widget:-abp-has(>div.textwidget>p>script)","44726":"mafab.hu#?#div[class=\"container-full\"][style=\"background:#fff\"]:-abp-has(.topadv)","44804":"magyarhang.org,hang.hu#?#.mc-modal:-abp-has(iframe)","44852":"magyarhang.org,hang.hu#?#[id^=\"um-\"]:-abp-has(.fb-page.fb_iframe_widget)","44965":"najlepsie-clanky.com#?#.code-block:-abp-has(script + ins)","45019":"napjainkportal.hu#?#.code-block:-abp-has(>div+ins.adsbygoogle+script)","45085":"nlc.hu#?#.m-breakingLayer:-abp-has(a[href*=\"nlc.hu/balkonfanatik\"])","45149":"prohardver.hu,mobilarena.hu,gamepod.hu,itcafe.hu,hardverapro.hu,fototrend.hu#?#div:-abp-has(>[style*=\"calc\"])","45255":"prohardver.hu,mobilarena.hu,itcafe.hu,gamepod.hu,logout.hu,hardverapro.hu#?#div:-abp-has(>h4 + div[style*=\"calc\"])","45366":"prohardver.hu,mobilarena.hu,itcafe.hu,gamepod.hu,logout.hu#?#div#center:-abp-has(div > div > p > a[style=\"color: #b42223;\"])","45487":"prohardver.hu,hardverapro.hu#?#div[class]:-abp-has(> h4:-abp-contains(/(Hirdetés|[Hh].*i.*r.*d.*e.*t.*é.*s)/) + div[class])","45602":"szeged365.hu#?#[id^=\"tie-block\"]:-abp-has(.stream-title)","45655":"ugytudjuk.hu#?#.row:-abp-has(.mainTopBnr)","64428":"autosjog.hu#?#p + center:-abp-has(iframe[data-src*=\"facebook\"])","64488":"femina.hu#?#.cikk-torzs [data-miniapp-id]:-abp-has(.lapozgato-ajanlo)","64554":"hirado.hu#?#.hover_bkgr_fricc:-abp-has(.facebookPopupCloseButton)","64616":"infostart.hu#?##sitemodal:-abp-has(.fb-button)"}