{"19330":"24jgora.pl,24wroclaw.pl,babice24.pl,bbfan.pl,bp24.pl,brodnica-cbr.pl,ciechanowinaczej.pl,ddb24.pl,debica24.eu,dobroni.pl,e-kg.pl,e-wyszogrod.pl,egarwolin.pl,egorzow.pl,ekspresjaroslawski.pl,eprzasnysz.pl,e-sochaczew.pl,ewysmaz.pl,fakty.bialystok.pl,galopuje.pl,golub-cgd.pl,goral.info.pl,gpr24.pl,ibialoleka.pl,ibielsk.pl,ikampinos.pl,imokotow.pl,inowroclaw.info,inowroclaw.info.pl,iochota.pl,iotwock.info,ipragapoludnie.pl,iskierniewice.pl,itvpiaseczno.pl,izabelin24.pl,izoliborz.pl,izyrardow.pl,jaworzno.biz,kartuzy.info,konecki24.pl,koscierski.info,kurierbytowski.com.pl,kurierpodlaski.pl,lipno-cli.pl,lowicz24.eu,mylomza.pl,nolesnica.pl,nowawrzesnia.pl,nowinynyskie.com.pl,nswiecie.pl,nwloclawek.pl,olawa24.pl,ototorun.pl,pilaonline.pl,plonszczak.pl,poluje.pl,profitnes.pl,pulsgdanska.pl,pultusk24.pl,radomszczanska.pl,regionalna24.pl,rypin-cry.pl,sejny.net,skarzyski.eu,starachowicki.eu,sucha24.pl,szczecinek.com,szydlowiecki.eu,tp.com.pl,tudeblin.pl,tugrodzisk.pl,tulegnica.pl,turyki.pl,twojradom.pl,twojzwolen.pl,wabrzezno-cwa.pl,wabrzezno.pl,wiadomosciwedkarskie.com.pl,wideoportal.tv,wio.waw.pl,wterenie.pl,wyszogrod.pl,zambrow.org,zlotowskie.pl,zycie.pila.pl,zyciekalisza.pl#?#[class=\"grid__col grid__col--1\"]:-abp-has(>.adv)","21279":"zlotowskie.pl#?#[class=\"card  card--box\"]:not(:-abp-has([href*=\"/ligi/\"]))","26935":"7dnigryfina.pl,dgoleniowski.pl,dzienniknowogardzki.pl,dziennikstargardzki.pl#?#.wp-block-image:-abp-has(figure > [target=\"_blank\"]:not([href*=\"/dn-wzp\"]) + hr) + hr","27096":"7dnigryfina.pl,dgoleniowski.pl,dzienniknowogardzki.pl,dziennikstargardzki.pl#?#.wp-block-image:-abp-has([href*=\"/a896x480\"], [src*=\"/a896x480\"]) + hr","27242":"7dnigryfina.pl,dgoleniowski.pl,dzienniknowogardzki.pl,dziennikstargardzki.pl#?#.wp-block-image:-abp-has([href*=\"/zdjecie2\"], [src*=\"/zdjecie2\"]) + hr","27388":"7dnigryfina.pl,dgoleniowski.pl,dzienniknowogardzki.pl,dziennikstargardzki.pl#?#.wp-block-image:-abp-has([href*=\"/DEMOKRcja\"], [src*=\"/DEMOKRcja\"]) + hr","27536":"7dnigryfina.pl,dgoleniowski.pl,dzienniknowogardzki.pl,dziennikstargardzki.pl#?#.wp-block-image:-abp-has([href*=\"/1440x1152\"], [src*=\"/1440x1152\"]) + hr","27684":"7dnigryfina.pl,dgoleniowski.pl,dzienniknowogardzki.pl,dziennikstargardzki.pl#?#.wp-block-image:-abp-has([href*=\"/JARMARK-pomzach\"], [src*=\"/JARMARK-pomzach\"]) + hr","27844":"7dnigryfina.pl,dgoleniowski.pl,dzienniknowogardzki.pl,dziennikstargardzki.pl#?#.wp-block-image:-abp-has([href*=\"/pz_1920x1080a-WWW\"], [src*=\"/pz_1920x1080a-WWW\"]) + hr","28008":"7dnigryfina.pl,dgoleniowski.pl,dzienniknowogardzki.pl,dziennikstargardzki.pl#?#.wp-block-image:-abp-has([href*=\"/spolecznik-zajawka\"], [src*=\"/spolecznik-zajawka\"]) + hr","28174":"7dnigryfina.pl,dgoleniowski.pl,dzienniknowogardzki.pl,dziennikstargardzki.pl#?#.wp-block-image:-abp-has([href*=\"/Oferta-do-gazety-Gol\"], [src*=\"/Oferta-do-gazety-Gol\"]) + hr","28344":"7dnigryfina.pl,dgoleniowski.pl,dzienniknowogardzki.pl,dziennikstargardzki.pl#?#.wp-block-image:-abp-has([src*=\"/zdjecie-na-www-i-jednoczesnie-zajawka-obrazowa-na-stronie-glownej\"]) + hr","28526":"7dnigryfina.pl,dgoleniowski.pl,dzienniknowogardzki.pl,dziennikstargardzki.pl#?#.wp-block-image:-abp-has([href*=\"/zdjecie-na-www-i-jednoczesnie-zajawka-obrazowa-na-stronie-glownej\"]) + hr","28709":"7dnigryfina.pl,dgoleniowski.pl,dzienniknowogardzki.pl,dziennikstargardzki.pl#?#.wp-block-image:-abp-has([title^=\"„Z Credit Agricole mniej plastiku na twoim koncie”\"]) + hr","32479":"antyfake.pl,biznesinfo.pl,domekiogrodek.pl,goniec.pl,kobieta.swiatgwiazd.pl,lelum.pl,pacjenci.pl,portalparentingowy.pl,rolnikinfo.pl,rozrywka.goniec.pl,rozrywka.lelum.pl,smakosze.pl,sport.goniec.pl,swiatgwiazd.pl,swiatzwierzat.pl,tech.biznesinfo.pl,turysci.pl,wiadomosci.goniec.pl#?#.w-full > .items-center[style*=\"min-height:\"]:-abp-has(> .ad-placeholder)","35829":"badaniaprenatalne.pl#?#.part-sidebar > .widget:-abp-contains(REKLAMA)","36251":"bankier.pl#?#.boxContent > ul > li[class^=\"item-\"]:-abp-has(.premium-link)","38204":"bezuzyteczna.pl#?#section:-abp-has(script + div[id^=\"crt\"][style])","38642":"bielskirynek.pl#?#.sppb-addon-content > .sppb-addon-title:-abp-contains(reklama)","39210":"bielsko.info,czecho.pl,pless.pl,tychy.info#?#body > .page > main > .small.pasek-gray:-abp-contains(Reklama)","43448":"bolec.info#?#.bbbb > div > div > div:-abp-contains(reklama)","43504":"bolec.info#?#.bbbb:-abp-has([data-original*=\"/pictures/informacje/\"])","43570":"bolec.info#?#.bottom:nth-of-type(20) > .bbbb:-abp-contains(reklama)","43634":"bolec.info#?#.bottom:nth-of-type(n+5):nth-of-type(-n+6) > .bbbb:-abp-contains(reklama)","44255":"booklips.pl#?#.widget_custom_html:-abp-contains(Patron)","44466":"braclowiecka.pl#?##sidebar > div.widget > h3:-abp-contains(Reklama)","45403":"budnet.pl#?#tr:-abp-has(.post_adv)","49908":"chomikuj.pl#?##InboxTable > tbody > tr:-abp-has(> td > .spons)","52770":"crafted.pl#?#.ipsComment.ipsBox.cPost:-abp-has(.cAuthorPane_info > li:-abp-contains(/^Reklama$/))","54471":"cypr24.eu#?#.elementor-widget-wrap:-abp-has(h6:-abp-contains(REKLAMA))","54761":"czaskultury.pl#?#div.row > .col-md-12 > .line-header > span:-abp-contains(Reklama)","56392":"dbpolska.net#?#.conntent > center:-abp-contains(Reklama)","58092":"defence24.pl,energetyka24.com,infosecurity24.pl#?#section.section:nth-of-type(-n+2):-abp-has(> div > .adv)","58195":"defence24.pl,defence24.com#?#section.section:nth-of-type(-n+2):-abp-has(> div > div > .adv)","64165":"e-hotelarz.pl#?#.row > center, div.row > .col-md-4.col-sm-12 > .text-center, div.row > .col-md-4.col-sm-12 > div.pws-box-title:-abp-contains(Reklama)","65652":"ebarlinek.pl#?#.col-md-4 > div.margin-bottom-sm.margin-top-sm > div:-abp-contains(Reklama)","65739":"ebarlinek.pl#?#.margin-bottom-xs.margin-top-xs > div:-abp-contains(Reklama)","65811":"ebarlinek.pl#?#.margin-bottom-md.margin-top-md > div:-abp-contains(R EK L A M A)","69674":"elektroda.pl#?#.topic-lists > li[id] > .topic-box > .position-relative:-abp-has(> .sec-b > div > ins.adsbygoogle)","69784":"elektroda.pl#?#.topic-lists > li[id] > .topic-box > .position-relative:-abp-has(> .sec-b > div[id^=\"div-gpt-ad\"])","69894":"elektroda.pl#?#a.button_open[href=\"/rtvforum/companyabout.php\"]:-abp-contains(Zamieść Reklamę)","69985":"elektroda.pl#?#.the-post-list > ul > li[class^=\"clearfix \"]:-abp-has(:scope > a[href][target=\"_blank\"][onclick*=\"'Banner\"])","70212":"elektroda.pl#?#.the-list > li[class^=\"clearfix \"]:-abp-has(:scope > a[href][target=\"_blank\"][onclick*=\"'Navibox', 'Click', '\"])","70336":"elektroda.pl#?#.the-content > div[class] > div:-abp-has(:scope >form[action^=\"https://www.tme.eu/pl/katalog/\"][target=\"_blank\"])","70461":"elektroda.pl#?#.the-content > div[class] > div:-abp-has(:scope >a[href^=\"http://www.biall.com.pl/sklep.html\"][target=\"_blank\"])","70585":"elektroda.pl#?#.the-content > div[class] > div:-abp-has(:scope >a[href][target=\"_blank\"][onclick*=\"'Patron', 'Click Button'\"])","70708":"elektroda.pl#?#.ad-resize.container > div[id][style^=\"min-width: \"]:-abp-has( > .text-center > [id^=\"div-gpt-ad-\"])","70820":"elektroda.pl#?#[class*=\"col-\"][style^=\"min-height:\"]:-abp-has(div[id^=\"div-gpt-ad-\"], .text-center)","73319":"epainfo.pl#?#.block-title > span:-abp-contains(/R(EKLAMA|eklama)/)","75191":"esporter.pl,interia.pl,pomponik.pl,styl.pl#?#div[style*=\"sticky\"]:-abp-has(a[target=\"_blank\"][onclick*=\"'polsat'\"])","76869":"expresskaszubski.pl#?#.title > span:-abp-contains(REKLAMA)","76969":"express-miejski.pl,emka.news#?#div[class] > .small:-abp-contains(REKLAMA)","80244":"flarrow.pl#?#.td_block_wrap:-abp-has(.td-pulldown-size:-abp-contains(Reklama))","84081":"forum.pasja-informatyki.pl#?#.qa-widget-side:-abp-has(.adsbygoogle)","84145":"forum.pasja-informatyki.pl#?#div[style^=\"width:728\"]:-abp-has(> a[target=\"_blank\"] > img)","86625":"gazeta-mlawska.pl#?#div.clear.box_tekstowy_mainpage > h3:-abp-contains(Reklama)","87537":"gazetabilgoraj.pl#?#.vc_row-has-fill.vc_row-fluid.wpb_row.vc_row.row:-abp-has(img[width=\"350\"][height=\"250\"][src*=\"-350x250.\"])","91514":"gismeteo.pl#?#.layout > div.side > div.side__i:-abp-has(> div > div.ad)","91582":"gismeteo.pl#?#.column-wrap > div[class^=\"wrap_small __frame\"] > div.media_frame:-abp-has(> .media_content > .adsbygoogle)","92228":"glogow-info.pl,glogow.info.pl#?#.contentpaneopen:-abp-contains(Reklama)","92296":"glogow-info.pl,glogow.info.pl#?#.module:-abp-contains(Reklama)","93026":"gloszabrza24.pl#?#div.moduletable:-abp-contains(REKLAMA)","95712":"gorzow.news#?#p.tdm-descr:-abp-contains(― reklama ―)","97674":"grodzisknews.pl#?#.rek_wew:not(:-abp-has(>.center))","99461":"gtaforum.pl#?#center:-abp-has(> .adsbygoogle)","100366":"halogorlice.info#?#.sppb-addon-title:-abp-contains(reklama)","100422":"halogorlice.info#?#p:-abp-contains(reklama)","107638":"interia.pl,pomponik.pl,styl.pl#?#div[style*=\"sticky\"]:-abp-has(> .boxHeader ~ a[href][target=\"_blank\"][onclick*=\"'polsat'\"])","115906":"katowice24.info#?#.inner:-abp-contains(/reklama/i)","117904":"komputerowapasja.pl#?#.et_pb_section_6:-abp-contains(Reklamy Google)","117969":"komputerowapasja.pl#?#.et_pb_text_8:-abp-contains(Twoja reklama)","119075":"korsokolbuszowskie.pl#?#div.widget.row > .widget-custom.text-center:-abp-has(> div:-abp-contains(/Reklama/i))","120816":"kreskowki.tv#?#div.panel-default.panel:nth-of-type(2):-abp-has(script[src^=\"//adsearch.adkontekst.pl\"])","126050":"lebork24.info#?#span:-abp-contains(reklama)","128964":"lokalna.info#?#.td_block_single_image:-abp-has(>[style*=\"scaled\"])","133087":"lwowek24.pl#?#.elementor-widget-wrap.elementor-element-populated:-abp-has(>div>div>center)","135001":"matematyka.pisz.pl#?##obrazekOpis > div[style^=\"width:\"][style*=\"height:\"]:not([class]):not([id]):-abp-has(> div[style] > .adsbygoogle)","135133":"matematyka.pisz.pl#?##poprawejTekst > div[style^=\"width:\"][style*=\"height:\"]:not([class]):not([id]):-abp-has(> .adsbygoogle)","136702":"mecze24.pl#?#div[class^=\"m\"].module > div:-abp-contains(REKLAMA)","137200":"meczewinternecie.pl#?#figcaption:-abp-contains(STS kod promocyjny)","138921":"menworld.pl#?#h4.top-widget-title:-abp-contains(Reklama)","141549":"milmag.pl#?#div.home-intro__grid-tile:-abp-has(> .ad)","142063":"milanos.pl#?#.post:-abp-contains(reklama)","142777":"mlawa.fora.pl#?#table.forumline > tbody > tr:-abp-has(a[href^=\"http://www.mlawa.fora.pl/reklama\"])","144028":"mobileclick.pl#?#[id^=\"text-\"]:-abp-has(.widget-title:-abp-contains(Reklama))","144097":"mobileclick.pl#?#.post > .entry-content > h4:-abp-contains(Reklama)","144687":"moj.tauron.pl#?#div.ebok-pop-up:-abp-has([title^=\"Zyskaj dotację do 4000\" i][title*=\"fotowolt\" i])","149856":"naekranie.pl#?#body > div[class][style*=\"position: fixed\"]:-abp-has(.yt-player, video)","151454":"naszamlawa.pl#?#.td-pulldown-size:-abp-contains(R E K L A M A)","152484":"naszemiasto.pl#?#.componentsArticleContent hr:-abp-has(~ h3 > a[href*=\"ceneo.pl\"])","152563":"naszemiasto.pl#?#.componentsArticleContent hr:-abp-has(~ p strong:-abp-contains(doskonałe))","152646":"naszemiasto.pl#?#.componentsArticleContent hr ~ p:-abp-has(strong:-abp-contains(doskonałe))","152729":"naszemiasto.pl#?#.componentsArticleContent ul:-abp-has(a[href*=\"ceneo.pl\"])","153160":"naszraciborz.pl,naszwodzislaw.com#?#.grey:-abp-has(>.site_ad)","154695":"nhl.pl#?#.ipbtable:-abp-has(div[align=\"center\"] > script[src^=\"//nhlpl.engine.adglare.org\"])","155252":"niebezpiecznik.pl#?#div[style=\"width:300px;float:left;\"] ~ p:first-of-type:-abp-contains(/^$/)","158095":"nowy-sacz.info#?##main > div:nth-child(2):-abp-contains(reklama)","159645":"oddslivesport.com#?#.tab-content div[class] > center > fieldset:-abp-has(> a[target=\"_blank\"])","161073":"oknonet.pl#?#.left-zobacz:-abp-has(a[href^=\"/openurl.php\"])","163314":"optyczne.pl#?#center:-abp-has(script)","163391":"originals24.pl#?#table > tbody > tr > td > font:-abp-contains(Reklama)","165158":"payu.com#?#.status > .main > p:-abp-has(+ a[href^=\"https://ad.doubleclick.net/\"])","169002":"poczta.interia.pl#?##wrapper > .maximized-wrapper:-abp-has(.premium-account-promotion-new)","169089":"poczta.interia.pl#?##wrapper > .maximized-wrapper:-abp-has(.premium-account-promotion)","169200":"poczta.interia.pl#?#.border:-abp-has(+ .ad-box)","174727":"portal.librus.pl#?##synergiaLogin + div[class]:-abp-has(picture > source[srcset*=\"librus\"] ~ img[src*=\"librus\"])","175213":"portalplock.pl#?#h6:-abp-contains(Reklama)","179154":"profilki.pl#?#div.centering.tile:-abp-has(.adsbygoogle)","182492":"przyslijprzepis.pl#?#body > p:-abp-contains(REKLAMA)","195149":"rodzice.pl#?#[id^=\"text-\"]:-abp-has(.adsbygoogle)","199708":"sjp.pwn.pl#?#.col-wrapper > div:nth-of-type(1):-abp-has(> div:nth-of-type(2):-abp-contains(Sponsorowane))","199805":"sjp.pwn.pl#?#.col-wrapper > div:nth-of-type(12):-abp-has(> .banner)","205618":"spidersweb.pl#?#.sidebar-panel:-abp-has(center:only-child script:-abp-contains(googletag.cmd.push))","207553":"starosadeckie.info#?#.entry-content > p:-abp-contains(Reklama)","208432":"stoczniowcy.pl#?#a:-abp-has([src^=\"img/reklama_\"])","208639":"stooq.com#?##f13 > table:-abp-has(#f13 > a[href^=\"//stooq.com/ads/\"])","208705":"stooq.com#?##f13 > table:-abp-has(#f13 > b:-abp-contains(Artykuł Sponsorowany))","208776":"stooq.com#?#table:-abp-has(:scope > tbody > tr > td > #aswift_1_expand)","209000":"stooq.pl#?##f13 > table:-abp-has(#f13 > a[href^=\"//stooq.pl/ads/\"])","209064":"stooq.pl#?##f13 > table:-abp-has(#f13 > b:-abp-contains(Artykuł Sponsorowany))","209134":"stooq.pl#?#table:-abp-has(:scope > tbody > tr > td > #aswift_1_expand)","209574":"stooq.pl,stooq.com#?#table[border=\"0\"][cellpadding=\"0\"][cellspacing=\"0\"]:not([width]):-abp-has([id=\"ads_goog_1\"])","211139":"super-nowa.pl#?#.col-lg-12 > .row > .col-lg-9:-abp-contains(r e k l a m a)","211210":"super-nowa.pl#?#div.row > div.col-md-6:-abp-contains(reklama)","213830":"szczebrzeszyn.info#?#.u-text-grey-30:-abp-contains(/REKLAMA|CZYTAJ TAKŻE/)","218609":"telewizjazary.pl#?#.jeg_block_heading:-abp-has(>h3>span:-abp-contains(Reklama))","220427":"tkn24.pl#?#font:-abp-contains(REKLAMA)","229889":"tygodnik.szczytno.pl#?#p:-abp-contains(Reklama)","232013":"voltahorse.pl#?#th:-abp-contains(REKLAMA)","235918":"wiadomoscihandlowe.pl,wiadomoscikosmetyczne.pl#?#div[class*=\"position_\"]:-abp-has(> div[id*=\"gpt-ad\"])","236923":"wielkahistoria.pl#?##custom_html-5:-abp-has(.adsbygoogle)","237131":"wiesci.info.pl#?#h4:-abp-contains(REKLAMA)","237170":"wiesci.com.pl#?#aside:-abp-has(> h4 > span:-abp-contains(REKLAMA))","240132":"wp.pl#?#[class^=\"_\"]:-abp-has(>img[src*=\".wp.pl\"])","241470":"wydarzenia.interia.pl,sport.interia.pl#?#div[class*=\" \"]:-abp-has( > [data-iwa-viewability-name] > .ad)","242620":"www.bankier.pl#?#li.m-home-link-list__item:-abp-contains(/reklama/)","249250":"www.se.pl#?#.article__placement:-abp-has(> div[class^=\"zpr_m_inside\"])","252114":"wylecz.to#?#.row div[class][style*=\"border-bottom:\"][style*=\"max-height:\"]:-abp-has(:scope > div[style]:-abp-contains(REKLAMA))","253776":"zomato.com#?#.ad-banner-text:-abp-contains(Ad)","255459":"zegocina.in#?#.wpb_wrapper .td_block_template_1:-abp-contains(Reklama)","257323":"zwa24.pl#?#[class^=\"elementor-heading-title\"]:-abp-contains(Reklama)","298974":"wykop.pl#?#div.r-block:-abp-has(:scope > .baner-mobile)","299026":"wykop.pl#?#div.r-block:-abp-has(:scope > [id^=bmone2n-])","299282":"wykop.pl#?#li.link:-abp-has(.adsbygoogle)","299320":"wykop.pl#?#li.link:-abp-has(a[href*='wykop.pl/market'])","299372":"wykop.pl#?#li.link:-abp-has(a[href*='wykop.pl/paylink'])","299425":"wykop.pl#?#li.link:-abp-has(a[href*='wykop.pl/reklama'])","299561":"wykop.pl#?#.r-block:-abp-has(a[href*=\"wykop.pl/tracker\"])","309963":"kuchnia.wp.pl#?#body > div:-abp-has( > div > a[href])","310203":"o2.pl#?#div[class][style=\"width:100%\"] > div[class*=\" \"]:-abp-has(:scope > img[role=\"presentation\"]:not([src]))","310823":"pogoda.wp.pl#?#.narrow.grid-right > div:nth-of-type(1):-abp-has(div:empty)","310894":"pogoda.wp.pl#?#.desktop > div[class*=\" \"]:-abp-has(div)","311281":"ranking.abczdrowie.pl#?#div[class]:-abp-has(>div>iframe)","312258":"autocentrum.pl,autokult.pl,dobreprogramy.pl,fotoblogia.pl,gadzetomania.pl,genialne.pl,komorkomania.pl,polygamia.pl,pysznosci.pl,tech.wp.pl#?#[role=\"listitem\"]:-abp-has(span:-abp-contains(REKLAMA))","312446":"dom.wp.pl,facet.wp.pl,film.wp.pl,finanse.wp.pl,gry.wp.pl,gwiazdy.wp.pl,kobieta.wp.pl,ksiazki.wp.pl,kuchnia.wp.pl,moto.wp.pl,opinie.wp.pl,tech.wp.pl,teleshow.wp.pl,turystyka.wp.pl,wawalove.wp.pl,wiadomosci.wp.pl,wroclaw.wp.pl#?#div[class*=\" \"]:-abp-has(>div[class]:first-child:empty+img[src*=\"://v.wpimg.pl/\"][alt]:empty)","313148":"fitness.wp.pl#?#div:-abp-has(>[src^=\"https://i.wpimg.pl/100x0/m.autokult.pl/\"])","313224":"fitness.wp.pl#?#.grid-item:-abp-has(>span:-abp-contains(REKLAMA))","313477":"parenting.pl#?#[class$=\"grid__box \"]:-abp-has(>div>span:-abp-contains(Reklama))","314595":"~www.wp.pl,wp.pl,sportowefakty.wp.pl#?#div[class*=\" \"]:-abp-has(>div[class*=\" \"] > [class^=\"__bc_layer\"])","314890":"tv.wp.pl#?#div[class*=\" \"][height]:-abp-has(> img[src^=\"https://v.wpimg.pl/\"][src$=\"==\"]:not([alt]))","315430":"wiadomosci.wp.pl#?#[role=\"listitem\"]:-abp-has(a + div:-abp-contains(REKLAMA))","316214":"www.wp.pl#?#div[class^=\"sc-\"]:-abp-has(> img[src=\"//v.wpimg.pl/LTc0NzY1JT1MBXgCbQRjPU1HPlQpXWM1TFlhCS1WYyQIVmEYPh88OgQ=/\"])","316334":"www.wp.pl#?#div[class*=\" \"]:-abp-has(> img[src$=\"/i.wp.pl/a/i/stg/pkf/bg.png\"])","316410":"www.wp.pl#?#div[class*=\" \"]:not([id],[style],[data-st-area],[data-section]):-abp-has(>script:-abp-contains(undefined,))","316521":"www.dobreprogramy.pl#?#article > .hint:-abp-has(a[href$=\"/Czyszczenie-systemu-z-niechcianego-oprogramowania,News,61336.html\"])","317117":"fitness.wp.pl#?#.article-wrapper.wizard-body > div:not([class*=\"-\"]):-abp-has(> img[src^=\"https://i.wpimg.pl/100x0/m.autokult.pl/\"])","317246":"wideo.wp.pl#?#header + div + style + div:-abp-has(>[src=\"https://std.wpcdn.pl/images/adv/placeholder_wp.svg\"])","317353":"wideo.wp.pl#?#header + style + div:-abp-has(>[src=\"https://std.wpcdn.pl/images/adv/placeholder_wp.svg\"])","319370":"money.pl#?#section + div:-abp-has(>style)","319408":"money.pl#?#[id=\"header\"] + div + div:-abp-has(>style)","319458":"money.pl#?##app > div[class^=\"sc-\"] > div[class]:not([class*=\" \"]):-abp-has(:scope > div[class*=\" \"]:only-child > img[src^=\"https://v.wpimg.pl/\"][src$=\"==\"][alt])","319617":"money.pl#?#div:-abp-has(>[src^=\"https://v.wpimg.pl/\"]:not([alt],[loading]))","320230":"www.money.pl#?#.article__content>div[class*=\" \"]:-abp-has(div>div>div:-abp-contains(REKLAMA))","320315":"www.money.pl#?#main > div:first-child:-abp-has(img[src^=\"https://v.wpimg.pl/\"][loading=\"lazy\"])","320407":"money.pl,pudelek.pl,wideo.wp.pl#?#[data-st-area=\"list-recommended4you-MainColumn\"] > div > div:-abp-contains(/REKLAMA/i)","320644":"money.pl,moneyv.wp.pl#?#div[class^=\"sc-\"]:-abp-has(> img[src=\"https://i.wpimg.pl/O/56x45/i.wp.pl/a/i/stg/pkf/bg.png\"])","320759":"money.pl,wp.pl#?#div[class]:-abp-has(>div[class]:first-child:-abp-contains(REKLAMA):not(:-abp-has(>*)))","324417":"bajeczki.org#?#div.site-content:-abp-has(> div[id^=\"videojs-remote\"])","328749":"rydzyna24.pl#?#h2:-abp-contains(Reklama)","329477":"tapeciarnia.pl#?#.thumb td:-abp-contains(REKLAMA)","329523":"tapeciarnia.pl#?#td > div:-abp-contains(REKLAMA)","334212":"www.dobreprogramy.pl#?#div.collection:-abp-contains(Edycja wideo dla ambitnych)","340410":"stooq.com,stooq.pl##table[border=\"0\"][cellpadding=\"0\"][cellspacing=\"0\"]:not([width])[-ext-has='[id=\"ads_goog_1\"]']","340520":"stooq.com,stooq.pl##td[align=\"center\"] > [id]:contains(REKLAMA)","340919":"bankier.pl##.boxContent > ul > li[class^=\"item-\"][-ext-has=\".premium-link\"]","341439":"originals24.pl##table > tbody > tr > td > font:contains(Reklama)","343048":"www.dobreprogramy.pl##article[itemprop=\"review\"] > div[id]:matches-css-after(content: /przy|pomocy|Asystenta|pobierania/)","344446":"pogoda.wp.pl##.grid-right > div:matches-css(background-image: /data:image\\/png;base64,/)","344537":"pogoda.wp.pl##.grid-right > div > div:matches-css(background-image: /data:image\\/png;base64,/)","344634":"money.pl,moneyv.wp.pl###app > div[data-reactroot] > div[class]:matches-css(background-image: /v\\.wpimg\\.pl\\/MjAxOTA/)","344754":"www.money.pl###app > div > div:matches-css(background-image: /^url\\(\"https:\\/\\/v\\.wpimg\\.pl/)","345602":"stooq.pl,stooq.com##:xpath(//*[@align=\"center\"]/*[@id][contains(text(),\"REKLAMA\")])","350091":"pl##li > div[id*=\"taboola\"]:upward(li)","350158":"encyklopedia.pwn.pl##div[style*=\"font-size\"]:upward(div[class*=\"col\"])","350364":"filmy69.pl##li.videoblock script[src^=\"https://a.realsrv.com/\"]:upward(li)","350441":"filmy69.pl##li.videoblock iframe[id][src*=\"/www/delivery/\"]:upward(li)"}